1125,Παντ. Δεληγιαννίδης,false,false,false,,false
1126,Ηλ. Παπαδόπουλςο,false,false,false,,false
1127,Μ. Grever - απόδοση στα ελλην. Πωλ Μενεστρέλ,false,false,false,,false
1128,Γιώ. Ασλάνογλου,false,false,false,,false
1129,F. Bracardi - απόδοση στα ελλην. Αθ. Τσόγκας,false,false,false,,false
1130,Μιχ. Καψής,false,false,false,,false
1131,Τάκης Μιχαλάκης,false,false,false,,false
1132,"Κ. Δετζώρτζης, Γιά. Παπαδόπουλος",false,false,false,,false
1133,P. Barbarin,false,false,false,,false
1134,Ζακυνθινάκης,false,false,false,,false
1135,Τάσος Βουγιατζής (Tasos),false,false,false,,false
1136,Παύλος Ροδινός,false,false,false,,false
1137,Ν. Βαξεβανόπουλος,false,false,false,,false
1138,Τάσος Μαστοράκης,false,false,false,,false
1139,Μάνος Αναγνώστου,false,false,false,,false
1140,Ανδ. Ζαφειρίου,false,false,false,,false
1141,Γιώ. Νάκος,false,false,false,,false
1142,Alexander,false,false,false,,false
1143,Τ. Αναστασίου,false,false,false,,false
1144,Ελ. Μωραΐτου (Περιστέρης),false,false,false,,false
1145,"Desage, Bruhn",false,false,false,,false
1146,"Στέφ. Νικίδης, Σ. Μιχαλόπουλος",false,false,false,,false
1147,Περπινιάδης,false,false,false,,false
1148,Γιά. Σαρίδης,false,false,false,,false
1149,Άγγ. Αττικός,false,false,false,,false
1150,Π. Καλαϊτζίδης,false,false,false,,false
1151,Ανδρ. Κυβέλος,false,false,false,,false
1152,Β. Χατζηγιάννης,false,false,false,,false
1153,Χρ. Κεμανετζίδης,false,false,false,,false
1154,G. and M. De Angelis,false,false,false,,false
1155,"Lary Russel, Paul Les",false,false,false,,false
1156,Αχ. Κουλαξίζης (Λάζ. Κουλαξίζης),false,false,false,,false
1157,Φώτης Μεσθεναίος,false,false,false,,false
1158,Ν. Σκέμπρης (Ν. Λαβράνος),false,false,false,,false
1159,Σόλων Χατζησολωμού,false,false,false,,false
1160,Αρίσταρχος Δημητρίου,false,false,false,,false
1161,Γιά. Παλιολόγου,false,false,false,,false
1162,Βύρων Μακρίδης,false,false,false,,false
1163,Kal Mann,false,false,false,,false
1164,Γιώ. Μπραχόπουλος,false,false,false,,false
1165,Λεων. Μαλένης,false,false,false,,false
1166,M. Chalkitis,false,false,false,,false
1167,Christian Bensch - απόδοση στα ελλην. Σέβη Τηλιακού,false,false,false,,false
1168,Τάκης Μωράκης,false,false,false,,false
1169,Ε. Γρυπάρης,false,false,false,,false
1170,Θεοχ. Παντίδης,false,false,false,,false
1171,Κ. Καραγιάννης,false,false,false,,false
1172,Μ. Ιακωβίδης,false,false,false,,false
1173,Λ. Σάβου,false,false,false,,false
1174,Α. Πουλημένος,false,false,false,,false
1175,Δημ. Λιπέτρης,false,false,false,,false
1176,José Manuel Juan Sentis - απόδοση στα ελλην. Πολ Μενεστρέλ,false,false,false,,false
1177,Θέμης Ρούσσος,false,false,false,,false
1178,Ι. Θ. Δημητριάδης,false,false,false,,false
1179,Μεν. Θεοφανίδης,false,false,false,,false
1180,C. Shefneed,false,false,false,,false
1181,Μ. Ξυδούς,false,false,false,,false
1182,Κ. Καρράς ;,false,false,false,,false
1183,Λάκ. Αλεξάνδρου,false,false,false,,false
1184,Άντζυ Σαμίου,false,false,false,,false
1185,"Νικολόπουλος, Ηλ. Μεγαλούδης",false,false,false,,false
1186,Σαρ. Μπελούσης,false,false,false,,false
1187,"Polydori, Capototsi, Arentiflori - απόδοση στα ελλην. Α. Τσόγκας",false,false,false,,false
1188,Ricardo Ceratto,false,false,false,,false
1189,Αντ. Βαμβακάρης (Μάρκος),false,false,false,,false
1190,Χρ. Λουρετζής,false,false,false,,false
1191,Γιώ. Κρητικός,false,false,false,,false
1192,Λέανδρος Κοκόρης,false,false,false,,false
1193,Γ. Μακαρούνας,false,false,false,,false
1194,Γ. Μπέκας,false,false,false,,false
1195,Ξένο,false,false,false,,false
1196,Σ. Μάγερ,false,false,false,,false
1197,Στραύρος Κάξος,false,false,false,,false
1198,Κ. Βέργος,false,false,false,,false
1199,Κ. Λειβαδάς,false,false,false,,false
1200,Τάσος Μαργέτης,false,false,false,,false
1201,Λ. Δ. Νικολαΐδης,false,false,false,,false
1202,Α. Ματθαίος,false,false,false,,false
1203,Γιά. Δαμιανάκης,false,false,false,,false
1204,Γ. Οικονομίδης,false,false,false,,false
1205,Ιωάν Βέλλας,false,false,false,,false
1206,Μπακάλης ή Ν. Τσιμαχίδης ή Κ. Ρώτας,false,false,false,,false
1207,Γεράσιμος Φρεν,false,false,false,,false
1208,"Παν. Μιχαλόπουλος, Γιά. Καπλάνογλου",false,false,false,,false
1209,Μ. Παπόγλου,false,false,false,,false
1210,Τίτος Αινείας,false,false,false,,false
1211,Πετσάς (Κοφινιώτης ;),false,false,false,,false
1212,Παπάζογλου,false,false,false,,false
1213,Σταμ. Μεσημέρης,false,false,false,,false
1214,Άρης Μπέλλος,false,false,false,,false
1215,J. Kosma - απόδοση στα ελλην. Steve Bartseris,false,false,false,,false
1216,Μαν. Ανδρεόπουλος,false,false,false,,false
1217,Μαίρη Σωτηρίου,false,false,false,,false
1218,Στάθης Τομπούλης,false,false,false,,false
1219,Γ. Παρωτίδης,false,false,false,,false
1220,Δημ. Βαρσ;;; ή Τίνο Ανδροκλής ;,false,false,false,,false
1221,Παύλος Χαρτουμαντσίδης,false,false,false,,false
1222,Κολοκοτρώνης (Χρυσίνης ;),false,false,false,,false
1223,Γιά. Νεγρεπόντης,false,false,false,,false
1224,Σπ. Εξαρχάκος,false,false,false,,false
1225,στίχοι από την Οδύσσεια,false,false,false,,false
1226,Δανάη,false,false,false,,false
1227,Τώνης Στρατής,false,false,false,,false
1228,Βασ. Χαμηλοθώρης,false,false,false,,false
1229,Κ. Κουκούλης,false,false,false,,false
1230,Χ. & Π. Κατσιμίχα,false,false,false,,false
1231,Θόδ. Τσιρώνης,false,false,false,,false
1232,Γιώ. Κοντογιώργος,false,false,false,,false
1233,Victor Jara,false,false,false,,false
1234,Don Bucky,false,false,false,,false
1235,Ν. Σαριδάκης (Μαύρος),false,false,false,,false
1236,Σαράντος Αλιβιζάτος,false,false,false,,false
1237,Ι. Χατζιδάκης,false,false,false,,false
1238,Κρίσις (Δημ. Μπόσκος),false,false,false,,false
1239,Κ. Παντίδης,false,false,false,,false
1240,Τζικ Ναγκασιάν,false,false,false,,false
1241,Christie,false,false,false,,false
1242,Μαν. Μπαρμπεράκης,false,false,false,,false
1243,Κάβουρας,false,false,false,,false
1244,Κ. Παπαδημητρίου,false,false,false,,false
1245,G. F. Reververi - απόδοση στα ελλην. Ν. Μαστοράκης,false,false,false,,false
1246,Κλειώ Ανδρειακοπούλου,false,false,false,,false
1247,Νίκος Πάνος,false,false,false,,false
1248,Α. Δασκαλόπουλος,false,false,false,,false
1249,Μιχ. Πολυχρονάκης,false,false,false,,false
1250,Stevie Winwood,false,false,false,,false
1251,Mann,false,false,false,,false
1252,Σωτ. Οικονομόπουλος,false,false,false,,false
1253,Αρμάος,false,false,false,,false
1254,Ηρ. Παπασιδέρης ή Μουφλουζέλης,false,false,false,,false
1255,Laing - απόδοση στα ελλην. Τ. Αντωνιάδης,false,false,false,,false
1256,Δημ. Κυρτσίδης,false,false,false,,false
1257,"Μάνεσης, Κρέων Ρηγόπουλος",false,false,false,,false
1258,Απ. Κανάλης,false,false,false,,false
1259,"Παν. Μιχαλόπουλος, Βαγγ. Δρυγιανάκης",false,false,false,,false
1260,Γ. Τσακασιάνος,false,false,false,,false
1261,Γιώ. Καψοκοίλης,false,false,false,,false
1262,παραδοσαικό,false,false,false,,false
1263,Bancompagni - απόδοση στα ελλην. Ρέτη Ζαλοκώστα,false,false,false,,false
1264,"Αντ. Πλωμαρίτης, Πύρπασος",false,false,false,,false
1265,Ηλ. Πολυδώρου,false,false,false,,false
1266,Ιωάν. Μπερνιδάκης (Μπαξεβάνης),false,false,false,,false
1267,Γιώ. Ασημακόπουλος,false,false,false,,false
1268,Δ. Κάκος,false,false,false,,false
1269,J. Dermarny,false,false,false,,false
1270,R. Stolz,false,false,false,,false
1271,"Χρ. Γιαννακόπουλος, Γιώ. Ασημακόπουλος",false,false,false,,false
1272,Κ. Λογοθετίδης,false,false,false,,false
1273,Θωμάς Μοσχόπουλος,false,false,false,,false
1274,Ν. Ιασωνίδης,false,false,false,,false
1275,Κωστής Παπασταματίου,false,false,false,,false
1276,T. S. Eliot,false,false,false,,false
1277,Ι. Λεωτσάκος,false,false,false,,false
1278,Τσιτσάνης (Κολοκοτρώνης),false,false,false,,false
1279,Σάκης Παπανικολάου,false,false,false,,false
1280,Σταύρος Ρουχωτάς,false,false,false,,false
1281,H. W. Casey,false,false,false,,false
1282,Κ. Γκίκας,false,false,false,,false
1283,Κ. Τσακατσάκης,false,false,false,,false
1284,Μιχ. Αντωνιάδης,false,false,false,,false
1285,Ζαφειρίου,false,false,false,,false
1286,Ι. Κοζαντζάς,false,false,false,,false
1287,Λ. Καρβούνης,false,false,false,,false
1288,Ξενάκης,false,false,false,,false
1289,Θ. Κρυστάλλης,false,false,false,,false
1290,Β. Παπαβασιλείου,false,false,false,,false
1291,Μπέλλος,false,false,false,,false
1292,Κούλης Σκαρπέλης,false,false,false,,false
1293,Γιά. Σταματάκης,false,false,false,,false
1294,Κ. Γκρίζαλης ;,false,false,false,,false
1295,Beretta,false,false,false,,false
1296,Γραμμ. Θεοδωροπούλου,false,false,false,,false
1297,Μ. Σωτηρίου,false,false,false,,false
1298,Ανθ. Μπουζάνη,false,false,false,,false
1299,Ρένα Ψαρά,false,false,false,,false
1300,"Άρης Τασούλης, Σταύρος Λογαρίδης",false,false,false,,false
1301,Witly Rozier - απόδοση στα ελλην. Γιώ. Παπαστεφάνου,false,false,false,,false
1302,Στεφ. Κιουπρούλης,false,false,false,,false
1303,Α. Αθανασίου,false,false,false,,false
1304,Κ. Γεωργουσόπουλου,false,false,false,,false
1305,Γιώ. Καφετζόπουλος,false,false,false,,false
1306,Γιά. Δραγάτσης (Ογδοντάκης) (Μ. Μάτσας ;),false,false,false,,false
1307,Δ. Ντούμας,false,false,false,,false
1308,συνδετικά κείμενα Πάνος Θεοδωρίδης,false,false,false,,false
1309,Ελ. Μωραΐτου (Μ. Μάτσας),false,false,false,,false
1310,Ν. (Βαγγ.) Παπάζογλου,false,false,false,,false
1311,Λευτ. Κωνσταντινίδης,false,false,false,,false
1312,Ι. Τάχτας,false,false,false,,false
1313,"Αρλέτα, Brewis",false,false,false,,false
1314,Cole Porter,false,false,false,,false
1315,Δημ. Λειβαδίτης,false,false,false,,false
1316,Λένα Στρογγυλού,false,false,false,,false
1317,D. Modugnoi,false,false,false,,false
1318,Γιώ. Μανίκας,false,false,false,,false
1319,παραδοσιακό βλάχικο,false,false,false,,false
1320,Αντ. Δασκαλάκης,false,false,false,,false
1321,Μ. Μαρτίνος,false,false,false,,false
1322,Στ. Μίνωος ;,false,false,false,,false
1323,"Γιά. Κακουλίδης, Χάρρυ Κλύνν",false,false,false,,false
1324,Marie-Ange Chapelain,false,false,false,,false
1325,Γιώ. Παπανδρέου ;,false,false,false,,false
1326,Βασ. Ζαλιμίδης ;,false,false,false,,false
1327,Γκούτης ή Ρεπάνης,false,false,false,,false
1328,Ζαμπέτας (Μητσάκης),false,false,false,,false
1329,παραδοσιακό Ισπανίας - διασκευή Νταλάρας,false,false,false,,false
1330,Mario Panzeri,false,false,false,,false
1331,Ηλ. Ωρολογάς,false,false,false,,false
1332,"Γ. Νάκος, Οδ. Χατζηλιάς",false,false,false,,false
1333,Polluk-Αντωνόπουλος,false,false,false,,false
1334,"Ι. Φερμάνογλου, Φ. Μιχαλάτος",false,false,false,,false
1335,Κ. Τσάντες,false,false,false,,false
1336,Sergio Enrico,false,false,false,,false
1337,Γ. Αρσενίδης,false,false,false,,false
1338,Κ. Ποντίκας,false,false,false,,false
1339,Γιά. Κοντός,false,false,false,,false
1340,Άγγελ. Σφακιανάκης,false,false,false,,false
1341,Λήδα Χαλκιαδάκη,false,false,false,,false
1342,Singleton,false,false,false,,false
1343,Ελ. Χατζηιορδάνου ;,false,false,false,,false
1344,Juan Mostazo,false,false,false,,false
1345,W. Shanklin,false,false,false,,false
1346,José Manuel Juan Sentis,false,false,false,,false
1347,"R. Carlos, Ecarlos",false,false,false,,false
1348,Αρίας,false,false,false,,false
1349,Nino Rota - διασκευή Ν. Δανίκας,false,false,false,,false
1350,Ευάγγ. Πιτσιλαδής,false,false,false,,false
1351,"Lines Zames, Bady Pepper",false,false,false,,false
1352,Γιά. Δημητράς,false,false,false,,false
1353,Γιά. Σκρήνης,false,false,false,,false
1354,Ν. Σκευάκης,false,false,false,,false
1355,Λευτ. Γαβαλάς,false,false,false,,false
1356,Τ. Χαλκιάς ;,false,false,false,,false
1357,"P. Kartner, P. Delende",false,false,false,,false
1358,"Γιώ. Δημάκης, Σωτ. Οικονομόπουλος",false,false,false,,false
1359,Στέλλα Καλαβίτη,false,false,false,,false
1360,Ν. Παρασκευόπουλος,false,false,false,,false
1114,"",false,false,false,,false
1361,Armani Abderahmane - απόδοση στα ελλην. Μιχ. Γκανάς,false,false,false,,false
1362,Ραμόν Γκρέκο,false,false,false,,false
1363,Ν. Σταυρακάκης,false,false,false,,false
1364,Νίκι Γιάκοβλεφ,false,false,false,,false
1365,J. Padilla,false,false,false,,false
1366,Μ. Βαμβακάρης,false,false,false,,false
1367,Roan,false,false,false,,false
1368,Βασ. Χριστόπουλος,false,false,false,,false
1369,Kobi Oshart,false,false,false,,false
1370,Klaudia Deumer,false,false,false,,false
1371,Χιώτης (Παπαγιαννοπούλου),false,false,false,,false
1372,"Άννα Μπιθικώτση, Βασ. Μαστροκώστας",false,false,false,,false
1373,Horacio Gemignani Pettorossi,false,false,false,,false
1374,Κ. Ναύτης,false,false,false,,false
1375,Τσιτσάνης (Ηλ. Κωνσταντόπουλος),false,false,false,,false
1376,"Γ. Λογοθέτης, Γαλάτια Τσώτα",false,false,false,,false
1377,Ν. Χαντζής,false,false,false,,false
1378,Π. Σμυρναίος,false,false,false,,false
1379,Παρασκ. Πολίτου,false,false,false,,false
1380,Τόλης Χάρμα (Λίτσα Χάρμα),false,false,false,,false
1381,Ναπολέων Σαδεδίν,false,false,false,,false
1382,Ν. Γούναρης (Μάρκος),false,false,false,,false
1383,Νεόφυτος Ταλιώτης,false,false,false,,false
1384,Μικρούτσικος,false,false,false,,false
1385,Β. Μελωδός,false,false,false,,false
1386,Τάκης Πασβάντης,false,false,false,,false
1387,Agustin Lara,false,false,false,,false
1388,Irving Berlin,false,false,false,,false
1389,Παν. Ηγούμενος,false,false,false,,false
1390,Χρυσίνης (Κολοκοτρώνης),false,false,false,,false
1391,Κορίνα,false,false,false,,false
1392,Ν. Κιούσης (Κ. Κοφινιώτης),false,false,false,,false
1393,Αλ. Αγγελόπουλος,false,false,false,,false
1394,Κυρ. Μαυρέας,false,false,false,,false
1395,Γ. Πρωτοπαππάς,false,false,false,,false
1396,Τόνη Τσουκαλά,false,false,false,,false
1397,Χρ. Πιτίρης,false,false,false,,false
1398,Μπάμπης Φωτιάδης,false,false,false,,false
1399,Ν. Τσαγκρής,false,false,false,,false
1400,Στέλλα Χελάντερ,false,false,false,,false
1401,Γ. Γερασιμίδης,false,false,false,,false
1402,Camillo Blanes,false,false,false,,false
1403,Θάνος Τσόγκας,false,false,false,,false
1404,Άννα Χρυσάφη,false,false,false,,false
1405,Θόδ. Σαπίδης,false,false,false,,false
1406,Ζαχαρόπουλος,false,false,false,,false
1407,Κ. Κορδάλις,false,false,false,,false
1408,Eugene Record - απόδοση στα ελλην. Γιά. Πετρίτσης,false,false,false,,false
1409,L. Magni,false,false,false,,false
1410,Άγγ. Μαρτζάκλης,false,false,false,,false
1411,Α. Μπαρμπέρης,false,false,false,,false
1412,Χ. Ατσίγγανος,false,false,false,,false
1413,Μπέλλου (Ροβερτάκης ;),false,false,false,,false
1414,Γ. Μουτζουρίδης (Χατζιδάκις),false,false,false,,false
1415,Καπλάνης (Παπαγιαννοπούλου ;),false,false,false,,false
1416,Φατμέ,false,false,false,,false
1417,Ανδρέας Ανδρέου,false,false,false,,false
1418,Γιώ. Σκλάβος,false,false,false,,false
1419,Γιώ. Γαϊτάνος,false,false,false,,false
1420,Ε. Λεγάκη,false,false,false,,false
1421,Ορφέας Καραβίας,false,false,false,,false
1422,Γιά. Σκαλίδης,false,false,false,,false
1423,"Ηλ. Περγαντής, Κ. Πολίτης",false,false,false,,false
1424,Γιώ.Λεκάκης,false,false,false,,false
1425,Γ. Αρχόντης,false,false,false,,false
1426,Κ. Χατζής,false,false,false,,false
1427,Κολοκοτρώνης (Ατταλίδης ;),false,false,false,,false
1428,J. Baselli - απόδοση στα ελλην. Λ. Παπαδόπουλος,false,false,false,,false
1429,Χαράλ. Μαργετουσάκης,false,false,false,,false
1430,Μαραβέλης,false,false,false,,false
1431,Κ. Ντουρουντζής,false,false,false,,false
1432,Γαβαλάς (Μεϊμάρης),false,false,false,,false
1433,Ν. Τσακνής,false,false,false,,false
1434,Χριστ. Κροκίδης,false,false,false,,false
1435,Γιώ. Χριστόπουλος,false,false,false,,false
1436,Χατζηνάσιου,false,false,false,,false
1437,Farid El Atrache,false,false,false,,false
1438,Άνθος Ροδίνης,false,false,false,,false
1439,Γιά. Ζαχαρόπουλος,false,false,false,,false
1440,Δημ. Καραηλίας,false,false,false,,false
1441,Ντίνος Χολέβας,false,false,false,,false
1442,Α. Αραπάκης,false,false,false,,false
1443,Γιά. Δεσύπρης,false,false,false,,false
1444,Τ(άσος ;). Τσιρμπίνος,false,false,false,,false
1445,Χριστόφ. Γερμένης,false,false,false,,false
1446,Τ. Γκοσιόπουλος,false,false,false,,false
1447,Ν. Μαρκαριάδης,false,false,false,,false
1448,Ηλ. Καλλιντήρης,false,false,false,,false
1449,Κ. Φαλτάιτς,false,false,false,,false
1450,A. Barrier - απόδοση στα ελλην. Πυθαγόρα,false,false,false,,false
1451,Απ.Μπόνης,false,false,false,,false
1452,Ουρανία Λιανδράκη,false,false,false,,false
1453,Κ. Χατζηγιάννης,false,false,false,,false
1454,Δ. Πικριδάς,false,false,false,,false
1455,παραδοσιακό Μακεδονίας,false,false,false,,false
1456,Βασ. Ρουμελιώτης,false,false,false,,false
1457,Γκοιύτης,false,false,false,,false
1458,Λίτσα Χάρμα,false,false,false,,false
1459,Βασ. Ζάρπας,false,false,false,,false
1460,Στ. Σωτηρίου,false,false,false,,false
1461,"Συνεργάτης Χωρίς Όνομα (Ν. Νικολαρέας, Δημ. Φραγκιουδάκης) ;",false,false,false,,false
1462,Σπ. Καπώνης,false,false,false,,false
1463,Don Alfonso,false,false,false,,false
1464,Νάντια Κωνσταντοπούλου (Τ. Μωράκης ;),false,false,false,,false
1465,Σπάρτακος,false,false,false,,false
1466,"K. Munro, I. Desco",false,false,false,,false
1467,Σπ. Καλφόπουλος ή Γιά. Βέλλας ;,false,false,false,,false
1468,Δημ. Μπουρούνης,false,false,false,,false
1469,"Γιά. Παπαδόπουλος, Χ. Βασιλειάδης",false,false,false,,false
1470,Μ. Κουρτίδης,false,false,false,,false
1471,Παύλος Γαλακτερός,false,false,false,,false
1472,Ιωάν. Βρεττός,false,false,false,,false
1473,λαϊκό τραγούδι,false,false,false,,false
1474,Γιώ. Σαντοριναίος,false,false,false,,false
1475,Savio Ambrosino - απόδοση στα ελλην. Νότης Κύτταρης,false,false,false,,false
1476,PABLO NERUDA - απόδοση στα ελλην. Λ. Παπαδόπουλος,false,false,false,,false
1477,Αλ. Σολωμός,false,false,false,,false
1478,Emmerich Kálmán - απόδοση στα ελλην. άγνωστος,false,false,false,,false
1479,Π. Καπλάνογλου,false,false,false,,false
1480,Αργ. Παπαγεωργίου,false,false,false,,false
1481,Κ. Λαβίδας (Κολοκοτρώνης),false,false,false,,false
1482,Σ. Σιδεράς,false,false,false,,false
1483,Βασ. Κελαϊδής,false,false,false,,false
1484,Οδυσ. Τσάκαλος,false,false,false,,false
1485,Τ. Αγριανίτης,false,false,false,,false
1486,Γκούβερης ή Μάνεσης,false,false,false,,false
1487,Παν. Κοκοντίνης,false,false,false,,false
1488,A. Ugurlu,false,false,false,,false
1489,Γ. Νάκος,false,false,false,,false
1490,Θ. Μπουτάκογλου,false,false,false,,false
1491,Σταύρος Παζαρέντζης,false,false,false,,false
1492,"Beretta, Monolgi - απόδοση στα ελλην. Κύτταρης",false,false,false,,false
1493,Σταύρ. Ζούμπας,false,false,false,,false
1494,Γιά. Λεμπέσης,false,false,false,,false
1495,"Άγγ. Σκορδίλης, Ό. Κυρκόπουλος",false,false,false,,false
1496,Στράτος,false,false,false,,false
1497,Απ. Μαρδάς,false,false,false,,false
1498,Ζοζέφ,false,false,false,,false
1499,Ορφέας Περίδης,false,false,false,,false
1500,Βίρβος (Δερβενιώτης),false,false,false,,false
1501,Πηγή Καφετζοπούλου,false,false,false,,false
1502,Χρυσίνης (Κολοκοτρώνης ;),false,false,false,,false
1503,Σ. Ιωάννου,false,false,false,,false
1504,Ξενοφών Μπρουτζάκης,false,false,false,,false
1505,Θαν. Καργίδης,false,false,false,,false
1506,Ασίκης (Μ. Μάτσας),false,false,false,,false
1507,Φωτεινή Δούρου,false,false,false,,false
1508,Ν. Κασσίτας,false,false,false,,false
1509,παιδικό,false,false,false,,false
1510,παραδοσιακό Μ. Ασίας,false,false,false,,false
1511,Απ. Χρυσούλης,false,false,false,,false
1512,Σαρ. Σαλέας,false,false,false,,false
1513,G. Giomarelli,false,false,false,,false
1514,Sigmund Romberg - απόδοση στα ελλην. Μίµης Γαϊτάνος,false,false,false,,false
1515,Θ. Κολοκοτρώνης (Δερβενιώτης),false,false,false,,false
1516,Τεύκρος Ανθίας (Ανδρέας Παύλου),false,false,false,,false
1517,Γιώ. Δασκαλόπουλος,false,false,false,,false
1518,παραδοσιακού Κύπρου,false,false,false,,false
1519,"Βασ. Κλουβάτος, Βαγγ. Κονιτόπουλος",false,false,false,,false
1520,Ευάγγ. Δεληγιάννης,false,false,false,,false
1521,Kenny Young - απόδοση στα ελλην. Ρέτη Ζαλοκώστα,false,false,false,,false
1522,Πέτρος Ηλιόπουλος,false,false,false,,false
1523,Αριστ. Τριανταφυλλίδης,false,false,false,,false
1524,Γιώ. Μπουλιέρης,false,false,false,,false
1525,Κουγιουμτζόπουλος,false,false,false,,false
1526,Τσιτσάνης (Μουρκάκος),false,false,false,,false
1527,Μπέλλου ή Καραμπεσίνης ;,false,false,false,,false
1528,"











Αθ. Αθανασίου",false,false,false,,false
1529,Περιστέρη (Μάρκος),false,false,false,,false
1530,Bill,false,false,false,,false
1531,Μαρίνος Γαβριήλ (Μαρινάκης),false,false,false,,false
1532,Ηλ.  Λυμπερόπουλος,false,false,false,,false
1533,Κ. Ιωαννίδης,false,false,false,,false
1534,Ν. Ζέρβας,false,false,false,,false
1535,Bobby Mc Ferrin,false,false,false,,false
1536,"Θωμάς Μοσχόπουλος, Ξένια Καλογεροπούλου",false,false,false,,false
1537,Κατίνα Τσακίρη,false,false,false,,false
1538,Ζαφ. Παπαδόπουλος,false,false,false,,false
1539,Δ. Παπανικολάου,false,false,false,,false
1540,"Carrera, Carlos, Daniele Pace",false,false,false,,false
1541,Antonio Amurri,false,false,false,,false
1542,Γιώ. Βρούβας ;,false,false,false,,false
1543,Λυκ. Μαρκέας (Θάνος Σοφός),false,false,false,,false
1544,Τώνης Βαβάτσικος,false,false,false,,false
1545,D. Modugno,false,false,false,,false
1546,Τάκης Παναγόπουλος,false,false,false,,false
1547,Κ. Σαλής,false,false,false,,false
1548,S. Gambardella-ελληνικοί στίχοι Ξεν. Α. Μπρουντζάκης,false,false,false,,false
1549,Ρουμελιώτης,false,false,false,,false
1550,Κ. Γανωσέλλης,false,false,false,,false
1551,Β. Τζίκας,false,false,false,,false
1552,Μαρκάκης,false,false,false,,false
1553,"Κασιμάτης, Μάτσας",false,false,false,,false
1554,Αλ. Παπδημητρίου,false,false,false,,false
1555,Μίμης Σιδέρης,false,false,false,,false
1556,Πάν. Λειβαδάρος (Καλδάρας ;),false,false,false,,false
1557,Τσιτσάνης (Παπαγιαννοπούλου),false,false,false,,false
1558,Ζαμπέτας (Βίρβος),false,false,false,,false
1559,Ι. Σιδηρόπουλος,false,false,false,,false
1560,Μαρία Κωνσταντινίδου,false,false,false,,false
1561,Σοφία Βέμπο (Γιώ. Μουζάκης),false,false,false,,false
1562,Vera Matson,false,false,false,,false
1563,Σάκης Καπίρης,false,false,false,,false
1564,Ν. Τρομάρας,false,false,false,,false
1565,G. Gershwin,false,false,false,,false
1566,"Κ. Σούκας, Κ. Σκαφίδας",false,false,false,,false
1567,παραδοσιακό (διασκευή Παντ. Καβακόπουλος),false,false,false,,false
1568,PLJ,false,false,false,,false
1569,Βασ Μπατζής,false,false,false,,false
1570,Γ. Ροζάκος,false,false,false,,false
1571,Ν. Βίλλας,false,false,false,,false
1572,Ν. Ζαχαριάς,false,false,false,,false
1573,Βαγγ. Παπαλεξανδρής,false,false,false,,false
1574,Tommy Roe-Dizzy - απόδοση στα ελλην. Α. Π.,false,false,false,,false
1575,Χριστίνα Ντουβή,false,false,false,,false
1576,Δημ. Λέντζος,false,false,false,,false
1577,Lara Augustin,false,false,false,,false
1578,Χ. Μπουτσελάκης,false,false,false,,false
1579,Paone,false,false,false,,false
1580,"Παπαγιαννοπούλου, Γιώ. Οικονομίδης",false,false,false,,false
1581,Άκης Μανησαλής,false,false,false,,false
1582,Π. Βολάρης,false,false,false,,false
1583,Κ. Γιατρόπουλος,false,false,false,,false
1584,Καπλάνης (Παπαγιαννοπούλου),false,false,false,,false
1585,Γ. Χατζησπύρος,false,false,false,,false
1586,Περ. Χαρβάς,false,false,false,,false
1587,Τ. Χρυσοχοΐδης,false,false,false,,false
1588,Σπ. Λύρας,false,false,false,,false
1589,S. Bono,false,false,false,,false
1590,Ξεν. Σπουργίτη,false,false,false,,false
1591,"Γιώ. Μπούρας, Δημ. Πολίτης",false,false,false,,false
1592,Κ. Καρυστινός,false,false,false,,false
1593,Κ. Κατσιμίχας,false,false,false,,false
1594,Ν. Ράρας,false,false,false,,false
1595,Χρ. Τσαγκαρόπουλος,false,false,false,,false
1596,Θ. Σακελλαρίδης,false,false,false,,false
1597,Βασ. Δαναός,false,false,false,,false
1598,Δ. Δούκαρης,false,false,false,,false
1599,"Ι. Λιμπέρης, Α. Αξαρλής",false,false,false,,false
1600,Στ. Παντελίδης,false,false,false,,false
1601,Β. Σπανάκακης,false,false,false,,false
1602,Κ. Μονογυιός,false,false,false,,false
1603,Δ. Μητσοτάκης,false,false,false,,false
1604,Ed. Lucchina,false,false,false,,false
1605,Φωτ. Κυριακού,false,false,false,,false
1606,Μαρινέλλα,false,false,false,,false
1607,Π. Κοκοντίνης,false,false,false,,false
1608,Σάκης Μπουλάς,false,false,false,,false
1609,Σίμων Καρακάσης,false,false,false,,false
1610,Hρ. Παπασιδέρης,false,false,false,,false
1611,Άννα Αργυρού,false,false,false,,false
1612,"Μάριος Πανάς, Klaus Munro",false,false,false,,false
1613,Ηλ. Μεγαλούδης,false,false,false,,false
1614,Βαγγ. Φάμπας,false,false,false,,false
1615,Π. Μαρίνος,false,false,false,,false
1616,Μαίρης Τσιχλάκης,false,false,false,,false
1617,"Νικήτας Κλιντ, Άρης Ζαράκας",false,false,false,,false
1618,Γιώ. Δημητριάδης,false,false,false,,false
1619,Γαϊτάνος,false,false,false,,false
1620,Μιχ. Καραγιαννίδης,false,false,false,,false
1621,Σταύρος Μπουρελάκος,false,false,false,,false
1622,"Χρυσοβέργης, Ειρήνη Χρυσοβέργη",false,false,false,,false
1623,Άρης Τασούλης,false,false,false,,false
1624,Φ. Μαραθωνίτης,false,false,false,,false
1625,Γιά. Δερμιτζάκης (Δερμιτζογιάννης),false,false,false,,false
1626,Τώνης Μαρούδας (Παπαγιαννοπούλου),false,false,false,,false
1627,A. Walker,false,false,false,,false
1628,Ανώνυμου Ιταλού συνθέτης της Αναγέννησης - διασκευή Κ. Βόμβολος,false,false,false,,false
1629,G. Calabreze,false,false,false,,false
1630,Μπάτης,false,false,false,,false
1631,G. Rafferty - απόδοση στα ελλην.  Ν. Ελληναίος,false,false,false,,false
1632,Μάριος,false,false,false,,false
1633,Γιώ. Βασιλειάδης,false,false,false,,false
1634,Θύμ. Στουραϊτης,false,false,false,,false
1635,"Μηνάς Πορτοκάλλης, Νταλγκάς",false,false,false,,false
1636,Γιώ. Μπίλλης,false,false,false,,false
1637,Αντ. Βαρδής,false,false,false,,false
1638,Migliassi,false,false,false,,false
1639,Κώστας Σαλέας,false,false,false,,false
1640,Francesco Migliacci,false,false,false,,false
1641,Γιά. Γιοκαρίνης,false,false,false,,false
1642,Ηλ. Ηλιόπουλος,false,false,false,,false
1643,Wailiace,false,false,false,,false
1644,Π. Τσουμπρής,false,false,false,,false
1645,Ριτσιαρδής,false,false,false,,false
1646,"Νάνσυ Κανέλλη, Ξένια Δικαίου",false,false,false,,false
1647,διασκευή Παν. Τσαμπουνάρας,false,false,false,,false
1648,Γιά. Γκόβαρης,false,false,false,,false
1649,Γιώ. Μαρκαντώνης,false,false,false,,false
1650,παραδοσιακό Συρίας (Δ. Γιαλαμάς),false,false,false,,false
1651,"Μίμ. Τραϊφόρος, Ναπ. Ελευθερίου",false,false,false,,false
1652,Καζαντζίδης (Ατταλίδης),false,false,false,,false
1653,Γ. Δημητρόπουλος,false,false,false,,false
1654,Γιώ. Χατζηνάσιος,false,false,false,,false
1655,Βαγγ. Κουκουλάρης,false,false,false,,false
1656,Tony Warren,false,false,false,,false
1657,Στ. Πολυκρέτης,false,false,false,,false
1658,Κ. Ερνάνης,false,false,false,,false
1659,Εύα Παπαδοπούλου,false,false,false,,false
1660,Προσαρογή στίχων Ανδ. Νεοφυτίδης,false,false,false,,false
1661,Sebastian Walton,false,false,false,,false
1662,Βασ. Λεμπέσης,false,false,false,,false
1663,Πάνος Παπαχριστόπουλος,false,false,false,,false
1664,Ιωσήφ Μπενάκης,false,false,false,,false
1665,Δημ. Πρασίδης,false,false,false,,false
1666,Andrew Lloyd Webber,false,false,false,,false
1667,Tony Pinelli,false,false,false,,false
1668,Κ. Παππάς,false,false,false,,false
1669,Χ. Λουπάκης,false,false,false,,false
1670,Τ. Κουτσοθανάσης,false,false,false,,false
1671,"Δημ. Πουλικάκος, Κ. Δουκάκης",false,false,false,,false
1672,Γιώ. Ακριτίδης,false,false,false,,false
1673,Ατταλίδης (Βίρβος ;),false,false,false,,false
1674,Γιά. Αργυρίου,false,false,false,,false
1675,Γιώ. Καρακασίδης,false,false,false,,false
1676,Πωλ Μενεστρέλ,false,false,false,,false
1677,Ευάγγ. Ζαραλής,false,false,false,,false
1678,"Λ. Παπαγεωργίου, Λευτ. Κογκαλίδης",false,false,false,,false
1679,Στ. Τζίγκος,false,false,false,,false
1680,Ά. Δασκαλόποπυλος,false,false,false,,false
1681,Θ. Μπορομπόκας,false,false,false,,false
1682,Δ. Καψύλης,false,false,false,,false
1683,The Blue Birds (Γιώ. Πετρίδης / Γιά. Ψιμόπουλος),false,false,false,,false
1684,Γιώ. Σαΐτης,false,false,false,,false
1685,"Παν. Μιχαλόπουλος, Άγγ. Μαρτζάκλης",false,false,false,,false
1686,Ι. Μαρίνος,false,false,false,,false
1687,"Χ. Βασιλειάδης, Τ. Μαστοράκης",false,false,false,,false
1688,Γ. Έξαρχος,false,false,false,,false
1689, Θεόφρ. Σακελλαρίδης,false,false,false,,false
1690,Χάλαρης,false,false,false,,false
1691,Πάνος Θεοφίλου,false,false,false,,false
1692,R. Argent,false,false,false,,false
1693,"S. Anderson, B. Ulvaens - απόδοση στα ελλην. Σ. Τηλιακού",false,false,false,,false
1694,Μαν. Μελαμιώτης,false,false,false,,false
1695,Θοδ. Γραμμένος,false,false,false,,false
1696,Αν. Ζέρβας,false,false,false,,false
1697,Δ. Δερβισόπουλος,false,false,false,,false
1698,B. Brect - απόδοση στα ελλην. Π. Μάτεσης,false,false,false,,false
1699,Αντύπας,false,false,false,,false
1700,Ιωάν. Παπαδόπουλος,false,false,false,,false
1701,Παν. Παναγιωτίδης,false,false,false,,false
1702,Θαν. Παπακωνσταντίνου,false,false,false,,false
1703,Δερβενιώτης (Ηρ. Παπασιδέρης ;),false,false,false,,false
1704,Ε. Τσαγκάρης,false,false,false,,false
1705,Φ. Γκόνης,false,false,false,,false
1706,Μήτσος Σταυρακάκης,false,false,false,,false
1707,Κ. Κρητικάρης,false,false,false,,false
1708,"F. Pruvost, J. Padilla",false,false,false,,false
1709,"Κ. Λειβαδάς, Σταύρος Λογαρίδης",false,false,false,,false
1710,Δερβενιώτης,false,false,false,,false
1711,Ναπ. ελευθερίου,false,false,false,,false
1712,Ηρ. Πασχαλίδης,false,false,false,,false
1713,Χρύσανθος Μουζακίτης,false,false,false,,false
1714,Δ. Ιωαννίδης,false,false,false,,false
1715,Μπ. Μπερκέτης,false,false,false,,false
1716,Γιά. Κουφαλιτάκης,false,false,false,,false
1717,Ν. Θεοδοσίου ή Ευάγγ. Γρυπάρης,false,false,false,,false
1718,Ηλ. Καρυαμπάς,false,false,false,,false
1719,Καρβέλλας,false,false,false,,false
1720,Γιά. Κέρπελης,false,false,false,,false
1721,Τάσο Οικονόμου,false,false,false,,false
1722,B. Mendi,false,false,false,,false
1723,Ανδρομάχη Πετροπουλέα,false,false,false,,false
1724,Βασ. Γρηγορίου,false,false,false,,false
1725,"Φίλ. Γράψας, Θαν. Καργίδης",false,false,false,,false
1726,Π. Γιαννακός ;,false,false,false,,false
1727,Μπ. Μπαλτόπουλος (Μαρκάκης),false,false,false,,false
1728,Κ. Μπουτάκης,false,false,false,,false
1729,Παναγιώτης Ρωμιός,false,false,false,,false
1730,Τζίκας,false,false,false,,false
1731,Παντ. Καβακόπουλος,false,false,false,,false
1732,Ernesto De Curtis - απόδοση στα ελλην. Μπάμπης Άννινος - Γιώ. Τσοκόπουλος,false,false,false,,false
1733,Μαν. Μπουγαδάκης,false,false,false,,false
1734,"Νίντα Κανάκη, Χαρ. Βασιλειάδης",false,false,false,,false
1735,Αιμ. Σαββίδης,false,false,false,,false
1736,Λ. Στάθης,false,false,false,,false
1737,"Γενίτσαρης, Χιώτης",false,false,false,,false
1738,Neil Diamond,false,false,false,,false
1739,Νεοκλής Σγούρας,false,false,false,,false
1740,Λάκ. Φλώρος,false,false,false,,false
1741,Mick Jager,false,false,false,,false
1742,Κόκοτας,false,false,false,,false
1743,Γιά. Ζακούλης,false,false,false,,false
1744,Γιώ. Αδαμαντίδης,false,false,false,,false
1745,Μ. Δημητρίου,false,false,false,,false
1746,Γιώ. Γραμμόζης,false,false,false,,false
1747,Βαγγ. Ανδριάς (Ναύτης),false,false,false,,false
1748,Λευτ. Ψιλόπουλος και Τ. Σούκας,false,false,false,,false
1749,Πλούταρχος Ρεμπούτσικας,false,false,false,,false
1750,Σωτ. Γαβαλάς,false,false,false,,false
1751,Κ. Καπνίδης,false,false,false,,false
1752,Δημ. Μόρφης,false,false,false,,false
1753,Πάν. Κοκοντίνης,false,false,false,,false
1754,Όλγα Παππά,false,false,false,,false
1755,Γεωργακοπούλου,false,false,false,,false
1756,Λ. Κέκεσης,false,false,false,,false
1757,"Τ. Αγριανίτης, Σ. Κρεμμύδας",false,false,false,,false
1758,Ιωάν. Σαρίδης,false,false,false,,false
1759,Λεόνα Πόπη,false,false,false,,false
1760,Καλφόπουλος ή Μπουρνέλης ;,false,false,false,,false
1761,Χρ. Γιαννόπουλος,false,false,false,,false
1762,Αναστ. Χαλκιάς,false,false,false,,false
1763,Χριστίνα Ταμβάκη (Τσάντας ;),false,false,false,,false
1764,Μπάμπης Τρικαλινός (Μπακάλης),false,false,false,,false
1765,Λουκίλα Καρέρ,false,false,false,,false
1766,Γιώ. Σαλαμπάσης,false,false,false,,false
1767,Μάκης Σεβίλογλου,false,false,false,,false
1768,Μπάμπης Κεμανετζίδης,false,false,false,,false
1769,Δ. Καραβάς,false,false,false,,false
1770,Μάριος Τουτουτζής,false,false,false,,false
1771,Μιχ. Άνθης,false,false,false,,false
1772,Παν. Καλατζόπουλος,false,false,false,,false
1773,Γεωργία Βασιλοπούλου,false,false,false,,false
1774,Vicente Gomez,false,false,false,,false
1775,Γιώ. Καλομοίρης,false,false,false,,false
1776,Ν. Καραχάλιος,false,false,false,,false
1777,Μιχ. Αργυρόπουλος,false,false,false,,false
1778,Ελ. Καρά (Καραΐνδρου),false,false,false,,false
1779,Παντ. Τσομπάνογλου,false,false,false,,false
1780,Μ. Ευθυμίου,false,false,false,,false
1781,Ανδρ. Βαλασής ;,false,false,false,,false
1782,Γιά. Χανιώτης,false,false,false,,false
1783,Ευ. Αλευράκης,false,false,false,,false
1784,Δ. Κατσώνης,false,false,false,,false
1785,Σ. Μίτκας,false,false,false,,false
1786,Κ. Κοκκινάκης,false,false,false,,false
1787,Havi Calero - απόδοση στα ελλην. Πασχάλης,false,false,false,,false
1788,Χάρης Καβαλιεράτος,false,false,false,,false
1789,Memo Remigi,false,false,false,,false
1790,Διον. Φιλιππόπουλος,false,false,false,,false
1791,Ex-Humans,false,false,false,,false
1792,Δημ. Χατζηνικολάου,false,false,false,,false
1793,Παπασιδέρης (παραδοσιακό),false,false,false,,false
1794,Βασ. Μποέμης,false,false,false,,false
1795,Γλ. Γ. Χασάπη,false,false,false,,false
1796,Καζαντζίδης (Κ. Δελαγραμμάτης),false,false,false,,false
1797,Μαίρη Βασιλοπούλου,false,false,false,,false
1798,Η. Van Hemert - απόδ. στα ελλην. Φίλ. Νικολάου,false,false,false,,false
1799,Jose María Martín Domingo,false,false,false,,false
1800,Ι. Δημητρακόπουλος,false,false,false,,false
1801,Δ. Κωστόπουλος,false,false,false,,false
1802,Σταύρος Λογαρίδης ;,false,false,false,,false
1803,Άρης Σταφούλης,false,false,false,,false
1804,"R. Sevran, Alec - απόδοση στα ελλην. Σέβη Τηλιακού",false,false,false,,false
1805,"Testa, Renis - απόδοση στα ελλην. Ρέτη Ζαλοκώστα",false,false,false,,false
1806,"J. Cannon - απόδοση στα ελλην. Τάκης Σέμπος, Πάρις Παπαστεφάνου",false,false,false,,false
1807,Κ. Καρακώστας,false,false,false,,false
1808,Χρ. Φιλιππακόπουλος,false,false,false,,false
1809,Κική Σεγδίτσα,false,false,false,,false
1810,Απροσάρμοστοι,false,false,false,,false
1811,Raul Rene Rosanto,false,false,false,,false
1812,Σ. Στρατηγάκης,false,false,false,,false
1813,Πολυμέρης,false,false,false,,false
1814,Γιά. Κότας,false,false,false,,false
1815,Λάκης Μιχαηλίδης,false,false,false,,false
1816,Giovanni Raimondo,false,false,false,,false
1817,Μανησαλής (Χρ. Βαμβακάς ;),false,false,false,,false
1818,Ζ. Κορίνθιος,false,false,false,,false
1819,Μαν. Φακίνος,false,false,false,,false
1820,"Γιά. Παπαδόπουλος, Δουβαλέτας",false,false,false,,false
1821,Andrea Lo Mecchio,false,false,false,,false
1822,Αιγυπτιακό - απόδοση στα ελλην. Λ. Παπαδόπουλος,false,false,false,,false
1823,Theofilo Chantre,false,false,false,,false
1824,Αντ. Λεονταρίτσης,false,false,false,,false
1825,Γιά. Δασκαλάκης,false,false,false,,false
1826,Ι. Δεμίρης,false,false,false,,false
1827,Ν. Παναγιώτου,false,false,false,,false
1828,"Αντ. Πλωμαρίτης, Νίκ. Παντέλος",false,false,false,,false
1829,Μπάμπης Βασιλάκης,false,false,false,,false
1830,Ανέστης Βλάχος,false,false,false,,false
1831,Μαν. Κακλής,false,false,false,,false
1832,Δερβινιώτης (Κοφινιώτης),false,false,false,,false
1833,Γιώ. & Χρ. Κολοκοτρώνης,false,false,false,,false
1834,Γιά. Μπούρας & Αν. Κυριακού (Γιά. Μπούρας / Δ. Πολίτης ),false,false,false,,false
1835,Β. Σπυρόπουλος,false,false,false,,false
1836,Ανδρ. Φουντουλάκης,false,false,false,,false
1837,Toto Cutugno,false,false,false,,false
1838,"Αλέξ. Κουντουράς, Γεώ. Καρυδάκης",false,false,false,,false
1839,Ευάγ. Πιτσιλαδής,false,false,false,,false
1840,Ν. Γούβας,false,false,false,,false
1841,Μιχ. Σταυρακάκης ή Νιδιώτης,false,false,false,,false
1842,Γιώ. Δράμαλης,false,false,false,,false
1843,Γ. Παυλίδης,false,false,false,,false
1844,"Γιά. Ηλιάδης, Γκούτης",false,false,false,,false
1845,Mike Berry,false,false,false,,false
1846,Στ. Χασκίλ,false,false,false,,false
1847,Μπ. Δαλιάνης,false,false,false,,false
1848,Αγγελική Ζαννίκου,false,false,false,,false
1849,Βούλα Δερέμπεη,false,false,false,,false
1850,Έλενα Αρβανίτη,false,false,false,,false
1851,απόδοση στα ελλην. Σάκης Μπουλάς,false,false,false,,false
1852,"Παύλος Κιρκιλής, Μαχαιρίτσας",false,false,false,,false
1853,Μοσχονάς,false,false,false,,false
1854,Λαύκας (Χ. Βασιλειάδης),false,false,false,,false
1855,Γ. Γαϊτάνος,false,false,false,,false
1856,Κ. Γκαντίνης,false,false,false,,false
1857,J. Bouwens,false,false,false,,false
1858,Γ Κοτρώνης,false,false,false,,false
1859,Πάνου Ντάμκα,false,false,false,,false
1860,Ν. Γιάκοβλεφ,false,false,false,,false
1861,Π. Καλαποθαράκος,false,false,false,,false
1862,Musi,false,false,false,,false
1863,Κ. Κωστέας,false,false,false,,false
1864,Δημ. Σουμαλεύρης,false,false,false,,false
1865,Π. Σαρίκας,false,false,false,,false
1866,Γιώ. Παραθυρός,false,false,false,,false
1867,Τ. Ψαλτάκης,false,false,false,,false
1868,Κ. Παλαμάς,false,false,false,,false
1869,P. Delanoe - απόδοση στα ελληνικά Βαγγ. Γκούφας,false,false,false,,false
1870,Αλ. Μαστέλλος,false,false,false,,false
1871,Ν. Δημητράτος,false,false,false,,false
1872,Γ. Μάνταλος,false,false,false,,false
1873,"Μ. Παππάς, Χρ. Μαμούρης",false,false,false,,false
1874,Γιά. Πανουτσόπουλος,false,false,false,,false
1875,Ι. Ιωαννίδης,false,false,false,,false
1876,Γιώ. Χαμαράτος,false,false,false,,false
1877,Λάγιος,false,false,false,,false
1878,"Rondonzzo, Welnstainm",false,false,false,,false
1879,Μίμης Θειόπουλος (και Ν. Τσολακάκης ;),false,false,false,,false
1880,Ελ. Χατζηϊορδάνου,false,false,false,,false
1881,Γαβαλάς,false,false,false,,false
1882,Σ. Ποζέλλης,false,false,false,,false
1883,Α. Τσαμουτάλης,false,false,false,,false
1884,Άγγ. Μαρτίνο,false,false,false,,false
1885,Πόπη Θεοχαράκη,false,false,false,,false
1886,Απ. Λάμπρου,false,false,false,,false
1887,Κ. Καράλης,false,false,false,,false
1888,Μήτσος Χίντζιος,false,false,false,,false
1889,Σολωμός,false,false,false,,false
1890,Κυρ. Κωστούλας,false,false,false,,false
1891,"Κ. Σούκας, Σκαφίδας",false,false,false,,false
1892,2002 GR,false,false,false,,false
1893,Κερομύτης (Σαρ. Τσιλιβερδής),false,false,false,,false
1894,Sine Nomine,false,false,false,,false
1895,Σ. Αγγελόπουλος,false,false,false,,false
1896,Λαϊκό Αρμενίας,false,false,false,,false
1897,Ζ. Χονδρός,false,false,false,,false
1898,Τσιτσάνης (Μουρκάκος ;),false,false,false,,false
1899,Βοσκόπουλος ή Χατζής,false,false,false,,false
1900,Ελένη Χατζηϊορδάνου,false,false,false,,false
1901,"Χιώτης, Σέμσης",false,false,false,,false
1902,Klaus Munro - απόδοση στα ελλην. Λ. Παπαδόπουλος,false,false,false,,false
1903,Θόδ. Σιναϊδης,false,false,false,,false
1904,Γιάννα Αυγερινοπούλου,false,false,false,,false
1905,Θεοχάρης Θεοχαράκης,false,false,false,,false
1906,"T. Hatch, G. Aber",false,false,false,,false
1907,Σάββας Ηλιάδης,false,false,false,,false
1908,Γιώ. Αποστολάκος,false,false,false,,false
1909,Ι. Δασκαλάκης,false,false,false,,false
1910,Παν. Καλέλης,false,false,false,,false
1911,"Όµ. Αθηναίος, Π. Πρόγιας",false,false,false,,false
1912,Μαρία Αντώνοβα,false,false,false,,false
1913,Μαρία Μαλιάρα,false,false,false,,false
1914,Αθ. Γουλιάμης,false,false,false,,false
1915,E. Chiprut - απόδοση στα ελλην. Κ. Τσερώνης,false,false,false,,false
1916,Π. Λειβαδάρος,false,false,false,,false
1917,Γρηγ. Κλιούμης,false,false,false,,false
1918,Gilbert,false,false,false,,false
1919," Γ. Ασηµακόπουλος, Β. Σπυρόπουλος, Π. Παπαδούκας",false,false,false,,false
1920,Κ. Πρετεντέρης,false,false,false,,false
1921,L. Albertelli - απόδοση στα ελλην. Σέβη Τηλιακού,false,false,false,,false
1922,Περιστέρης (Μπάτης),false,false,false,,false
1923,"Α. Ξένος, Α. Σπήλιος",false,false,false,,false
1924,V. Banden - διασκευή Δημ. Ιατρόπουλος,false,false,false,,false
1925,Παπαγιαννοπούλου (Μπακάλης),false,false,false,,false
1926,Κ. Κιλιμάτζος,false,false,false,,false
1927,Κ. Μεθενίτης,false,false,false,,false
1928,Ανέστης Τριανταφύλλου,false,false,false,,false
1929,Δημήτρης Λάγιος,false,false,false,,false
1930,"A. Testa, D. Burton",false,false,false,,false
1931,Ν. Τουρκάκης (Φιλίππου),false,false,false,,false
1932,Βασ. Γιούλιας,false,false,false,,false
1933,Χ. Χαψιάδης,false,false,false,,false
1934,Καζαντζίδης (Μακριδάκης),false,false,false,,false
1935,"Ασημακόπουλος, Σπυρόπουλος, Παπαδούκας",false,false,false,,false
1936,Τ. Τάτσιος,false,false,false,,false
1937,Αιµίλιος Σαββίδης,false,false,false,,false
1115,Σπ. Νάκος,false,false,false,,false
1116,Παν. Ιγγλέσης,false,false,false,,false
1117,Bruno Lomas,false,false,false,,false
1118,Βιτσέντζος Κορνάρος,false,false,false,,false
1119,Στάθης Γκίζας,false,false,false,,false
1120,Σταμ. Χονδρογιάννης,false,false,false,,false
1121,Κλουβάτος (Ν. Φατσέας ;),false,false,false,,false
1122,Σόφη Ζανίνου,false,false,false,,false
1123,Τζουανάκος (Κολοκοτρώνης),false,false,false,,false
1124,M. Stoller,false,false,false,,false
1938,Κ. Καπετάνιιος,false,false,false,,false
1939,Ευάγγ. Λιανός,false,false,false,,false
1940,Ανδριανός Φωτόπουλος,false,false,false,,false
1941,Σταμ. Κρινής,false,false,false,,false
1942,Γιώ. Λαπάτης,false,false,false,,false
1943,Ση Τσινγκ-Όμηρος Μπεκέ,false,false,false,,false
1944,Σ. Ροδίτης,false,false,false,,false
1945,Καίτη Κονιτοπούλου,false,false,false,,false
1946,Δημ. Τερζάκης,false,false,false,,false
1947,Κ. Ζευγαδέλης,false,false,false,,false
1948,Σωτ. Μπέλλου,false,false,false,,false
1949,Γιά. Βέλλας (Μάνεσης),false,false,false,,false
1950,Χειμερινοί Κολυμβητές,false,false,false,,false
1951,Γ. Στεφάνου,false,false,false,,false
1952,Πάριος (εισαγωγή Βασ. Σαλέας),false,false,false,,false
1953,Γιά. Λεωτσάκος,false,false,false,,false
1954,Αναστ. Δαμάσκος,false,false,false,,false
1955,G. A. Rossi-απόπδοση στα ελλην. Σέβη Τηλιακού,false,false,false,,false
1956,Άγγ. Ραφτόπουλος,false,false,false,,false
1957,Costa,false,false,false,,false
1958,Φωτ. Σούκα,false,false,false,,false
1959,Αστ. Μπάρτζος,false,false,false,,false
1960,Α. Μπουάκογλου,false,false,false,,false
1961,C. White,false,false,false,,false
1962,Παπαστεφάνου,false,false,false,,false
1963,Νικ. Ρασσιάς,false,false,false,,false
1964,Γιά. Γιώτης,false,false,false,,false
1965,"Κ. Μπέζος (Α. Κωστής), Μαγγανάρης",false,false,false,,false
1966,Σ. Μουστάκας,false,false,false,,false
1967,Hammond - απόδοση στα ελλην. Γιώ. Ρουβέλας,false,false,false,,false
1968,Σπ. Καίσαρης,false,false,false,,false
1969,Δημ. Σταμπουλής,false,false,false,,false
1970,Γιά. Γαβαλάς (Χ. Ζήκας),false,false,false,,false
1971,Γιά. Κώταλης,false,false,false,,false
1972,"R. Carlos, E. Carlos",false,false,false,,false
1973,Χιώτης (Μουρκάκος),false,false,false,,false
1974,Ν. Μεταξάς,false,false,false,,false
1975,Gilbert Francois Becaud,false,false,false,,false
1976,Αρ. Σαββίδης,false,false,false,,false
1977,Παν. Παπαδούκας,false,false,false,,false
1978,"Παν. Λειβαδάρος, Λευτ. Ζαμπέλης",false,false,false,,false
1979,Σταμ. Γενεράλης,false,false,false,,false
1980,Τζ. Μπενβενίτσε,false,false,false,,false
1981,Θόδ. Πολυκανδρειώτης,false,false,false,,false
1982,Nilsson,false,false,false,,false
1983,Τoύvτας,false,false,false,,false
1984,DUSAN MAKAVEJIEV,false,false,false,,false
1985,Αντ. Πλωµαρίτης,false,false,false,,false
1986,"Γ. Ασημακόπουλος, Β. Σπυρόπουλος, Π. Παπαδούκας",false,false,false,,false
1987,Ν. Καρακώστας ;,false,false,false,,false
1988,Toni Stern,false,false,false,,false
1989,Ν. Ρουμπάνης,false,false,false,,false
1990,Auric - απόδοση στα ελλην. Steve Bartseris,false,false,false,,false
1991,"Τάκης Μπουρμάς, Βέτα Μπετίνη",false,false,false,,false
1992,"Χ. Ζολινδάκης, Δερβενιώτης",false,false,false,,false
1993,Α. Καρακαντάς,false,false,false,,false
1994,Ανδρ. Μπαλτατζής,false,false,false,,false
1995,Τ. Παπαδόπουλος,false,false,false,,false
1996,Αγγ. Ραφτόπουλος,false,false,false,,false
1997,Αθαν. Λώλος,false,false,false,,false
1998,Παν. Κοσμέτος,false,false,false,,false
1999,Καρίπης,false,false,false,,false
2000,Μυρτιώτισσα (Θεώνη Δρακοπούλου),false,false,false,,false
2001,διασκευή Π. Λιβυκός,false,false,false,,false
2002,Γιώ. Κανλής,false,false,false,,false
2003,Πέτρος Ίμβριος,false,false,false,,false
2004,Charlie Chaplin - απόδοση στα ελλην. Ν. Ζ.,false,false,false,,false
2005,Πετ. Πανταζής,false,false,false,,false
2006,Παν. Τράγκας,false,false,false,,false
2007,K. C. Douglas,false,false,false,,false
2008,Μάρκος Αλεξίου,false,false,false,,false
2009,Γιώ. Λέντζας,false,false,false,,false
2010,Σοφία Πολίτη,false,false,false,,false
2011,Λάκης Τζουλάκης,false,false,false,,false
2012,Γαλάνη,false,false,false,,false
2013,Μαργ Τομπορή,false,false,false,,false
2014,Μαν. Γαλιάτσος,false,false,false,,false
2015,Au Pays (;),false,false,false,,false
2016,"Όλγα Βλαχοπούλου, Φίλ. Πλιάτσικας",false,false,false,,false
2017,Ουρ. Λιανδράκη,false,false,false,,false
2018,Δέσποινα Τριανταφύλλου,false,false,false,,false
2019,Δημ. Φραντζεσκάκης,false,false,false,,false
2020,Ιωάν. Πρινέας,false,false,false,,false
2021,Επαμ. Γκιζιώτης,false,false,false,,false
2022,Δημ. μανησαλής,false,false,false,,false
2023,Δ. Σιατόπουλος,false,false,false,,false
2024,Ανδρ. Πρέζας,false,false,false,,false
2025,"Bartotti, Dalla - απόδοση στα ελλην. Σέβη Τηλιακού",false,false,false,,false
2026,Βασ. Αντωνόπουλος,false,false,false,,false
2027,Ζωτ. Ζωϊόπουλος,false,false,false,,false
2028,Χιώτης ;,false,false,false,,false
2029,Β. Ζάρπας,false,false,false,,false
2030,Νταράλας ή Στέλ. Βαμβακάρης,false,false,false,,false
2031,Απ. Αναγνωστόπουλος,false,false,false,,false
2032,Παπαϊωάννου (Π. Γιαννακός-Κοκκοβιός ;),false,false,false,,false
2033,Βαγγ. Ντίκος,false,false,false,,false
2034,Μαρίκα Φρατζεσκοπούλου,false,false,false,,false
2035,Λεων. Παγκαλής,false,false,false,,false
2036,Άρης Θωμάς,false,false,false,,false
2037,Lydia Nicols - απόδοση στα ελλην. Αθηναία,false,false,false,,false
2038,"Γιώ. Μαλλίδης, Γιά. Μαλλίρης",false,false,false,,false
2039,Χαρ. Καραπαναγιώτης,false,false,false,,false
2040,Όμηρος Αθηναίος,false,false,false,,false
2041,Παρασκευή Πολίτη,false,false,false,,false
2042,Ζωή Γρυπάρη (Ζωή Νάχη) (Χιώτης),false,false,false,,false
2043,I. Morais - απόδοση στα ελλην. Μιχ. Γκανάς,false,false,false,,false
2044,Μεϊμάρης,false,false,false,,false
2045,Αγ. Νικολόπουλος,false,false,false,,false
2046,M. Luberty - απόδοση στα ελλην. Ρέτη Ζαλοκώστα,false,false,false,,false
2047,Αταλλίδης,false,false,false,,false
2048,Γιώ. Γιαννουλάτος,false,false,false,,false
2049,C. Concina,false,false,false,,false
2050,Ερ. Θαλασσινός,false,false,false,,false
2051,Χατζηχρήστος (Κ. Γόντικας),false,false,false,,false
2052,Παύλος Καρρέρ,false,false,false,,false
2053,Βασ. Καραπατάκης,false,false,false,,false
2054,Γιά. Τσανάκαλης,false,false,false,,false
2055,Γ. Τζουβελέκης,false,false,false,,false
2056,B. Anderson,false,false,false,,false
2057,Κ. Λαχάς,false,false,false,,false
2058,Σπ. Ζαράγκας,false,false,false,,false
2059,Λάμπρος Σαββαΐδης,false,false,false,,false
2060,Γιά. Φερμάνογλου (Δανάη ;),false,false,false,,false
2061,Κ. Κατσαούνης,false,false,false,,false
2062,Σπ. Δημητρίου,false,false,false,,false
2063,Γαβαλάς (Τάσ. Κουλούρης),false,false,false,,false
2064,Αστέριος Τσώτας,false,false,false,,false
2065,Κύπριος Αντωνίου,false,false,false,,false
2066,Γ. Βασιλειάδης,false,false,false,,false
2067,Μάριος Ποντίκας,false,false,false,,false
2068,Μίμης Μανδύλης,false,false,false,,false
2069,Ελ. Χριστοπούλοιυ,false,false,false,,false
2070,Βάσος Σαρρής ;,false,false,false,,false
2071,Jean Kluger,false,false,false,,false
2072,Αλεξάκης (Μιχ. ή Δημ. ;),false,false,false,,false
2073,Conte,false,false,false,,false
2074,Τέλος Άγρας,false,false,false,,false
2075,"L. Pilat, Daniele Pace - απόδοση στα ελλην. Αθ. Τσόγκας",false,false,false,,false
2076,Δημ. Ζιάκας,false,false,false,,false
2077,Βαγγ. Βαγγ. Κορακάκης,false,false,false,,false
2078,Κ. Λιβανός ;,false,false,false,,false
2079,R. Walter - απόδοση στα ελλην. Ρ. Ζαλοκώστα,false,false,false,,false
2080,Γιώ. Κορδέλας,false,false,false,,false
2081,Δ. Τζάρας,false,false,false,,false
2082,Μ. Βάττης,false,false,false,,false
2083,Η. Ηλιόπουλος,false,false,false,,false
2084,Αντρέας Αντρέου,false,false,false,,false
2085,Κώστ. Κοφινιώτης,false,false,false,,false
2086,Ι. Γαβαλάς,false,false,false,,false
2087,Γ. Νικολαΐδης,false,false,false,,false
2088,Αλ. Τόσκας,false,false,false,,false
2089,διασκευή Χρ. Μαραγκός,false,false,false,,false
2090,Θωμόπουλος,false,false,false,,false
2091,Z,false,false,false,,false
2092,Κοσμάς Κατσίπης,false,false,false,,false
2093,Δ. Γεωργιόπουλος,false,false,false,,false
2094,Ευαγγ. Μαρκογιαννάκης,false,false,false,,false
2095,Κ. Ρουμελιώτης (παραδοσιακό),false,false,false,,false
2096,Μιχ. Μανταράκης (Κολοκοτρώνης ;),false,false,false,,false
2097,Ισπανοεβραϊκό,false,false,false,,false
2098,Χ. Ανδρεάδης,false,false,false,,false
2099,Κ. Λοΐζος,false,false,false,,false
2100,Αθ. Χάρος,false,false,false,,false
2101,"E. Riccordi, L. Albertelli",false,false,false,,false
2102,Βασ. Σκαλιώτης,false,false,false,,false
2103,"P. Prado, G. Ferrio",false,false,false,,false
2104,Γ. Τσιμτσής,false,false,false,,false
2105,Μάρκος,false,false,false,,false
2106,Παν. Τζοχαδερός,false,false,false,,false
2107,Γιώ. Τρίμμη,false,false,false,,false
2108,Θόδ. Μπουτάκογλου,false,false,false,,false
2109,Κίτσα Κορίνα,false,false,false,,false
2110,Α. Ζορμπάς,false,false,false,,false
2111,Alguero,false,false,false,,false
2112,Κλουβάτος (Χ. Βασιλειάδης),false,false,false,,false
2113,Χαρ. Διπλάρος,false,false,false,,false
2114,Ντίνος Αποστόλου,false,false,false,,false
2115,Συμεών Κυριακάτης,false,false,false,,false
2116,Κ. Καπετανάκης,false,false,false,,false
2117,Άλκης Παπαδόπουλος,false,false,false,,false
2118,Μαργαρίτα Τόμπορη,false,false,false,,false
2119,Α. Στεφανάκης,false,false,false,,false
2120,Patricia Carli,false,false,false,,false
2121,Ζωή Παναγιωτοπούλου,false,false,false,,false
2122,Δ. Αγγελόνικος,false,false,false,,false
2123,Ν. Ανέστης,false,false,false,,false
2124,Μ. Κολοκοτρώνη,false,false,false,,false
2125,Γιώ. Τσομπανόπουλος,false,false,false,,false
2126,Στέφ. Νικήδης,false,false,false,,false
2127,Ξυδάκης ή Γιώ. Σταυριανός,false,false,false,,false
2128,Αφροδίτη Θεοδοσιάδου,false,false,false,,false
2129,Λαύκας (Μουρκάκος),false,false,false,,false
2130,Ν. Σαριδάκης,false,false,false,,false
2131,;;; - απόδοση στα ελλην. Τέτος Δηµητριάδης ;,false,false,false,,false
2132,Γιώ. Ράπτης,false,false,false,,false
2133,Τώνης Άγας,false,false,false,,false
2134,Ιπ. Εξαρχόπουλος,false,false,false,,false
2135,Ε. Νικολέσκο,false,false,false,,false
2136,Κωνσταντίνος Βήτα,false,false,false,,false
2137,Μητσάκης (Βίρβος ;),false,false,false,,false
2138,Κ. Καλδάρας,false,false,false,,false
2139,Δημ. Τσακαλιάς,false,false,false,,false
2140,Α. Λάιος,false,false,false,,false
2141,Charles,false,false,false,,false
2142,"Χ. Βασιλειάδης, Ιωάν. Παπαδόπουλος",false,false,false,,false
2143,Σταύρος Γραμματικόπουλος,false,false,false,,false
2144,"Γ. Φρανκεστάιν, Α. Σφακιανάκης",false,false,false,,false
2145,Τιμολέοντας Μωραΐτης,false,false,false,,false
2146,Tom Cogbill,false,false,false,,false
2147,Ο. Μάγερ,false,false,false,,false
2148,Αχ. Καμιναράς,false,false,false,,false
2149,Α. Μπουκουβάλας,false,false,false,,false
2150,Κ. Βέρρας,false,false,false,,false
2151,Η. Betti - απόδοση στα ελλην. Τζίµης Μακούλης,false,false,false,,false
2152,D. Gerrard,false,false,false,,false
2153,Ξένια Δικαίου,false,false,false,,false
2154,Σούλης,false,false,false,,false
2155,Μαν. Διαμαντής,false,false,false,,false
2156,Ατταλίδης (Βαγγ. Γκούφας),false,false,false,,false
2157,Φ. Κούκουνος,false,false,false,,false
2158,Β. Σπίνος,false,false,false,,false
2159,Άρης Καλφιγκόπουλος,false,false,false,,false
2160,Στ. Λογαρίδης,false,false,false,,false
2161,Χ. Ταμβάκης (Τσάντας),false,false,false,,false
2162,Χριστίνα Κεσογλίδου,false,false,false,,false
2163,"Καζαντζίδης, Νικολόπουλος",false,false,false,,false
2164,Μπιθικώτσης,false,false,false,,false
2165,Χρ. Κυρίτσης (Σπ. Κεφαλλόπουλος ;),false,false,false,,false
2166,Σία Ροζάκη,false,false,false,,false
2167,Στελλάκης,false,false,false,,false
2168,Δημ. Βεργώνης,false,false,false,,false
2169,Ανδρ. Αλεξανδράτος-Τυπάλδος,false,false,false,,false
2170,Ν. Λαβράνος,false,false,false,,false
2171,"Pes, Travajoll - απόδοση στα ελλην. Ρέτη Ζαλοκώστα",false,false,false,,false
2172,Woods,false,false,false,,false
2173,Ελευθ. Ζαμπέλης,false,false,false,,false
2174,Παν. Ανέμελης ή Ν. Μίχαλος,false,false,false,,false
2175,Νάκος Ευσταθιάδης,false,false,false,,false
2176,Αφρ. Κεχαγιά,false,false,false,,false
2177,Βασιλική Κοκόλη,false,false,false,,false
2178,Κοφινιώτης ή Χρυσίνης,false,false,false,,false
2179,Magol,false,false,false,,false
2180,Χρ. Πάντος,false,false,false,,false
2181,Γ. Μανιάτης,false,false,false,,false
2182,Γιά. Βέλλας ;,false,false,false,,false
2183,Γ. Μαλλίρης,false,false,false,,false
2184,"Ν. Ιγνατιάδης, Τάκης Καρνάτσος",false,false,false,,false
2185,Κ. Μουστάκας,false,false,false,,false
2186,Γιώ. Βρύβας,false,false,false,,false
2187,Τέντης (Τέτος Δημητριάδης),false,false,false,,false
2188,Α. Γιαννακοπούλου,false,false,false,,false
2189,Βάσος Αργυρίδης,false,false,false,,false
2190,Cardozo,false,false,false,,false
2191,Γ. Αξιώτης,false,false,false,,false
2192,Ταμπάκης (Χ. Βασιλειάδης),false,false,false,,false
2193,Καρναβάς,false,false,false,,false
2194,Mario Conti,false,false,false,,false
2195,Κώστας Παπαϊωάννου,false,false,false,,false
2196,Choucho Navarro - απόδοση στα ελλην. Ίκαρος Κανελλόπουλος,false,false,false,,false
2197,Μ. Νικολούδης,false,false,false,,false
2198,"Ανδρ. Κουρμούζης, Βασ. Κανάκης",false,false,false,,false
2199,Ηλ. Φιλίπππου,false,false,false,,false
2200,Βαγγ. Μαρκαντώνης ή Μπακιρτζής,false,false,false,,false
2201,Παπασιδέρης (Δημ. Τζάρας ;),false,false,false,,false
2202,Γιατράς,false,false,false,,false
2203,Δημ. Μαγνήσαλης,false,false,false,,false
2204,Σκαρβέλης (Μάτσας),false,false,false,,false
2205,Ξυδάκης ή,false,false,false,,false
2206,Eddie Burclay - απόδοση στα ελλην. Χρυσίνης,false,false,false,,false
2207,Γιώ. Παλαμάς,false,false,false,,false
2208,Μπακάλης (Μιχ. Αλεξάκης),false,false,false,,false
2209,Δ. Ρηγόπουλος,false,false,false,,false
2210,Ουρανία Κοφινιώτη,false,false,false,,false
2211,Ι. Πόππης,false,false,false,,false
2212,Νινή Ζαχά,false,false,false,,false
2213,Ν. Καργιώτης,false,false,false,,false
2214,Palavicini,false,false,false,,false
2215,Mouhamed Ben,false,false,false,,false
2216,Γεώργιος Παπαδόπουλος,false,false,false,,false
2217,Ευ. Καρουσάκης,false,false,false,,false
2218,Ρίτα Αμπατζή,false,false,false,,false
2219,παραδοσιακό (διασκευή Νίκος Λάβδας),false,false,false,,false
2220,"Κ. Κούνας, Χρ. Καγιούλης",false,false,false,,false
2221,Δημ. Τσακαλίας,false,false,false,,false
2222,Liberal,false,false,false,,false
2223,Νατάσσα Μουτσανά,false,false,false,,false
2224,(Δ. ;) Γεωργακόπουλος,false,false,false,,false
2225,Σοφία Παπαδοπούλου,false,false,false,,false
2226,Ν. Σφυρόερας,false,false,false,,false
2227,διασκευή Άσιμος,false,false,false,,false
2228,Σρυσίνης,false,false,false,,false
2229,Μαν. Αρωνίδης,false,false,false,,false
2230,Πεπίνο Λιζάρδη,false,false,false,,false
2231,Βασ. Τασιόπουλος,false,false,false,,false
2232,Ν. Φραγκούλης,false,false,false,,false
2233,Ε. Καραγιαννοπούλου (Ελπίδα),false,false,false,,false
2234,Ν. Αδάμας,false,false,false,,false
2235,Π. Χριστόδουλος,false,false,false,,false
2236,Δημ. Τουμπέλης,false,false,false,,false
2237,παραδοσιακό Τουρκίας,false,false,false,,false
2238,Λάκης Τσώλης,false,false,false,,false
2239,Ε. Ιερεμίας,false,false,false,,false
2240,Κ. Χουρδάκης,false,false,false,,false
2241,Ανδρ. Κυριαζής,false,false,false,,false
2242,Κ. Μακεδόνας,false,false,false,,false
2243,Νικηφόρος,false,false,false,,false
2244,Λευτ. Κωνσταντινίδης (Τσιγγάνος),false,false,false,,false
2245,Παύλ. Ναλμπάντης,false,false,false,,false
2246,Κ. Κιούσης,false,false,false,,false
2247,Β. Μπουντούρης,false,false,false,,false
2248,Geri Balans,false,false,false,,false
2249,Γιώ. Τσεπίλης,false,false,false,,false
2250,Γιά. Τχτάς,false,false,false,,false
2251,Ευριπίδης (Μήδεια),false,false,false,,false
2252,Τάκης Λαβίδας,false,false,false,,false
2253,Π. Κολοτούρος,false,false,false,,false
2254,Π. Πετσάς,false,false,false,,false
2255,Ν. Πάλδης,false,false,false,,false
2256,David,false,false,false,,false
2257,Β. Δήμος,false,false,false,,false
2258,Μίνως Αργυράκης,false,false,false,,false
2259,Δ. Χατζηθεολόγος,false,false,false,,false
2260,J. Blanco,false,false,false,,false
2261,Χάρης Καφετζόπουλος,false,false,false,,false
2262,Εμμ. Γιγουρτάκης,false,false,false,,false
2263,Μαν. Μαριδάκης,false,false,false,,false
2264,Θ. Τρίγκας,false,false,false,,false
2265,Α. Σπίλης,false,false,false,,false
2266,Σωτ. Μπελούσης,false,false,false,,false
2267,Μπρένταν Μπήαμ - απόδοση στα ελλην. Βασ. Ρώτας,false,false,false,,false
2268,Τ. Σωτήρχος,false,false,false,,false
2269,Μάρκος Τσιριμώκος,false,false,false,,false
2270,Γεωργία Παναγιώτη,false,false,false,,false
2271,Μίμης Κυριακίδης,false,false,false,,false
2272,H. Johnson,false,false,false,,false
2273,Ivanno Fosati - απόδοση στα ελλην. Χρ. Θηβαίος,false,false,false,,false
2274,Γ. Περίδας,false,false,false,,false
2275,"Σολωμός (από το ποίημα ""Ελεύθεροι πολιορκημένοι-Σχεδίασμα Γ'""",false,false,false,,false
2276,Γιώ. Θεοδωράκης,false,false,false,,false
2277,Παν. Οικονόμου,false,false,false,,false
2278,Δημώδες,false,false,false,,false
2279,Ι. Νταντάκης,false,false,false,,false
2280,Teo Raji,false,false,false,,false
2281,Κ. Παντζής,false,false,false,,false
2282,Αθ. Γκιουλέκας,false,false,false,,false
2283,Απλ. Κυριμόπουλος,false,false,false,,false
2284,Gonny Gkicaky (Γιά. Γκικάκης),false,false,false,,false
2285,Αργ. Κουλούρης,false,false,false,,false
2286,Καλδάρας,false,false,false,,false
2287,Θόδωρος Παπαδόπουλος,false,false,false,,false
2288,Ν. Δαλέζιος,false,false,false,,false
2289,Βασ. Σκουλάς,false,false,false,,false
2290,Παμ. Κοκοντίνης,false,false,false,,false
2291,Λάζ. Παρασκευάς,false,false,false,,false
2292,Τάκ. Αθηναίος,false,false,false,,false
2293,Λάκης Φλώρος,false,false,false,,false
2294,Χρ. Γεωργόπουλος,false,false,false,,false
2295,Χατζηχρήστος,false,false,false,,false
2296,Λευτ. Ναουμίδης,false,false,false,,false
2297,Γρηγ. Δεσύπρης,false,false,false,,false
2298,Χαρ. Πετράκης,false,false,false,,false
2299,Γιά. Καλαντζής,false,false,false,,false
2300,Γ. Βουρλιώτης,false,false,false,,false
2301,Γ. Διδίλης,false,false,false,,false
2302,Μπουρνέλης (Σαρ. Τσιλιβερδής),false,false,false,,false
2303,Οδυσ. Κωνσταντόπουλος,false,false,false,,false
2304,Busch - απόδοση Αθ. Τσόγκας,false,false,false,,false
2305,Δ. Μιχαηλίδης,false,false,false,,false
2306,J. Blanco - απόδοση στα ελλην. Ζ. Κορίνθιος,false,false,false,,false
2307,Ελ. Πολίτης,false,false,false,,false
2308, Ντ Άντζελις,false,false,false,,false
2309,Λέο Λέανδρος,false,false,false,,false
2310,Ελένη Γιανατσούλια,false,false,false,,false
2311,"Τάσ. Μαστοράκης, Χ. Βασιλειάδης",false,false,false,,false
2312,Π. Μπιλικάς,false,false,false,,false
2313,Ανδρ. Μέξας,false,false,false,,false
2314,Ki Kland,false,false,false,,false
2315,διασκευή-Π. Λιβυκός,false,false,false,,false
2316,Πολυξένη βελένη,false,false,false,,false
2317,Θαν. Μαργαρίτης ή Παπαδόπουλος,false,false,false,,false
2318,Jean Drejak,false,false,false,,false
2319,Πωλ Νορ (Ν. Νικολαΐδης),false,false,false,,false
2320,Διασκευή Βαρδής,false,false,false,,false
2321,Ν. Μαλαμίδης,false,false,false,,false
2322,Μουζάκης,false,false,false,,false
2323,Ανν. Μπουγαδάκης,false,false,false,,false
2324,Γιώ. Σούκας,false,false,false,,false
2325,Παύλος Κριναίος-Μιχαηλίδης,false,false,false,,false
2326,Ευσ. Λιάρος,false,false,false,,false
2327,Fred Bongusto,false,false,false,,false
2328,Δ. Κύρου,false,false,false,,false
2329,Γιώ. Χαρατζόγλου,false,false,false,,false
2330,παραδοσιακό - διασκευή Χρύσανθος Θεοδωρίδης,false,false,false,,false
2331,διασκευή Γκυ Ζιρό,false,false,false,,false
2332,Teo Roji ; - απόδοση στα Ελληνικά Λευτ. Κογκαλίδης,false,false,false,,false
2333,Καλδάρας (Κολοκοτρώνης),false,false,false,,false
2334,Ν. Μιχαήλ (Μουσαφίρης),false,false,false,,false
2335,"Ανδρ. Βάσιος, Χ. Βασιλειάδης",false,false,false,,false
2336,Α. Στασουλάκης,false,false,false,,false
2337,Φώτ. Παναγιωτίδης,false,false,false,,false
2338,Χιώτης,false,false,false,,false
2339,Αγγ. Θεοδωρόπουλος,false,false,false,,false
2340,Κ. Παχής,false,false,false,,false
2341,Μουφλουζέλης,false,false,false,,false
2342,Πρόδρ. Καλτσίδης,false,false,false,,false
2343,Α. Βολίκης,false,false,false,,false
2344,Ν. Κοσμάς,false,false,false,,false
2345,Nilsson- - απόδοση στα ελλην. Σέβη Τηλιακού,false,false,false,,false
2346,Μ. και Γιά. Θεοδωράκης,false,false,false,,false
2347,Α. Χρυσούλης,false,false,false,,false
2348,Δερβενιώτης (ή Πετσάς),false,false,false,,false
2349,Sevet Ozer,false,false,false,,false
2350,Franchi-Dino Pelli,false,false,false,,false
2351,Tozzi,false,false,false,,false
2352,Νίκος Λουκάς,false,false,false,,false
2353,Ocar (Ορφέας Καραβίας),false,false,false,,false
2354,"Ν. Γούναρης, Ρ. Τάλμας, Τάκης Μωράκης",false,false,false,,false
2355,Gallegani - απόδοση στα ελλην. Ρ. Ζαλοκώστα,false,false,false,,false
2356,Στελλάκης Περπινιάδης (παραδοσιακό),false,false,false,,false
2357,Ν. Οικονόμου,false,false,false,,false
2358,Δημ. Δημαρέλης,false,false,false,,false
2359,Ι. Μαυρίδης,false,false,false,,false
2360,Α. Χατζηνικολάου,false,false,false,,false
2361,Κ. Στρογγυλός (Μουρκάκος ;),false,false,false,,false
2362,"Παρ. Κωνσταντέλος, Γ. Γκάμαρης",false,false,false,,false
2363,P. A. Dousset,false,false,false,,false
2364,Σμαρούλα Μαραγκουδάκη,false,false,false,,false
2365,Α. (Αγγελική ;) Καβουράκη,false,false,false,,false
2366,Στρ. Ατταλίδης,false,false,false,,false
2367,D. Donazzio - απόδοση στα ελλην. Ρέτη Ζαλοκώστα,false,false,false,,false
2368,Θεανώ Λ. Σαμψών,false,false,false,,false
2369,Γιώ. Ζάννος,false,false,false,,false
2370,Βασ. Ανδρεόπουλος,false,false,false,,false
2371,Ν. Λιώκος,false,false,false,,false
2372,Γ. Κουγιουµτζόπουλος,false,false,false,,false
2373,George Mylonas (Γιώ. Μυλωνάς),false,false,false,,false
2374,Μ. Μαργαρίτης (Μ. Μάτσας),false,false,false,,false
2375,διασκευή Αντρ. Μικρούτσικος,false,false,false,,false
2376,Χρυσίνης (Σπ. Κεφαλλόπουλος),false,false,false,,false
2377,Κ. Κοφινάς,false,false,false,,false
2378,Ευάγγ. Κουρμάζος,false,false,false,,false
2379,Γιώ. Ρουμής,false,false,false,,false
2380,Στρ. Γιούλης,false,false,false,,false
2381,Ηλ. Τρυφωνίδης,false,false,false,,false
2382,"Αλέξανδρος Παντελιάς, Γιώ. Παντελιάς",false,false,false,,false
2383,Δρόμος,false,false,false,,false
2384,Yanni Spanos (Γιά. Σπανός),false,false,false,,false
2385,Ελλην. στίχοι Αθ. Τσόγκας,false,false,false,,false
2386,Κ. Μανταρλής,false,false,false,,false
2387,Ειρ. Σαράντου,false,false,false,,false
2388,Ζαχ. Τσίχλας,false,false,false,,false
2389,Α. Πιγκούλης,false,false,false,,false
2390,"Ν. Παναγιωτούνης, Καλδάρας",false,false,false,,false
2391,Φωφώ Αποστολάκη,false,false,false,,false
2392,Παν. Καβαλλιεράτος,false,false,false,,false
2393,Πιν. Καπετανάκης,false,false,false,,false
2394,Δημ. Πατσίλιας,false,false,false,,false
2395,Παρ. Οικονόμου ;,false,false,false,,false
2396,Πετρολούκας Χαλκιάς,false,false,false,,false
2397,Μπουρνέλης (παραδοσιακό),false,false,false,,false
2398,Φαν. Πάλλη,false,false,false,,false
2399,Jackie Loucas ; - απόδοση στα ελλην. / Κ. Τσερώνης),false,false,false,,false
2400,Σ. Μπιτσάκης,false,false,false,,false
2401,"Ν. Σκούφος, Θ. Γκαϊφύλλιας",false,false,false,,false
2402,Ζωρζ Μουστακί,false,false,false,,false
2403,διασκευή Π. Τζαβέλλας,false,false,false,,false
2404,Αθ. Χαλιγιάννης,false,false,false,,false
2405,Γ. Ζαλοκώστας,false,false,false,,false
2406,"Γερ. Λαβράνος, Σκέμπρης",false,false,false,,false
2407,"G. Capuano, Zellinotti - απόδοση στα ελλην. Λ. Κογκαλίδης",false,false,false,,false
2408,Σ. Σακελλαρίου,false,false,false,,false
2409,Τάκης Οικονομίδης,false,false,false,,false
2410,"Γιώ. Καμβύσης, Τέτος Δημητριάδης",false,false,false,,false
2411,Ammandolo,false,false,false,,false
2412,Γιώ. Μάγκας,false,false,false,,false
2413,Xατζιδάκις,false,false,false,,false
2414,Wham,false,false,false,,false
2415,"Χ. Βασιλειάδης, Τάσος Μαστοράκης",false,false,false,,false
2416,Jean Yature,false,false,false,,false
2417,Μ. Πάλλη,false,false,false,,false
2418,Waddington (απόδοση στα ελλην. Σέβη Τηλιακού),false,false,false,,false
2419,Ε. Κονιτοπούλου (Ειρήνη ;),false,false,false,,false
2420,Παύλος Ματέσις,false,false,false,,false
2421,Βασ. Νούσιας,false,false,false,,false
2422,Ε. Μαντζούφας,false,false,false,,false
2423,"Maik, Daky",false,false,false,,false
2424,Αριστείδης Δημητράκης,false,false,false,,false
2425,Κ. Καραγιώργης,false,false,false,,false
2426,Μαίρη Πασαπνοή,false,false,false,,false
2427,Στέλιος Ντουβής,false,false,false,,false
2428,Λάρα Καλλίρη,false,false,false,,false
2429,Αντώνης Καλαποθάκης,false,false,false,,false
2430,Αναστασία Νικολάου,false,false,false,,false
2431,Γ. Παντράς,false,false,false,,false
2432,Δερβενιώτης (Κολοκοτρώνης),false,false,false,,false
2433,Χρ. Μαμούρης (ή Λ. Χατζή) ;,false,false,false,,false
2434,"Χ. Βασιλειάδης, Μεν. Μιχαηλίδης",false,false,false,,false
2435,Σπ. Σκορδίλης,false,false,false,,false
2436,Ι. Καρέκλης,false,false,false,,false
2437,"Αργ. Παπαγεωργίου, Λάμπρος Καρελάς",false,false,false,,false
2438,Demis Zervas,false,false,false,,false
2439,Μπιθικώτσης (Μουρκάκος),false,false,false,,false
2440,Πάν. Χρυσίνης,false,false,false,,false
2441,Γιώ. Λημνιός,false,false,false,,false
2442,Νατάσα Μουτσανά,false,false,false,,false
2443,Ν. Γεωργίου (Γκάτσος),false,false,false,,false
2444,K.Munro - απόδοση στα ελλην. Σέβη Τηλιακού,false,false,false,,false
2445,Σ. Χρόνης,false,false,false,,false
2446,Απόστ. Αρμενάκης,false,false,false,,false
2447,Λία Πηλιούρη,false,false,false,,false
2448,Τάκης Σούκας,false,false,false,,false
2449,Τερψιχόρη Παπαστεφάνου,false,false,false,,false
2450,Λουκάς Μευσούτης,false,false,false,,false
2451,"διασκευή Κ. Γιαννίδης, Δανάη",false,false,false,,false
2452,Τριαντ. Ντόβας,false,false,false,,false
2453,Ειρήνη Φαρούγια,false,false,false,,false
2454,Θ. Χρυσανθόπουλος,false,false,false,,false
2455,Τερμίτες,false,false,false,,false
2456,Κ. Γιαννακάκης,false,false,false,,false
2457,"Κόρος, Νίντα Κανάκη",false,false,false,,false
2458,Φίλ. Πλιάτσικας,false,false,false,,false
2459,Τ. Βουλγαρίδης,false,false,false,,false
2460,Ε. Χρυσίνης,false,false,false,,false
2461,Αγγελόπουλος,false,false,false,,false
2462,παραδοσιακό (Τούντας ;),false,false,false,,false
2463,Dimitris Tambossis (Δημ. Ταμπόσης),false,false,false,,false
2464,Καζαντζίδης (Δερβενιώτης ;),false,false,false,,false
2465,Ανδρ. Ρούσσης,false,false,false,,false
2466,Lydia Nikhols,false,false,false,,false
2467,Γιώ. Γκίνης,false,false,false,,false
2468,Κατερ. Παπαγεωργίου,false,false,false,,false
2469,Τάκης Πασβάντη,false,false,false,,false
2470,Σπ. Βλασσόπουλος ή Δ. Παπαδημητρίου,false,false,false,,false
2471,Melfi - απόδοση στα ελλην. Φοίβος Ατρείδης,false,false,false,,false
2472,Ευστρ. Γαλαθιανάκης,false,false,false,,false
2473,Κούλα Αποστόλου,false,false,false,,false
2474,Θόδ. Κάτσαρης,false,false,false,,false
2475,Ν. Δάνας,false,false,false,,false
2476,"Φίλ. Πλιάτσικας, Ν. Πιπινέλης",false,false,false,,false
2477,"Ζουγανέλης, Δημ. Τρίμμης",false,false,false,,false
2478,Λούλα Ναλμπάντη,false,false,false,,false
2479,Χρηστάκης Πιττίρης,false,false,false,,false
2480,Γιώ. Νιάρχος,false,false,false,,false
2481,Νίκος Μουρκάκος,false,false,false,,false
2482,Γ. Θεοδοσιάδης,false,false,false,,false
2483,Κ. Μελίδης,false,false,false,,false
2484,Μ. Μαλακάσης,false,false,false,,false
2485,Ν. Κιούσης (Κοφινιώτης),false,false,false,,false
2486,διασκευή Αγγελόπουλος,false,false,false,,false
2487,Testa Sciorilli,false,false,false,,false
2488,Δημ. Καφαντάρης,false,false,false,,false
2489,Καλφόπουλος ;,false,false,false,,false
2490,Ηλ. Καλιντήρης,false,false,false,,false
2491,"Ρ. Ταµπακοπούλου, Κ. Νικολαΐδης",false,false,false,,false
2492,Garcia Fernando - απόδοση στα ελλην. Πωλ Μενεστρέλ,false,false,false,,false
2493,Χριστίνα Μιχελιουδάκη,false,false,false,,false
2494,Ιωάν. Κούρος,false,false,false,,false
2495,Ιορδάνης Τσομίδης,false,false,false,,false
2496,Δημ. Ζμπέκος,false,false,false,,false
2497,Βάντα Κουτσοκώστα,false,false,false,,false
2498,Bayaka,false,false,false,,false
2499,Γ. Βρούβας,false,false,false,,false
2500,Mogol - απόδοση στα ελλην. Ρ. Ζαλοκώστα,false,false,false,,false
2501,"P. Reber, V. Muller",false,false,false,,false
2502,Szabolcs Fényes,false,false,false,,false
2503,Αλέξης Σπυρόπουλος,false,false,false,,false
2504,Πέτρος Γιαννακός (Κοκοβιός),false,false,false,,false
2505,Γ. Σκρήνης,false,false,false,,false
2506,Γρ. Καλογερόπουλος,false,false,false,,false
2507,Π. Μαγγανάρης,false,false,false,,false
2508,Γ. Σαβαρής,false,false,false,,false
2973,Σταύρος Σιδεράς,false,false,false,,false
2509,Ν. Χαραλαμπίδης ή Ηλ. Μεγαλούδης,false,false,false,,false
2510,Αιμιλία Χατζηδάκη,false,false,false,,false
2511,Απ. Μπόνης,false,false,false,,false
2512,Κ. Πλαΐτης,false,false,false,,false
2513,Anton Karas (Αντ. Καρράς),false,false,false,,false
2514,Σταύρος Σαμψών,false,false,false,,false
2515,Δήμητρα Νιόρα,false,false,false,,false
2516,Σταμ. Xατζιδάκης,false,false,false,,false
2517,Δημ. (Μίμη) Καραμπής,false,false,false,,false
2518,Κολοκοτρώνης (Δερβενιώτης ;),false,false,false,,false
2519,Δερβενιώτης (Δ. Σουμαλεύρης ;),false,false,false,,false
2520,Ν. Χατζηαντωνίου,false,false,false,,false
2521,Ρούκουνας ;,false,false,false,,false
2522,Giorgio Tee,false,false,false,,false
2523,Στέλιος Σωτηρίου,false,false,false,,false
2524,Εμμαν. Δέδες,false,false,false,,false
2525,Η. Ασβεστόπουλος,false,false,false,,false
2526,Φραντζέσκα Ιακωβίδου,false,false,false,,false
2527,"Βοσκόπουλος, Άντζελα Γκερέκου",false,false,false,,false
2528,Ε. Μυταριώτου,false,false,false,,false
2529,Γιά. Δαλιανίδης ;,false,false,false,,false
2530,Ε. Ηλιόπουλος,false,false,false,,false
2531,Παντ. Μόσχος,false,false,false,,false
2532,Ralph Arnie - απόδοση στα ελλην. Ν. Ελληναίος,false,false,false,,false
2533,Ι. Κούρος,false,false,false,,false
2534,Κ. Ράμμος,false,false,false,,false
2535,Χ. Πετσαγκουράκης,false,false,false,,false
2536,Τ. Λαβίδας (Τάσ. Καραγεωργίου),false,false,false,,false
2537,Μπέρτολτ Μπρεχτ,false,false,false,,false
2538,Πάν. Λειβάδαρος,false,false,false,,false
2539,Δημ. Μαχαιρίτσας,false,false,false,,false
2540,Βαγγ. Πασσιάς,false,false,false,,false
2541,Δημ. Ιλισσιώτης,false,false,false,,false
2542,Ορ. Λάσκος,false,false,false,,false
2543,Δημ. Κοντογιάννης,false,false,false,,false
2544,Ηλ. Λυμπερόπυλος,false,false,false,,false
2545,Al di Meola - διασκευή Βαρδής,false,false,false,,false
2546,διασκευή-Ρόζα Εσκενάζυ,false,false,false,,false
2547,Μίνως Γαλανέλης,false,false,false,,false
2548,Ευάγγ. Ατρταΐδης,false,false,false,,false
2549,G. Cundsi,false,false,false,,false
2550,Βασ. Τριανταφυλλίδης,false,false,false,,false
2551,Σπ. Αναγνώστου,false,false,false,,false
2552,Ν. Πλατσέος,false,false,false,,false
2553,Τακης Καρναβάς,false,false,false,,false
2554,Λ. Αργυρίου,false,false,false,,false
2555,Αργ. Ολοκτσίδης,false,false,false,,false
2556,Paul Simon,false,false,false,,false
2557,Chico De Oliveira,false,false,false,,false
2558,"Αντ. Πλωμαρίτης, Πυθαγόρας",false,false,false,,false
2559,Κώστ. Κοντογιώργος,false,false,false,,false
2560,Barry Mason - απόδοση στα ελλην. Ρέτη Ζαλοκώστα,false,false,false,,false
2561,Β. Κοτσώνης,false,false,false,,false
2562,Ν. Ζακόπουλος,false,false,false,,false
2563,Σπ. Καλαμάς,false,false,false,,false
2564,"Johnson, King",false,false,false,,false
2565,Δημ. Ζάχος (;),false,false,false,,false
2566,Γιώ. Χρονάς,false,false,false,,false
2567,Τζ. Νακασιάν,false,false,false,,false
2568,Γ. Δάφνης,false,false,false,,false
2569,Μιχ. Καλλέργης (παραδοσιακό),false,false,false,,false
2570,Κ. Μαγνής,false,false,false,,false
2571,Ι. Φερμάνογλου,false,false,false,,false
2572,Ε. Κωνσταντινίδης,false,false,false,,false
2573,Σάσα Μανέτα ;,false,false,false,,false
2574,Ν. Ιγγνατιάδης,false,false,false,,false
2575,Μιχ. Αλεξάκης ή Ανδρ. Βάσιος,false,false,false,,false
2576,"Κ. Λογοθετίδης, Ν. Καλλίνης",false,false,false,,false
2577,Κ. Λιβιεράτος,false,false,false,,false
2578,Taddio - απόδοση στα ελλην. Κ. Τσαρούχας,false,false,false,,false
2579,"Γιώ. Μπούρας, Δήμ. Πολίτη",false,false,false,,false
2580,Λιάνα Τζένου,false,false,false,,false
2581,Θεοδωράκης ή Χρ. Χαιρόπουλος ή Μαμαγκάκης,false,false,false,,false
2582,"Σώτος Πετράς, Κ. Κιούσης (Κοφινιώτης)",false,false,false,,false
2583,Δ. Σέμσης,false,false,false,,false
2584,"Σπ. Κεφαλλόπουλος, Χάρης Χατζάκης",false,false,false,,false
2585,Giorgio Teo,false,false,false,,false
2586,Θ. Πολυκανδριώτης,false,false,false,,false
2587,Jhon Fountis (Γιά. Φουντής),false,false,false,,false
2588,"Γιώ. Γιαννακόπουλος, Χρ. Γιαννακόπουλος, Αλ. Σακελλάριος",false,false,false,,false
2589,"Mogol - απόδοση στα ελλην. Ν. Κύτταρης, Μαριάννα Ντέτα",false,false,false,,false
2590,W. Casey - απόδοση στα ελλην. Σέβη Τηλιακού,false,false,false,,false
2591,Μίμη Καμπόλη,false,false,false,,false
2592,Διον. Λαυράγκας,false,false,false,,false
2593,Βαγγ. Λιόλιος,false,false,false,,false
2594,Παν. Μακροποδάρας,false,false,false,,false
2595,Γιά. Αμπελιώτης,false,false,false,,false
2596,Ινδικό,false,false,false,,false
2597,"Θόδ. Γραμμένος, Κ. Σούλης",false,false,false,,false
2598,F. G. LORCA - απόδοση στα ελλην. Αλ. Σολωμός,false,false,false,,false
2599,Λυκ.Μαρκέας,false,false,false,,false
2600,Ε. Αναστασάκης,false,false,false,,false
2601,Γιώ. Φουστάνης,false,false,false,,false
2602,Ν. Αρκάς,false,false,false,,false
2603,Ν. Φέρτης,false,false,false,,false
2604,Linda Hargrove,false,false,false,,false
2605,Τ. Ναγκασιάν,false,false,false,,false
2606,Γιά. Σταμούλης,false,false,false,,false
2607,Ευγένιος Αρανίτσης,false,false,false,,false
2608,"Λ. Στρογγυλός, Θόδ. Γελαδάκης",false,false,false,,false
2609,Κλουβάτος (Κολοκοτρώνης),false,false,false,,false
2610,Ξυδάκης ή Π. Καρρέρ,false,false,false,,false
2611,N. Hirsh,false,false,false,,false
2612,Δημ. Ζάττας,false,false,false,,false
2613,Τζεφρώνης,false,false,false,,false
2614,Δ. Ζμπέκος,false,false,false,,false
2615,Απ. Μοσχούτης,false,false,false,,false
2616,Χατζηνάσιος ή Χατζής,false,false,false,,false
2617,Ρ. Τάλμας,false,false,false,,false
2618,Φ. Μαυράκη,false,false,false,,false
2619,Γ. Αποστολάκος,false,false,false,,false
2620,Ανδρ. Κλησιάρης,false,false,false,,false
2621,Α. Φαντίδης,false,false,false,,false
2622,"Alfred Smith, Joseph Hooven, Jerry Winn",false,false,false,,false
2623,Μέλπω Κολοκοτρώνη (Χρ. Κολοκοτρώνης),false,false,false,,false
2624,Περπινιάδης (Κ. Ξανθάκης),false,false,false,,false
2625,Τσιφόρος,false,false,false,,false
2626,Γ. Τρίμμης,false,false,false,,false
2627,Μάμος,false,false,false,,false
2628,Ευαγγ. Παπαγιαννοπούλου,false,false,false,,false
2629,Pablo Neruda - απόδοση στα ελλην. Δανάη Στρατηγοπούλου,false,false,false,,false
2630,Ζησούλης,false,false,false,,false
2631,Στρ. Βραδυνός,false,false,false,,false
2632,Daniel Gerard,false,false,false,,false
2633,Γρ. Καψάλης,false,false,false,,false
2634,Γ. Χαραλαμπίδης,false,false,false,,false
2635,Ζ. Χελιώτης,false,false,false,,false
2636,Ν. Ρεγούλης,false,false,false,,false
2637,Συχρονίκ,false,false,false,,false
2638,Στράτος Παγιουμτζής (Χ. Βασιλειάδης ;),false,false,false,,false
2639,Βέμπο,false,false,false,,false
2640,Φ. Πούλος,false,false,false,,false
2641,Καζαντζίδης (Δερβενιώτης),false,false,false,,false
2642,B. Holland,false,false,false,,false
2643,Δημ. Μαυρίκος,false,false,false,,false
2644,"Γιά. Βέλλας, Γιά. Σπυρόπουλος, Βασ. Σπυρόπουλος, Παν. Παπαδούκας",false,false,false,,false
2645,Στέφ. Βαρρτάνης,false,false,false,,false
2646,Κ. Πεζάνης,false,false,false,,false
2647,Ελεάνα Βρακάλη,false,false,false,,false
2648,Κοκοντίνης,false,false,false,,false
2649,Κ. Δ. Πολίτης,false,false,false,,false
2650,R. Kristofferson,false,false,false,,false
2651,C. Claroni,false,false,false,,false
2652,Εβραϊκό,false,false,false,,false
2653,Hertha,false,false,false,,false
2654,Μιχ. Γεώργαρης,false,false,false,,false
2655,Μαρία Παπαπαύλου,false,false,false,,false
2656,Παν. Πατησιώτης,false,false,false,,false
2657,Αθ. Ντάφος,false,false,false,,false
2658,Λουκάς Θάνος ή Θεοδωράκης ή Χαΐνηδες,false,false,false,,false
2659,Δημ. Κολλάτος (βασισμένο πάνω στο ποίημα της Σαπφούς),false,false,false,,false
2660,Γιώ. Στεφάνου (Γιώ. Παπαστεφάνου),false,false,false,,false
2661,Λήδα Ρουμάνη,false,false,false,,false
2662,Διαμ. Παππάς,false,false,false,,false
2663,Θ. Νάλτσας,false,false,false,,false
2664,Δ. Παπαδημητρίου,false,false,false,,false
2665,Κ. Καρύδας,false,false,false,,false
2666,Bobby Hebb,false,false,false,,false
2667,Ιορδάνης Καλλιστόγλου,false,false,false,,false
2668,Αθ. Αθανασίου,false,false,false,,false
2669,Λ. Δέλφης,false,false,false,,false
2670,Toto Cutugno - απόδοση στα ελλην. Φίλ. Νικολάου,false,false,false,,false
2671,"Ναπ. Ελευθερίου, Κ. Νικολαΐδης, Ηλ. Λυμπερόπουλος",false,false,false,,false
2672,Θοδ. Μπεμπέκης,false,false,false,,false
2673,Χρ. Καρκανάκης,false,false,false,,false
2674,Καζαντζάκης,false,false,false,,false
2675,Μαρία Χριστίδου,false,false,false,,false
2676,"Γιά. Σκονδριάνης, Ν. Αλεξόπουλος",false,false,false,,false
2677,Τάκης Κωλέτης,false,false,false,,false
2678,Σ. Ροζάκη,false,false,false,,false
2679,Δ. Αλεξάκης,false,false,false,,false
2680,Ν. Παρισιάδης,false,false,false,,false
2681,Γιώ. Μάμος,false,false,false,,false
2682,Κάρολος Παλαιολόγου,false,false,false,,false
2683,Ν. Παραστατίδης,false,false,false,,false
2684,Δάφνη Πανουργιά,false,false,false,,false
2685,Γ. Παπαγιαννόπουλος,false,false,false,,false
2686,Κ. Θεοχάρη,false,false,false,,false
2687,Έλλη Λοϊζου,false,false,false,,false
2688,- (Κ. Καρίπης),false,false,false,,false
2689,Γιώ. Μεϊντανάς,false,false,false,,false
2690,C.A. Bixio - απόδοση στα ελλην. Κοφινιώτης,false,false,false,,false
2691,Κ Δοϊτσίδης,false,false,false,,false
2692,Α. Τριανταφυλίδης,false,false,false,,false
2693,Χρ. Κυρίσης,false,false,false,,false
2694,Α. Μαρτίνο,false,false,false,,false
2695,"Ευάγγ. Ατραΐδης, Ιωάν. Γαβαλάς",false,false,false,,false
2696,Μαριάννα Σάκαρη,false,false,false,,false
2697,Λυμπέρης Λιζάρδος,false,false,false,,false
2698,Louis Metz,false,false,false,,false
2699,Γιώ. Μαυροκέφαλος,false,false,false,,false
2700,Ιωάννα Γεωργακοπούλου,false,false,false,,false
2701,Θάνος Αδριανός,false,false,false,,false
2702,Αντ. Κλεισάρης,false,false,false,,false
2703,"Θόδ. Γελαδάκης, Κ. Πολίτης",false,false,false,,false
2704,Χρ. Παλέντζας,false,false,false,,false
2705,Ν. Δημητρόπουλος,false,false,false,,false
2706,Μ. Σουγιούλ,false,false,false,,false
2707,Δημ. Γιαννουκάκης,false,false,false,,false
2708,"Τ. Μαστοράκης, Χ.. Βασιλειάδης",false,false,false,,false
2709,Σ. Παπαδοπούλου,false,false,false,,false
2710,Xρηστάκης Πιττίρης,false,false,false,,false
2711,Π. Γκιουλέκας,false,false,false,,false
2712,"Ν. Λώρης, Κ. Κιούσης (Κοφινιώτης)",false,false,false,,false
2713,Ν. Κασσίτας (Βαγγ. Ρουσέτης ;),false,false,false,,false
2714,Γιά. Αρχοντής,false,false,false,,false
2715,G. Fletcher,false,false,false,,false
2716,Π. Κατσιμίχας,false,false,false,,false
2717,Ν. Μαυρουδής,false,false,false,,false
2718,Ευάγγ. Κόλλιας,false,false,false,,false
2719,Δ. Τσιτομενέας,false,false,false,,false
2720,Αφροδίτη Κύρου,false,false,false,,false
2721,Γιώ. Ζήκας,false,false,false,,false
2722,Στ. Γιωρούδης,false,false,false,,false
2723,Ζωή Κοντοθεοδώρου,false,false,false,,false
2724,Μήτσος Ευθυμιάδης,false,false,false,,false
2725,Καζαντζίδης (Γκούτης),false,false,false,,false
2726,"Leo Leandros, Klaus Munro",false,false,false,,false
2727,Ν. Ρούτσος,false,false,false,,false
2728,Ιερόθεος Σχίζας,false,false,false,,false
2729,Daniel Armado,false,false,false,,false
2730,Τάκης Μαυροκέφαλος,false,false,false,,false
2731,Νίτσα Τσίτρα,false,false,false,,false
2732,παραδοσιακό τραγούδι Αλβανίας - διασκευή Dasho Kurti,false,false,false,,false
2733,"Χρ. Γκόλια, Μπ. Δαλιάνης",false,false,false,,false
2734,"Γιώ. Μίτσιγκας, Κ. Χαριτοδιπλωμένος",false,false,false,,false
2735,Δημ. Καβαδάτος,false,false,false,,false
2736,Γ. Βουρλιωτάκης,false,false,false,,false
3202,Redro P. Calaf,false,false,false,,false
2737,Ηρ. Παπασιδέρης ή Γιώ. Ρουβέλας,false,false,false,,false
2738,"Αγγελόπουλος, Αντ. Πολίτης",false,false,false,,false
2739,"Δημ. Ιατρόπουλος, Μίμης Θειόπουλος",false,false,false,,false
2740,Γιώ. Ζέρβας,false,false,false,,false
2741,Νικολακοπούλου,false,false,false,,false
2742,Ανδρ. Τσουκαλάς,false,false,false,,false
2743,Βασ. Βίνος,false,false,false,,false
2744,Miller Young Harris,false,false,false,,false
2745,Η. Σιμόπουλος,false,false,false,,false
2746,Θ. Βιτάλη,false,false,false,,false
2747,Γιάννης Αραπάκης,false,false,false,,false
2748,Κ. Παπαϊωάννου,false,false,false,,false
2749,Χ. Ζησούλης,false,false,false,,false
2750,Κολοκοτρώνης (Χιώτης ;),false,false,false,,false
2751,Βecaud,false,false,false,,false
2752,Ευανθίας Ρεμπούτσικα,false,false,false,,false
2753,Κ. Καραΐσκος,false,false,false,,false
2754,Στ. Χατζηδάκης,false,false,false,,false
2755,Μπιθικώτσης (Κολοκοτρώνης),false,false,false,,false
2756,Ανδρέας Σάιλερ (ή Ζάιλερ),false,false,false,,false
2757,Σ. Ψυριώτης,false,false,false,,false
2758,Lew Pollack - απόδοση στα ελλην. Ελένη Σταυρακούλη,false,false,false,,false
2759,Δημ. Ψαρράς,false,false,false,,false
2760,Χάρης Ρώμας,false,false,false,,false
2761,Τάσος Κρυστάλλης,false,false,false,,false
2762,Βασ. Σούκας (Δ. Καραβάνας ;),false,false,false,,false
2763,Κ. Καπράλος,false,false,false,,false
2764,Ι. Πανουσάφος,false,false,false,,false
2765,Αν. Κουλούρης,false,false,false,,false
2766,Εμμ. Ασλανίδης,false,false,false,,false
2767,Πάν. Ρουμελιώτης,false,false,false,,false
2768,Μπ. Βαρσαμάς,false,false,false,,false
2769,Βασ. Σπυρόπουλος,false,false,false,,false
2770,Γ. Β. Ιωαννίδης,false,false,false,,false
2771,Γ. Φλιούκας,false,false,false,,false
2772,Τσιτσάνης (Φ. Μιχαλάτος ;),false,false,false,,false
2773,Φ. Λάδης,false,false,false,,false
2774,Γ. Γιατράς,false,false,false,,false
2775,Π. Γαλακτερός,false,false,false,,false
2776,Στρ. Γιουντέρης,false,false,false,,false
2777,Μ. Μάτσας,false,false,false,,false
2778,J. P. Cara,false,false,false,,false
2779,Δ. Καλατζάς,false,false,false,,false
2780,Στέλιιος Ζαφειρίου,false,false,false,,false
2781,"BIGAZZI, POLLITO",false,false,false,,false
2782,Α. Φελεκίδης,false,false,false,,false
2783,Λάμπης Γαβαλάς,false,false,false,,false
2784,Φώτης Παναγιωτίδης,false,false,false,,false
2785,Κωστής Κωστέας,false,false,false,,false
2786,Γ. Τ.,false,false,false,,false
2787,Μπ. Τρικαλινός (Μπακάλης),false,false,false,,false
2788,Γ. Πορφυρόπουλος,false,false,false,,false
2789,Φωτούλα Παπαθεοδώρου,false,false,false,,false
2790,"Μαν. Φραγκάκης ή Σαμιώτης, Χρ. Χατζηναθαναήλ",false,false,false,,false
2791,Ιωάν. Ανδριανός,false,false,false,,false
2792,P. Polatos,false,false,false,,false
2793,Χ. Πετράκη,false,false,false,,false
2794,Ζώης Μάναρης,false,false,false,,false
2795,Χρ. Περτιανίδης,false,false,false,,false
2796,Μαν. Μανουράς (Κουρκουτάκης),false,false,false,,false
2797,Παν. Αποστολίδης,false,false,false,,false
2798,"Βαγγ. Ατραΐδης, Ι. Γαβαλάς",false,false,false,,false
2799,Γ. Κοτσώνης,false,false,false,,false
2800,Μπιθικώτσης και Πελαγίδης,false,false,false,,false
2801,Παν. Μπούρας,false,false,false,,false
2802,από δημοτικά τραγούδια,false,false,false,,false
2803,"Χρ. Παπαδόπουλος, Μιχ. Λαμπρίδης",false,false,false,,false
2804,Δ. Γκούμας,false,false,false,,false
2805,Σπ. Μπαρός,false,false,false,,false
2806,Xαράλ. Μαργετουσάκης,false,false,false,,false
2807,Arr,false,false,false,,false
2808,Χρ. Σταθάτος,false,false,false,,false
2809,Γ. Δοβλέτης,false,false,false,,false
2810,Ricky Gianco - απόδοση στα ελλην. Σέβη Τηλιακού,false,false,false,,false
2811,Ε. Βρακάς (παραδοσιακό),false,false,false,,false
2812,Μαρία Μερκούρη,false,false,false,,false
2813,Γιά. Δραγάτσης (Ογδοντάκης),false,false,false,,false
2814,R. Rallo - απόδοση στα ελλην. Σέβη Τηλιακού,false,false,false,,false
2815,Ι. Μεγαλούδη,false,false,false,,false
2816,Ν. Βενετσάνου,false,false,false,,false
2817,Αλ. Δαφνομίλης,false,false,false,,false
2818,Chris de Burg,false,false,false,,false
2819,Jorge Domingo,false,false,false,,false
2820,"Χρ. Κυριακού, Π. Πρόγιας",false,false,false,,false
2821,Σπανός,false,false,false,,false
2822,Jim Crose,false,false,false,,false
2823,Γιώ. Στεφανάκης,false,false,false,,false
2824,Μίλλη Καραλή,false,false,false,,false
2825,Βαγγ. παπαθανασίου,false,false,false,,false
2826,Α. Λεονάρδος (ή Διον. Λαυράγκας ;),false,false,false,,false
2827,διασκευή Τ. Αθηναίου,false,false,false,,false
2828,Μ. Λαζαρίκος,false,false,false,,false
2829,Σωτ. Τσενές,false,false,false,,false
2830,Χάρης Μπότσαρης,false,false,false,,false
2831,Ron Goodwin,false,false,false,,false
2832,Τσοπάνα Rave,false,false,false,,false
2833,Δημ. Σωτάκης,false,false,false,,false
2834,"Κ. Πρετεντέρης, Γ. Θίσβιος, Ασημ. Γιαλαμάς",false,false,false,,false
2835,"D. Face, G. Callonelo - απόδοση στα ελλην. Ν. Κύταρης",false,false,false,,false
2836,Simpson,false,false,false,,false
2837,"Αλ. Καγιάντας, Καλλιόπη Μαρμαρινού",false,false,false,,false
2838,Κ. Σούκας,false,false,false,,false
2839,Α. Μουτσάτσου,false,false,false,,false
2840,Γ. Χάμος,false,false,false,,false
2841,Ν. Σιδέρη;,false,false,false,,false
2842,Ιωάν. Καλατζής,false,false,false,,false
2843,Λουκάς Σιδεράς,false,false,false,,false
2844,Γ. Ματαράγκας,false,false,false,,false
2845,Ν. Κυπουργός,false,false,false,,false
2846,Γκούβερης,false,false,false,,false
2847,Δημ. Ρακιντζής,false,false,false,,false
2848,Μαρία Ζοάννου,false,false,false,,false
2849,Χρ. Σταυρακούδης,false,false,false,,false
2850,Ι. Άντος,false,false,false,,false
2851,Ελ. Παγκοζίδης,false,false,false,,false
2852,Μ. Κατσιμπάρδης,false,false,false,,false
2853,"Μίμης Τραϊφόρος, Ναπ. Ελευθερίου",false,false,false,,false
2854,J. Renard - απόδοση στα ελλην. Πυθαγόρας,false,false,false,,false
2855,Γ. Αναστασοπούλου,false,false,false,,false
2856,Παντ. Θαλλασινός,false,false,false,,false
2857,Iza Volpin (Gaston Claret / ),false,false,false,,false
2858,Καζαντζίδης (Κολοκοτρώνης ;),false,false,false,,false
2859,Στ. Μακριδάκης,false,false,false,,false
2860,Στέλ. Καλαϊτζής,false,false,false,,false
2861,Θόδ. Σιναΐδης,false,false,false,,false
2862,Guy Mardel,false,false,false,,false
2863,Κ. Γαλίτης,false,false,false,,false
2864,Βασ. Μπούντας,false,false,false,,false
2865,Βάντα Πιτσιλαδή,false,false,false,,false
2866,Βασ. Ταμπάκης (Χ. Βασιλειάδης),false,false,false,,false
2867,Γιά. Ζουγανέλης ή Τάκης Βούης,false,false,false,,false
2868,Φεν. (Χρυσαφένια) Ευαγγελινίδου,false,false,false,,false
2869,Κρίστιαν,false,false,false,,false
2870,Καπλάνης (Χρ. Αργυρόπουλος ;),false,false,false,,false
2871,Ε. Δρίβας,false,false,false,,false
2872,Ε. Ζεμανίδου,false,false,false,,false
2873,Μαρία Αρμεύτη,false,false,false,,false
2874,Ι. Ευαγγελινίδης,false,false,false,,false
2875,"D. Reblers, P. Simon - διασκευή Γιώ. Μίτσιγκας",false,false,false,,false
2876,Στ. Βλαβιανός,false,false,false,,false
2877,Μάκης Καλαβρός,false,false,false,,false
2878,Σπ. Αργύρης,false,false,false,,false
2879,Αρσ. (;) Στεργίου,false,false,false,,false
2880,Κατίνα Φούντου,false,false,false,,false
2881,Γιώ. Λουκάς,false,false,false,,false
2882,Balik Hamdi,false,false,false,,false
2883,Ευάγγ. Καρουσάκης,false,false,false,,false
2884,Κ. Τσακαλίδης,false,false,false,,false
2885,Dom. Modugno,false,false,false,,false
2886,Ρένα Στρατή,false,false,false,,false
2887,Κ. Φερεντίνος ή Ν. Χαλιλόπουλος ;,false,false,false,,false
2888,Μηττάκη,false,false,false,,false
2889,Περιστέρης (Μίνως Μάτσας),false,false,false,,false
2890,Τάκης Δήμητσας,false,false,false,,false
2891,Θόδ. Τριανταφυλλίδης,false,false,false,,false
2892,Ι. Βερούτης,false,false,false,,false
2893,Ιωάν. Φώτας,false,false,false,,false
2894,Ελ. Ζιώγα,false,false,false,,false
2895,Λευτ. Τυλιγάδας,false,false,false,,false
2896,Λουκάς Γαλάνης,false,false,false,,false
2897,Μιχ. Πρωτόπαπας,false,false,false,,false
2898,Στέλιος Καλαϊτζής-Πέρκος,false,false,false,,false
2899,Κ. Νικολάου,false,false,false,,false
2900,Μενέλαος Σπάθης,false,false,false,,false
2901,Γιώ. Μυρογιάννης,false,false,false,,false
2902,Ι. Καλλάνογλου (Καπλάνογλου ;),false,false,false,,false
2903,Ισίδ. Αντωνίου,false,false,false,,false
2904,Καλυμνάκης,false,false,false,,false
2905,Παν. Καρράς,false,false,false,,false
2906,Βασ. Μακρίδης,false,false,false,,false
2907,Neil Gerardo,false,false,false,,false
2908,Κ.Μπίγαλης,false,false,false,,false
2909,Ρaul Misraki,false,false,false,,false
2910,Μάρκος (παραδοσιακό),false,false,false,,false
2911,Δημ. Βλαχόπουλος,false,false,false,,false
2912,Τέλης Τάτσιος,false,false,false,,false
2913,M. JOURDAN,false,false,false,,false
2914,Γ. Σταματογιαννάκης,false,false,false,,false
2915,Καρουσάκης (Παπαγιαννοπούλου ;),false,false,false,,false
2916,Γ. Βαρυπάτης,false,false,false,,false
2917,V. Ferri,false,false,false,,false
2918,Εγγλέζος,false,false,false,,false
2919,Θεόδ. Χριστοδούλου (Στέφ. Βαρτάνης / ),false,false,false,,false
2920,R. Burns,false,false,false,,false
2921,Άγνωστος ποιητής,false,false,false,,false
2922,Βίκυ Πλατάνου,false,false,false,,false
2923,Α. Καμπέρης,false,false,false,,false
2924,παραδοσιακό Κέρκυρας,false,false,false,,false
2925,Βλαδ. Μαγιακόφσκι - απόδοση στα ελλην. Ρίτσος,false,false,false,,false
2926,Μάρκος Παπαδάκης,false,false,false,,false
2927,Bernet,false,false,false,,false
2928,διασκευή Μιχ. Δασκαλάκης,false,false,false,,false
2929,Κ. Γκαλμάνης,false,false,false,,false
2930,Θοδ. Λαχανάς,false,false,false,,false
2931,Στ. Καλαϊτζής (Πέρκος),false,false,false,,false
2932,Μάρκος (Γιώ. Φωτίδας),false,false,false,,false
2933,Μ. Μάνεσης,false,false,false,,false
2934,S. Milchberg,false,false,false,,false
2935,Κ. Καρασκούτης,false,false,false,,false
2936,J. Cannon,false,false,false,,false
2937,Σταμ. Γονίδης,false,false,false,,false
2938,Ανδρ. Ανδρέου,false,false,false,,false
2939,Π. Τραχανάκης,false,false,false,,false
2940,Ι. Οικονομίδης,false,false,false,,false
2941,Κουγιουμτζής,false,false,false,,false
2942,R. Adams,false,false,false,,false
2943,Στέλιος Σταυρακάκης,false,false,false,,false
2944,Γιώ. Σταυριανός,false,false,false,,false
2945,Ευάγγ. Ατραΐδης,false,false,false,,false
2946,Στέφ. Κορκολής,false,false,false,,false
2947,Παν. Καμηλιέρης,false,false,false,,false
2948,Κων/να Σπανογιάννη,false,false,false,,false
2949,Δημ. Φραγκιουδάκης,false,false,false,,false
2950,Τάκης Παρισσινός,false,false,false,,false
2951,Ευριπ. Νικολίδης,false,false,false,,false
2952,Ν. Κατσιπόδης,false,false,false,,false
2953,Δ. Λαδόπουλος,false,false,false,,false
2954,Κ. Στυλιάτης,false,false,false,,false
2955,Τάσος Βάμπαρης,false,false,false,,false
2956,Βασ. Ταμβάκης (Χ. Βασιλειάδης),false,false,false,,false
2957,Μπιθικώτσης (Χ. Βασιλειάδης),false,false,false,,false
2958,P. Gatti,false,false,false,,false
2959,Ευάγγ. Τασόπουλος,false,false,false,,false
2960,Κ. Κανάρης,false,false,false,,false
2961,Σαλαχώρας (Μίνως Μάτσας),false,false,false,,false
2962,Τίμος Αρβανιτάκης,false,false,false,,false
2963,Μιχ. Τερζής,false,false,false,,false
2964,Ιωάν. Καριζής,false,false,false,,false
2965,Παραδοσιακό,false,false,false,,false
2966,Κ. Κιλιμάντζος,false,false,false,,false
2967,"Γιά. Πολίτης, Μ. Φραγκιουδάκης",false,false,false,,false
2968,Χρ. Γ. Παπαδόπουλος,false,false,false,,false
2969,"Γιά. Ταπεινός, Γκόλφω Ταπεινού",false,false,false,,false
2970,δημώδες,false,false,false,,false
2971,διασκευή Γκυ Ζυρώ,false,false,false,,false
2972,Λ. Μαριδάκης,false,false,false,,false
2974,Ν. Καζαντζάκης - διασκευή Γεράσιμος Σταύρου,false,false,false,,false
2975,M. Remigi,false,false,false,,false
2976,Σαπφώ,false,false,false,,false
2977,Βασ. Γεωργίου,false,false,false,,false
2978,Γ. Σαμαρτζής,false,false,false,,false
2979,Αν. Μουτσάτσου,false,false,false,,false
2980,Σταύρος Δέδες ή Χ. Βασιλειάδης,false,false,false,,false
2981,T. Easy - απόδοση στα ελλην. Ντ. Μαρκοπούλου,false,false,false,,false
2982,Oswaldo Ferres,false,false,false,,false
2983,Παπαδιαμαντόπουλος,false,false,false,,false
2984,Παν. Αφοθξενίδης,false,false,false,,false
2985,Κ. Μποέμης ;,false,false,false,,false
2986,Δερβενιώτης (Λελάκης ή Βίρβος ;),false,false,false,,false
2987,Τ. Λειβαδίτης,false,false,false,,false
2988,Hin,false,false,false,,false
2989,Δ. Κόλλιας,false,false,false,,false
2990,Cl Lemesle - απόδοση στα ελλην. Πυθαγόρας,false,false,false,,false
2991,Κούλα Νικολαΐδου,false,false,false,,false
2992,"Πυθαγόρας, Λάκης Αλεξάνδρου",false,false,false,,false
2993,Μπακάλης ή Γκούτης,false,false,false,,false
2994,Αντρ. Βουτσινός,false,false,false,,false
2995,Ντίνος Παπανδρέου,false,false,false,,false
2996,Μιχ. Δέλτα,false,false,false,,false
2997,Στέλιος Αργύρης,false,false,false,,false
2998,Θεόδ. Σαράντος,false,false,false,,false
2999,Τάσος Παπασταμάτης,false,false,false,,false
3000,Σταύρος Χατζηδάκης,false,false,false,,false
3001,Ν. Καρώνης,false,false,false,,false
3002,Χρ. Πύρπασσος,false,false,false,,false
3003,Γ. Ευαγγέλου (Ευάγγ. Γρυπάρης),false,false,false,,false
3004,Μάριος Κώστογλου,false,false,false,,false
3005,Τόλης Χάρμας,false,false,false,,false
3006,Γιά. Πολίτης,false,false,false,,false
3007,Νίτσα Μποέμη,false,false,false,,false
3008,Β. Ταμπόρης,false,false,false,,false
3009,Γ. Κλεφτογιώργος,false,false,false,,false
3010,Ελ. Παπαδόπουλος,false,false,false,,false
3011,Σ. Ξυνιάς,false,false,false,,false
3012,"Y. Heouzer (;), L. Leandros",false,false,false,,false
3013,Μάκης Βασιλειάδης,false,false,false,,false
3014,Ε. Παπαγιαννοπούλου,false,false,false,,false
3015,Ελ. Κωνσταντινίδης,false,false,false,,false
3016,Ειρ. Χαλκού,false,false,false,,false
3017,J. Nero - απόδοση στα ελλην. Σέβη Τηλιακού,false,false,false,,false
3018,Νίκολς,false,false,false,,false
3019,Er. Sciorilli - απόδοση στα ελλην. Πωλ Μενεστρέλ,false,false,false,,false
3020,Ν. Συμεωνίδης,false,false,false,,false
3021,Σόλ. Αποστολάκης,false,false,false,,false
3022,Δημ. Κορακίτης,false,false,false,,false
3023,Prisset,false,false,false,,false
3024,Βαγγ. Πιτσιλαδής,false,false,false,,false
3025,Rachmani Bros,false,false,false,,false
3026,"Κ. Νικολαΐδης, Ν. Ελευθερίου",false,false,false,,false
3027,Τρ. Ντόβας,false,false,false,,false
3028,Γρ. Κωνσταντινίδης,false,false,false,,false
3029,Παύλος Μαγγανάρης,false,false,false,,false
3030,Κ. Πολίτης ;,false,false,false,,false
3031,Τζ. Στάκας,false,false,false,,false
3032,Δ. Κανέλλος,false,false,false,,false
3033,Σία Δημητρίου,false,false,false,,false
3034,Βασ. Σπίνος,false,false,false,,false
3035,Γ. Ευαγγελάτος,false,false,false,,false
3036,J. Brell,false,false,false,,false
3037,απόδοση στα ελλην. Σέβη Τηλιακού,false,false,false,,false
3038,Γκίκα,false,false,false,,false
3039,Αιγυπτιακό,false,false,false,,false
3040,Πλάτωνας - απόδοση στα νέα ελληνικά Ηλ. Πετρόπουλος,false,false,false,,false
3041,E. Manor - απόδοση στα ελλην. Αθ. Τσόγκας,false,false,false,,false
3042,Αργ. Βαμβακάρης (Χρ. Παλέντζας ;),false,false,false,,false
3043,"L. Baily, G. Cudsi",false,false,false,,false
3044,Πάμπλο Νερούδα (μετάφραση Μαν. Μαυρομάτης)-ελεύθερη απόδοση Λ. Παπαδόπουλος,false,false,false,,false
3045,Limiti,false,false,false,,false
3046,Κ. Αυγουλεάς,false,false,false,,false
3047,Ρ. Ουΐλιαμς,false,false,false,,false
3048,Κ. Πετράκος,false,false,false,,false
3049,C. Impertal,false,false,false,,false
3050,Ντίνος Χριστιανόπουλος,false,false,false,,false
3051,Αντ. Μαύρος ή Καρανικόλας (Κ. Σιμόπουλος),false,false,false,,false
3052,O. Farres - απόδοση στα ελλην. Ι. Φερμάνογλου,false,false,false,,false
3053,Πέτρος Τζούμας,false,false,false,,false
3054,Maurice Jarre,false,false,false,,false
3055,Κίμωνας Βασίλας,false,false,false,,false
3056,Π. Θεοδωρίδης,false,false,false,,false
3057,Σωκρ. Τσιτσομήτρος,false,false,false,,false
3058,Λυκ. Μαρκέας,false,false,false,,false
3059,Ευάγγ. Σούκας,false,false,false,,false
3060,Φώτιος Μαλλιάρας,false,false,false,,false
3061,D. C. Thomas - απόδοση στα ελλην. Ρέτη Ζαλοκώστα,false,false,false,,false
3062,Γρ. Σουρμαΐδης,false,false,false,,false
3063,Λαίλος Καρακάσης,false,false,false,,false
3064,Γ. Νταλιάνης,false,false,false,,false
3065,"Ν. Δαπέρης, Α. Αχλαδάμης, Α. Τριανταφύλλου, G. Lambizi, Κ. Δουκάκης, Δημ. Πουλικάκος",false,false,false,,false
3066,Μιχ. Κυρμιτζής,false,false,false,,false
3067,Ε. Σούλης,false,false,false,,false
3068,"Λευτ. Καρβούνης, Τ. Αγριανίτης",false,false,false,,false
3069,Ν. Τζάλας,false,false,false,,false
3070,εσπερινός ύμνος του 16ου αιώνα,false,false,false,,false
3071,Αντ. Γεωργαρής,false,false,false,,false
3072,Frederic Francois,false,false,false,,false
3073,Μήτσος Παπανικολάου,false,false,false,,false
3074,R. Francis,false,false,false,,false
3075,Σωτ. Σκίπης,false,false,false,,false
3076,"Ειρήνη Χάλκου, Θαν. Περιστεράκης",false,false,false,,false
3077,Πάνος Καπίρης,false,false,false,,false
3078,Ανδρ. Βαλάσης,false,false,false,,false
3079,Δημ. Θ. Ρόδιος,false,false,false,,false
3080,Ντι Λάζαρο,false,false,false,,false
3081,Γελάκης,false,false,false,,false
3082,Στέλιος Ρόκος,false,false,false,,false
3083,Ντίνα Φέρτη,false,false,false,,false
3084,Γ. Α. Πετρίδης,false,false,false,,false
3085,Γιώ. Ανδρέου ή Θεοδωράκης,false,false,false,,false
3086,Harry Warren,false,false,false,,false
3087,Στράτος Παγιουμτζής,false,false,false,,false
3088,Χρ. Τσιαμούλης,false,false,false,,false
3089,Jose Padilla,false,false,false,,false
3090,B. Hawes - απόδοση στα ελλην. Σ. Τηλιακού,false,false,false,,false
3091,Σ. Κυριακάτης,false,false,false,,false
3092,Γεώργ. Καρράς,false,false,false,,false
3093,"Γιώ. Κλεφτογιώργος, Χριστόφ. Μπαλαμπανίδης",false,false,false,,false
3094,Ricardo Ceratto - απόδοση στα ελλην. Πυθαγόρας,false,false,false,,false
3095,Γιά. Γρηγοριάδης,false,false,false,,false
3096,Α. Τώνης,false,false,false,,false
3097,Κ. Κόνιαρης,false,false,false,,false
3098,Γ. Ταυλαντής,false,false,false,,false
3099,Λάκης Κέκεσης,false,false,false,,false
3100,Σ. Γκόνος,false,false,false,,false
3101,Θαν. Ζαχαρόπουλος,false,false,false,,false
3102,Kiki Lesendric,false,false,false,,false
3103,Ανδρέας Λάμπρου,false,false,false,,false
3104,Γ. Μπούρας,false,false,false,,false
3105,Κ. Ζαφείρης,false,false,false,,false
3106,Γιά. Διαμαντόπουλος,false,false,false,,false
3107,Τα Ανάκαρα,false,false,false,,false
3108,"John Paul Jones, John Bonham",false,false,false,,false
3109,"Solgiu, Galfi - απόδοση στα ελλην. Ν. Ελληναίος",false,false,false,,false
3110,Φ. Ραϊμόνδος,false,false,false,,false
3111,Α. Παπαδόπουλος,false,false,false,,false
3112,"D. Davis, R. Jackson - απόδοση στα ελλην. Ρέτη Ζαλοκώστα",false,false,false,,false
3113,Χ. Μουραμπάς,false,false,false,,false
3114,Ν. Μοσχονάς,false,false,false,,false
3115,"Ανδρ. Σπυρόπουλος, Κ. Λιβανός",false,false,false,,false
3116,Σπ. Βέρρας,false,false,false,,false
3117,Ε. Μαράβα (Παπαγιαννοπούλου),false,false,false,,false
3118,"Daniele Pace, Penzeri",false,false,false,,false
3119,Β. Ξανθόπουλος,false,false,false,,false
3120,Μιχ. Αλεξόπουλος,false,false,false,,false
3121,Χριστόδ. Πασιαρδής,false,false,false,,false
3122,Π. Αλετράς,false,false,false,,false
3123,Θεμ. Σάρρας,false,false,false,,false
3124,Ν. Κέκεσης,false,false,false,,false
3125,Ν. Λύρας,false,false,false,,false
3126,Γ. Τσιτσάς,false,false,false,,false
3127,Κλεάνθης Ρόρρης,false,false,false,,false
3128,Ali Ugurlu,false,false,false,,false
3129,"Ν. Λαμζής, Φ. Ρήγας",false,false,false,,false
3130,Νικ. Τσοπανάκης,false,false,false,,false
3131,Στρ. Καμενίδης,false,false,false,,false
3132,Δημ. Μαυρίκιος,false,false,false,,false
3133,Αλ. Τουρνάϊσεν,false,false,false,,false
3134,Χρ. Κλαυδιανός,false,false,false,,false
3135,Μπιθικώτσης (Γιά. Παπαδόπουλος),false,false,false,,false
3136,Ευάγγ. Φυλαχτός,false,false,false,,false
3137,Αργύρης Στασουλάκης,false,false,false,,false
3138,Παν. Κάλκος,false,false,false,,false
3139,Μεν. Σπάθης,false,false,false,,false
3140,Αλ. Παπαδημητρίου,false,false,false,,false
3141,Bob Dylan - διασκευή Σαββόπουλος,false,false,false,,false
3142,Γιάρ. Νιάρχος,false,false,false,,false
3143,Ανδρ. Μπονάτσος,false,false,false,,false
3144,"Γιά. Συμεωνίδης, Ευστ. Λιάρος",false,false,false,,false
3145,Γιά. Καστρινός,false,false,false,,false
3146,Μ. Αρμάος,false,false,false,,false
3147,Ανδρ. Ροδινός,false,false,false,,false
3148,Δημ. Καμπόλης,false,false,false,,false
3149,Σεμίνα Διγενή,false,false,false,,false
3150,Μαρούδας,false,false,false,,false
3151,Τζουανάκος (Ν. Γκούμας),false,false,false,,false
3152,Καπλάνης (Γιά. Κυριαζής),false,false,false,,false
3153,Γλ. Χασάπη,false,false,false,,false
3154,Καρουσάκης (Παπαγιαννοπούλου),false,false,false,,false
3155,Ντικράν Τσοχατζιάν,false,false,false,,false
3156,Μητσάκης (Ν. Δεπάστας ;),false,false,false,,false
3157,Γ. Ιωάννου,false,false,false,,false
3158,Λεων. Πάγκαλης,false,false,false,,false
3159,Παν. Μπεσλεμές,false,false,false,,false
3160,Λιάνα Ρουσσιάνου-Σαρακίνη,false,false,false,,false
3161,Κ. Πρωτόπαππας,false,false,false,,false
3162,Πουλόπουλος,false,false,false,,false
3163,Κ. Αρμετίδης,false,false,false,,false
3164,Καζαντζίδης (Καραπατάκης),false,false,false,,false
3165,Αριστοτέλης Βαλαωρίτης,false,false,false,,false
3166,Κούλα Πρωτοναρίου,false,false,false,,false
3167,Donato,false,false,false,,false
3168,"Τατασόπουλος, Fred Elias",false,false,false,,false
3169,Μπέττυ Κοκκινάκη,false,false,false,,false
3170,Κ. Παλαμάς - διασκευή Πέτρος Ταμπούρης,false,false,false,,false
3171,Λόλα Βώττη,false,false,false,,false
3172,"Κορώνης, Φίλανδρος",false,false,false,,false
3173,Βασ. Καρράς,false,false,false,,false
3174,"Γιώ. Ασημακόπουλος, Βασ. Σπυρόπουλος, Πάν. Παπαδούκας",false,false,false,,false
3175,"Ferriere, Guichard, Cardi",false,false,false,,false
3176,Τέρης Ιερεμίας,false,false,false,,false
3177,Γιά. Κουτσούκης,false,false,false,,false
3178,Σωτ. Παπάζογλου,false,false,false,,false
3179,Στέφ. Νικίδης,false,false,false,,false
3180,Ν. Λαγός,false,false,false,,false
3181,"Ν. Δεπάστας, Π. Πάνου",false,false,false,,false
3182,Χριστ. Χάλαρης,false,false,false,,false
3183,Αναστ. Τριτάκη,false,false,false,,false
3184,Α. Τσολακίδης,false,false,false,,false
3185,Αρ. Μόσχος,false,false,false,,false
3186,"Γιά. Βέλλας, Γ. Θίσβιος, Ασημάκης Γιαλαμάς, Κ. Πρετεντέρης",false,false,false,,false
3187,Γιώ. Αθάνας,false,false,false,,false
3188,Γιά. Ανδρεόπουλος,false,false,false,,false
3189,Αντρέας Ροδινός,false,false,false,,false
3190,O. Viotti,false,false,false,,false
3191,Τάσος Οικονόμου,false,false,false,,false
3192,Ε. Μαργαρίτης,false,false,false,,false
3193,Φ. Μελετοπούλου,false,false,false,,false
3194,Π. Λαμψίδης,false,false,false,,false
3195,Ν. Τσιπουρλιάνος,false,false,false,,false
3196,Αλ. Τσαβαλιάς,false,false,false,,false
3197,Τ. Μαστοράκης,false,false,false,,false
3198,D. Gerard,false,false,false,,false
3199,Γιά. Χατζηγιαννάκης,false,false,false,,false
3200,"Άννα Χατζηδάκη, Σταμ. Χατζηδάκης",false,false,false,,false
3201,από τη Μήδεια του Ευριπίδη-μετ. Π. Πρεβελάκης,false,false,false,,false
3203,Παν. Ρουμελιώτης,false,false,false,,false
3204,Νίκ. Στρογγυλάκος,false,false,false,,false
3205,Ρένα Βασιλείου,false,false,false,,false
3206,Ι. Χατζηγιαννάκης,false,false,false,,false
3207,Δημ. Δανάμος,false,false,false,,false
3208,Θωμάς Μαυρόπουλος,false,false,false,,false
3209,Gaeta Giovanni Ermete (E. A. Mario) - απόδοση στα ελλην. Άγνωστος,false,false,false,,false
3210,Γ. Βιζυηνός,false,false,false,,false
3211,Άλκης Αυγινός,false,false,false,,false
3212,Αλέξης Αλεξόπουλος,false,false,false,,false
3213,Jean Kluger - απόδοση στα ελλην. Σέβη Τηλιακού,false,false,false,,false
3214,Sergio Menegale,false,false,false,,false
3215,Μπ. Πραματευτάκης,false,false,false,,false
3216,Ν. Άσιμος,false,false,false,,false
3217,Τσιτσάνης ή Μάθεσης ;,false,false,false,,false
3218,Μουσαφίρης,false,false,false,,false
3219,Ζάκης,false,false,false,,false
3220,"Riccardo Del Turco, Sigarri (διασκευή Σωτ. Αρνής)",false,false,false,,false
3221,Ν. Λουκάς,false,false,false,,false
3222,Μ. Φάντης,false,false,false,,false
3223,Καλλιόπη Μαρμαρινού,false,false,false,,false
3224,Παντ. Τιτάκης,false,false,false,,false
3225,Γιωρ. Ρωμανός,false,false,false,,false
3226,Σ. Καρδαμίτσης,false,false,false,,false
3227,Στ. Μίμαρος,false,false,false,,false
3228,Αλ. Σακελλαρίου,false,false,false,,false
3229,Γ. Βιδάλης,false,false,false,,false
3230,Γιώ. Αλουπογιάννης,false,false,false,,false
3231,Σταύρος Μποσνακίδης,false,false,false,,false
3232,"Γιά. Βασιλόπουλος, Βαγγ. Ατραΐδης",false,false,false,,false
3233,Θεοδόσης Καπίρης,false,false,false,,false
3234,Τάσος Ποταμιάνος,false,false,false,,false
3235,Γ. Παπανικολάου,false,false,false,,false
3236,Νίκη Σπυροπούλου,false,false,false,,false
3237,Ν. Ρέλλιας,false,false,false,,false
3238,Δ. Χάρος,false,false,false,,false
3239,Περπινιάδης (και Περιστέρης ;),false,false,false,,false
3240,Σαπφώ-ελεύθερη απόδοση Δασκαλόπουλος,false,false,false,,false
3241,Τίμος Μωραϊτίνης,false,false,false,,false
3242,"Δερβενιώτης, Γιά. Σταματίου",false,false,false,,false
3243,Μπέρτολτ Μπρεχτ (απόδοση στίχων Μάριος Πλωρίτης),false,false,false,,false
3244,Λ. Χαλκιάς,false,false,false,,false
3245,Καλδάρας (Σαμολαδάς),false,false,false,,false
3246,Ρόζα Εσκενάζυ (Γιώ. Πετροπουλέας),false,false,false,,false
3247,Παπαϊωάννου (Ηλ. Χαλής),false,false,false,,false
3248,Παν. Καλαποθαράκος,false,false,false,,false
3249,F. M. Reitano - απόδοση στα ελλην. Ρέτη Ζαλοκώστα,false,false,false,,false
3250,Ηρ. Παπασιδέρης,false,false,false,,false
3251,παραδοσιακό Ρώσικο,false,false,false,,false
3252,Άγγ. Δόξας (Ν. Δρακουλίδης),false,false,false,,false
3253,Π. Σολδάτος,false,false,false,,false
3254,Califano,false,false,false,,false
3255,Γ. Δημόπουλος,false,false,false,,false
3256,Ζωρζ Μουστακί-ελλην. στίχοι: Χριστοδούλου,false,false,false,,false
3257,"Αριστ. Χαιρέτης (1η μαντινάδα), Δημ. Αποστολάκης",false,false,false,,false
3258,Roy Dorsel - απόδοση στα ελλην. Πλωμαρίτης,false,false,false,,false
3259,Γιώ. Χάμος,false,false,false,,false
3260,Νότης Κύταρης,false,false,false,,false
3261,"Γιώ. Πολύζος, Απ. Τσαμπούρης",false,false,false,,false
3262,Τ. Τάσιος,false,false,false,,false
3263,Παντ. Καρίβαλης,false,false,false,,false
3264,Βίκυ Αντωνιάδη,false,false,false,,false
3265,Β. Αγγελάκης,false,false,false,,false
3266,Γ. Ακριβόπουλος,false,false,false,,false
3267,Α. Παπαγιαννόπουλος,false,false,false,,false
3268,Αχιλλέας Γραμόζης,false,false,false,,false
3269,Ζακ Στεφάνου,false,false,false,,false
3270,Δημ. Λοΐζος-Φράττης (Μητσάρας),false,false,false,,false
3271,Βάσος Μπάρμπας,false,false,false,,false
3272,Linda Hargrove - απόδοση στα ελλην. Γιά. Πετρίτσης,false,false,false,,false
3273,"Μιχ. Χανιώτης, Λιζ. Καλημέρη",false,false,false,,false
3274,Άγγ. Αγγελόπουλος,false,false,false,,false
3275,"M. Senlis, R. Cloerec",false,false,false,,false
3276,Τζούλια Βοσκοπούλου,false,false,false,,false
3277,Νίκ. Στεργίου,false,false,false,,false
3278,Σ. Σιωπίδου,false,false,false,,false
3279,Γιώ. Κασσιανός,false,false,false,,false
3280,Τζίμης Κολιζέρας,false,false,false,,false
3281,Μάνθ. Πολύζος ή Θεόφ. Κομτζιάς ;,false,false,false,,false
3282,Νίκος Γιαννακός,false,false,false,,false
3283,Γιώ. Καράντζας,false,false,false,,false
3284,Carlos Almaran,false,false,false,,false
3285,Π. Σπανός,false,false,false,,false
3286,"Βαγγ. Μαρκογιαννάκης, Δ. Βερύκοκος",false,false,false,,false
3287,Βέττα Ξανθοπούλοιυ,false,false,false,,false
3288,Βίλη Σανιάνου,false,false,false,,false
3289,"Σπ. Κεφαλλόπουλος, Στρ. Βαλλιάνος",false,false,false,,false
3290,Κατερίνα Αλεξάκη,false,false,false,,false
3291,Cucchiaro,false,false,false,,false
3292,Πάνος Κομνηνός,false,false,false,,false
3293,Μητσάκης (Σέμσης),false,false,false,,false
3294,Βάκης Γιαννούλης,false,false,false,,false
3295,Παν. Μπιλικάς,false,false,false,,false
3296,Δ. Σταμπάνης,false,false,false,,false
3297,Φ. Ρωμανός,false,false,false,,false
3298,Ηλ. Καλατζής,false,false,false,,false
3299,Δημ. Νικητός,false,false,false,,false
3300,Στ. Ανδριόπουλος,false,false,false,,false
3301,Σ. Τσιτσομήτσος,false,false,false,,false
3302,Σ. Χριστοφορίδης,false,false,false,,false
3303,Ευθύβουλος,false,false,false,,false
3304,διασκευή Β. Μαλλιάρας,false,false,false,,false
3305,Ν. Μακρυγιώργος,false,false,false,,false
3306,Μαρία Γκότη,false,false,false,,false
3307,Κ. Νιφόρας,false,false,false,,false
3308,Γ. Παλαμάς,false,false,false,,false
3309,Ελ. Βιτάλη,false,false,false,,false
3310,Χρυτσίνης,false,false,false,,false
3311,Papavasiliou,false,false,false,,false
3312,Ν. Εγγονόπουλος,false,false,false,,false
3313,"Α. Σφακιανάκης, Σ. Κακίσης",false,false,false,,false
3314,Chesnut,false,false,false,,false
3428,Μπέλιος,false,false,false,,false
3315,John C. Fogerty - απόδοση στα ελλην. Ρέτη Ζαλοκώστα,false,false,false,,false
3316,Λιτ. Θουλιώτης,false,false,false,,false
3317,"διασκευή Hatkis, C. Lemesle",false,false,false,,false
3318,Μητσάκης (Βίρβος),false,false,false,,false
3319,Β. Παυλόπουλος,false,false,false,,false
3320,Κ. Τσόγκας,false,false,false,,false
3321,Χρ. Ρουχίτσας,false,false,false,,false
3322,"Σπ. Κορώνης, Φίλανδρος",false,false,false,,false
3323,Μαρία Γκόπη,false,false,false,,false
3324,Αλ. Παναγούλης,false,false,false,,false
3325,Κ. Καπνίσης,false,false,false,,false
3326,Γιά. Κατσιμίχας,false,false,false,,false
3327,Τάσ. Μπουρμάς,false,false,false,,false
3328,Πόπη Καλιοτζίδου,false,false,false,,false
3329,Χ. Μητρόπουλος,false,false,false,,false
3330,Σέμσης ή Στελλάκης ;,false,false,false,,false
3331,Δημ. Μπαρούσης,false,false,false,,false
3332,"Κοκοντίνης, Κόρος",false,false,false,,false
3333,Δ. Μπαρούσης,false,false,false,,false
3334,Έλλη Κεμανίδου,false,false,false,,false
3335,Κ. Ρουμελιώτης (Κ. Φαλτάϊτς),false,false,false,,false
3336,Σπ. Περιστέρης,false,false,false,,false
3337,Χρ. Ρέππας,false,false,false,,false
3338,Κ. Πουρνάρας,false,false,false,,false
3339,Παύλος Σιδηρόπουλος,false,false,false,,false
3340,"Καζαντζίδης, Γιά. Βασιλόπουλος",false,false,false,,false
3341,Λ. Φοινικιώτης,false,false,false,,false
3342,Κατερ. Θεοδωρίδου,false,false,false,,false
3343,Γ. Μιχαλόπουλος,false,false,false,,false
3344,Λένα Ντάινα,false,false,false,,false
3345,Κ. Φασουλάς,false,false,false,,false
3346,Βασ. Κατράκος,false,false,false,,false
3347,Ανδρ. Ευαγγέλου,false,false,false,,false
3348,Φώτης Χαλουλάκος,false,false,false,,false
3349,Χ. Βασιλειάδης (και Γιά. Χαριδάκης ;),false,false,false,,false
3350,F. G. LORCA - απόδοση στα ελλην. Λ. Παπαδόπουλος,false,false,false,,false
3351,Γ. Χασάπογλου,false,false,false,,false
3352,Χρ. Λαβίδας,false,false,false,,false
3353,Aug. Alguero - απόδοση στα ελλην. Τάκης Καμπάς,false,false,false,,false
3354,"Μάνεσης, Αντ. Πλωμαρίτης",false,false,false,,false
3355,Ρούκουνας,false,false,false,,false
3356,Γιώ. Δημόπουλος,false,false,false,,false
3357,Ελ. Μωραΐτη (Περιστέρης),false,false,false,,false
3358,Αριστ. Τάτσιος,false,false,false,,false
3359,Νικ. Ελληναίος,false,false,false,,false
3360,Δ. Γεωργακοπούλου,false,false,false,,false
3361,Raskin,false,false,false,,false
3362,Ιωάν. Ιωαννίδης,false,false,false,,false
3363,Λεωνίδας Μαλένης,false,false,false,,false
3364,Άκης Σκαμάγκας,false,false,false,,false
3365,Κ. Μποσνάκης,false,false,false,,false
3366,Αγγελόπουλος (Καραπατάκης ;),false,false,false,,false
3367,Δημ. Κανέλλος,false,false,false,,false
3368,Johnny Cassar,false,false,false,,false
3369,Ηλ. Κωνσταντινίδης,false,false,false,,false
3370,Amani,false,false,false,,false
3371,Γιά. Μπουφιδης,false,false,false,,false
3372,Αλ. Δάβρης,false,false,false,,false
3373,Μάνος Πυροβολάκης,false,false,false,,false
3374,"Ελ. Μωραΐτου (Μ. Μαργαρίτης, δηλ. Μ. Μάτσας)",false,false,false,,false
3375,Τάσος Μπουγάς,false,false,false,,false
3376,Γαργανουράκης,false,false,false,,false
3377,Δ. Τζεφρώνης,false,false,false,,false
3378,Ολυμπία Καράγιωργα,false,false,false,,false
3379,"Callfano, Ambrossino - απόδοση στα ελλην. Γιώ. Στεφάνου",false,false,false,,false
3380,B. Fomeen,false,false,false,,false
3381,Λούκ. Χατζής,false,false,false,,false
3382,Δέσποινα Κεσίσση,false,false,false,,false
3383,Ε. Μαράβας (Καλδάρας),false,false,false,,false
3384,"Κ. Χαριτοδιπλωμένος, Γιά. Μαρίνος",false,false,false,,false
3385,"Γ. Ζαφειρίου, Σ. Μάνος, Π. Παϊτάρης",false,false,false,,false
3386,Γρυπάρης,false,false,false,,false
3387,Γιώ. Τζιμάκης,false,false,false,,false
3388,Δημ. Πολίτης (παραδοσιακό ;),false,false,false,,false
3389,Τάκης Σωτήρχος,false,false,false,,false
3390,Daniele Pace-Mario Panzeri-Lorenzo Pilat,false,false,false,,false
3391,Γ. Κοντομητρόπουλος,false,false,false,,false
3392,Ευάγγ. Ηγεμών,false,false,false,,false
3393,Κ. Κεραυνός,false,false,false,,false
3394,Χ. Λουκόπουλος,false,false,false,,false
3395,Σώτος Σιδηρόπουλος,false,false,false,,false
3396,Σμαρώ Παπαδοπούλου,false,false,false,,false
3397,Θεοδωράκης,false,false,false,,false
3398,Λίτσα Μαργαρίτη,false,false,false,,false
3399,Στ. Ζώρας,false,false,false,,false
3400,E. Moderel,false,false,false,,false
3401,"Μ. Μαργαρίτης (Μάτσας), Περιστέρης",false,false,false,,false
3402,Μιχ. Κουμπιός,false,false,false,,false
3403,Μιχαήλ Καπηλίδης,false,false,false,,false
3404,Ν. Γκραβενίτης - απόδοση στα ελληνικά Θοδ. Μανίκας,false,false,false,,false
3405,Αλ. Παπαδιαμάντης,false,false,false,,false
3406,B. Bloom - απόδοση στα ελλην. Gino Cudsi,false,false,false,,false
3407,Δ. Ξαπλαντέρης,false,false,false,,false
3408,"Μουγκαφάς, Αν. Μουτσάτσου",false,false,false,,false
3409,Χρ. Αθανασόπουλος,false,false,false,,false
3410,Κ. Λαβίδας,false,false,false,,false
3411,Γιώ. Ασημακόπουλος. Μ. Μάτσας,false,false,false,,false
3412,Τάκης Βουλγαρίδης,false,false,false,,false
3413,Χαρίκλεια Πετράκη,false,false,false,,false
3414,διασκευή Γιώ. Παπαστεφάνου,false,false,false,,false
3415,Belcusse,false,false,false,,false
3416,P. Anka - απόδοση στα ελλην. Αθ. Τσόγκας,false,false,false,,false
3417,"Νίντα Κανάκη, Μ. Βασιλειάδης",false,false,false,,false
3418,Ν. Αγγελής,false,false,false,,false
3419,Γ. Πετρόπουλος,false,false,false,,false
3420,Hammond Hazlewood - απόδοση στα ελλην. Ρ. Ζαλοκώστα,false,false,false,,false
3421,Ηλίας Σιδέρης,false,false,false,,false
3422,Μαρκ. Κοντοπίδης,false,false,false,,false
3423,Erwin Henitscel,false,false,false,,false
3424,διασκευή Κηλαηδόνης,false,false,false,,false
3425,Ηλ. Μαντάς,false,false,false,,false
3426,Κ. Κοσμάς,false,false,false,,false
3427,Elpidio,false,false,false,,false
3429,Γ. Κυβέλος,false,false,false,,false
3430,Censi,false,false,false,,false
3431,Ρένα Στάμου,false,false,false,,false
3432,S. Lama - απόδοση στα ελλην. Σέβη Τηλιακού,false,false,false,,false
3433,Ατταλίδης (Χ. Βασιλειάδης),false,false,false,,false
3434,Χ. Σαλωνίδης,false,false,false,,false
3435,Κ. Μάγνης,false,false,false,,false
3436,Δημ. Κλεάνθης,false,false,false,,false
3437,διασκευή Θόδ. Μπουτάκογλου,false,false,false,,false
3438,John Phillips,false,false,false,,false
3439,Οδ. Πετσάλης,false,false,false,,false
3440,Πιπίτσα Οικονόμου (Μίνως Μάτσας),false,false,false,,false
3441,Ελ. Γιανατσούλια ;,false,false,false,,false
3442,The Girls,false,false,false,,false
3443,Χρ. Τσαγγαρόπουλος,false,false,false,,false
3444,Αθαν. Καρακώστας,false,false,false,,false
3445,Δόμνα Σαμίου,false,false,false,,false
3446,R. Konstandinos,false,false,false,,false
3447,Sharif Dean,false,false,false,,false
3448,Λ.Τσώλης,false,false,false,,false
3449,Φ. Χαλκιάς,false,false,false,,false
3450,Κ. Αρβανίτης,false,false,false,,false
3451,Κ Τσακατσάκης,false,false,false,,false
3452,Στέφ. Νεοαμονιτάκης,false,false,false,,false
3453,Vincent Scotto - απόδοση στα ελλην. Γρ. Κωσταντινίδης,false,false,false,,false
3454,S. Sapiro - απόδοση στα ελλην. Robert Williams,false,false,false,,false
3455,"Αντ. Πλωμαρίτης, Κ. Κοφινιώτης",false,false,false,,false
3456,Τ. Ντορλής,false,false,false,,false
3457,διασκευή Γιά. Ξυλούρης,false,false,false,,false
3458,Τόλης Φωκάς,false,false,false,,false
3459,Μαν. Τούρλου,false,false,false,,false
3460,Σπ. Σούλης,false,false,false,,false
3461,Ν. Αλεξάκης,false,false,false,,false
3462,Κ. Μπαλταζάνης,false,false,false,,false
3463,White,false,false,false,,false
3464,Madur,false,false,false,,false
3465,Κ. Χατζηλαζαρίδης,false,false,false,,false
3466,(Στρ. Καμμενίδης,false,false,false,,false
3467,"Τ. Χαλκιάς, Λάκης Χαλκιάς, Χρ. Χαλκιάς",false,false,false,,false
3468,Θοδ. Γκόινης,false,false,false,,false
3469,Γιά. Παύλου,false,false,false,,false
3470,Τζικ Νακασιάν,false,false,false,,false
3471,Νικ. Μούρλας,false,false,false,,false
3472,Π. Κρόκος,false,false,false,,false
3473,Παντ. Λεούσης,false,false,false,,false
3474,Γιεπρέμ,false,false,false,,false
3475,Σ. Ανδριανόπουλος,false,false,false,,false
3476,Gaspari,false,false,false,,false
3477,Στάθης Σούκας,false,false,false,,false
3478,Στέφ. Αποστολάκης,false,false,false,,false
3479,Ταλιούρης,false,false,false,,false
3480,Μίμης Κατριβάνος,false,false,false,,false
3481,Θ. Μαρράς,false,false,false,,false
3482,V. Buggy,false,false,false,,false
3483,διασκευή Μαυρουδής,false,false,false,,false
3484,Bertolt Brecht - απόδοση στα ελλην. Σταύρος Μελισσινός,false,false,false,,false
3485,Γκούτης,false,false,false,,false
3486,Marti ; - απόδοση στα ελλην. Ν. Μαστοράκης,false,false,false,,false
3487,Βασ. Ζουμπούλης,false,false,false,,false
3488,Αντ. Αντωνάκος,false,false,false,,false
3489,Idelsohn,false,false,false,,false
3490,Γιώ. Kαμβύσης,false,false,false,,false
3491,Γιώ. Ματαράγκας,false,false,false,,false
3492,Δημ. Μανησαλής,false,false,false,,false
3493,Σπ. Φυλακτός,false,false,false,,false
3494,Ν. Σταθερός,false,false,false,,false
3495,Γιά. Προεστάκης,false,false,false,,false
3496,BEATLES,false,false,false,,false
3497,Σταύρος Φωτιάδης,false,false,false,,false
3498,Ε. Τσαλαπατάνης,false,false,false,,false
3499,Διον. Κάνδυλας,false,false,false,,false
3500,M. de Ferandy - απόδοση στα ελλην. Σώτια Τσώτου,false,false,false,,false
3501,R. Arnie - απόδοση στα ελλην. Ν. Ελληναίος,false,false,false,,false
3502,Δημ. Γενιτσαριώτης,false,false,false,,false
3503,N. Sedaka,false,false,false,,false
3504,Ν. Καρβούνης,false,false,false,,false
3505,Ιωάν. Λυμπέρης,false,false,false,,false
3506,Γιώ. Λαμπροθανάσης,false,false,false,,false
3507,"Ghiachini, Aprille - απόδοση στα ελλην. Αθ. Τσόγκας",false,false,false,,false
3508,Ν. Μαμαγκάκης,false,false,false,,false
3509,Η. Λαγουμιτζής,false,false,false,,false
3510,"Γιώ. Οικονομίδης, Κ. Πρετεντέρης",false,false,false,,false
3511,Μέλπω Κολοκοτρώνη,false,false,false,,false
3512,Michel Jourdan,false,false,false,,false
3513,Ανδρέας Αλεξανδράτος-Τυπάλδος,false,false,false,,false
3514,Αθ. Καρβέλας,false,false,false,,false
3515,Σ. Ανδρεάκος,false,false,false,,false
3516,"L. Conald - απόδοση στα ελλην. Ζ. Κορίνθιος, Κ. Παναγιωτόπουλος",false,false,false,,false
3517,Μαρία Μαλλιάρα,false,false,false,,false
3518,Πέτρος Κυριακού,false,false,false,,false
3519,Costandinos (Κωνσταντίνος),false,false,false,,false
3520,Μίμης Γαϊτάνος,false,false,false,,false
3521,Λίτσα Σάνη,false,false,false,,false
3522,Dario Moreno,false,false,false,,false
3523,Ηλ. Βαρσάμης,false,false,false,,false
3524,Γιά. Πολυκανδρώτης,false,false,false,,false
3525,Γιώ. Γκάμαρης,false,false,false,,false
3526,B. George Bop,false,false,false,,false
3527,"V. Pallavicini , V. Wickham, S. Napler, Beli",false,false,false,,false
3528,Δίων Αρύβας-Αττικός,false,false,false,,false
3529,Χρυυσίνης,false,false,false,,false
3530,Ε. Γιγουρτάκης,false,false,false,,false
3531,"Γιώ. Φωτίδας, Μάτσας",false,false,false,,false
3532,Σώτιας Τσώτου,false,false,false,,false
3533,Γιώ. Καµβύσης,false,false,false,,false
3534,Ι. Κανταρτζής,false,false,false,,false
3535,Στέλ. Χρυσίνης,false,false,false,,false
3536,"Δώρου, Γιά. Κοντογούνης",false,false,false,,false
3537,Ν. Σωπασής,false,false,false,,false
3538,Χρ. Χατζησταύρου,false,false,false,,false
3539,Γιά. Μωραΐτης,false,false,false,,false
3540,J. Brel,false,false,false,,false
3541,G. Berger - απόδοση στα ελλην. Αθ. Τσόγκας,false,false,false,,false
3542,Λάμπρος Παπαθανασίου,false,false,false,,false
3543,M. Radice - απόδοση στα ελλην. Σέβη Τηλιακού,false,false,false,,false
3544,Αλ. Γκούβερης,false,false,false,,false
3545,Ανδρ. Χατζηαποστόλου,false,false,false,,false
3546,Ηδύλη Τσακίρη,false,false,false,,false
3547,Ελ. Λαβίδα,false,false,false,,false
3548,Πετσάς (Κοφινιώτης),false,false,false,,false
3549,"Φίλ. Πλιάτσικας, Μάνος Ξυδούς, Μπ. Στόκας",false,false,false,,false
3550,Γιώ. Μιχαλάκης,false,false,false,,false
3551,Στ. Σταύρου,false,false,false,,false
3552,Ροβερτάκης (ή Τ. Εσδράς),false,false,false,,false
3553,Ελ. Μωραΐτου (Σκαρβέλης ; Μάτσας ;),false,false,false,,false
3554,Οδυσ. Ιωάννου,false,false,false,,false
3555,Μ. Γκιουζέλ,false,false,false,,false
3556,Ι. Παπαδόπουλος,false,false,false,,false
3557,Στ. Φραγκάκης,false,false,false,,false
3558,Άντου,false,false,false,,false
3559,Χριστίνα Τσαχτίρη,false,false,false,,false
3560,Γ. Τσουμπαριώτης ή Σκαρβέλης ;,false,false,false,,false
3561,Πάνος Λαμψίδης,false,false,false,,false
3562,Jef Barry,false,false,false,,false
3563,Τζένη Μαστοράκη,false,false,false,,false
3564,R. Arcusa - απόδοση στα ελλην. Σ. Τσώτου,false,false,false,,false
3565,Klaus Munro,false,false,false,,false
3566,Τριπολίτης,false,false,false,,false
3567,Μπ. Δαλιάνης (Άκης Πάνου ;),false,false,false,,false
3568,Τρύπες,false,false,false,,false
3569,Τ. Μπατανίκας,false,false,false,,false
3570,Ε. Μαράβα (Καλδάρας),false,false,false,,false
3571,F. G. LORCA - απόδοση στα ελλην. Κοσμάς Πολίτης,false,false,false,,false
3572,Σπ. Ηλιάδης,false,false,false,,false
3573,"Γιώ. Μουζάκης, Ηλ. Λυμπερόπουλος",false,false,false,,false
3574,Γιά. Παπαδόπουλος,false,false,false,,false
3575,Jimmy Hendrix,false,false,false,,false
3576,Ζαμπέτας,false,false,false,,false
3577,"H. Banks, Χάρης Χαλκίτης - απόδοση στα ελλην. Πυθαγόρας",false,false,false,,false
3578,Γιώ. Θίσβιος,false,false,false,,false
3579,Φ. Στασουλάκης,false,false,false,,false
3580,Διασκευή-Θανάσης Σκορδαλός,false,false,false,,false
3581,Λεων. Ακιλόγλου,false,false,false,,false
3582,Αντ. Πλωμαρίτης ή Ιωάν. Καλαντζής ;,false,false,false,,false
3583,Θόδ. Μακριδάκης,false,false,false,,false
3584,Charly Niessen - απόδοση στα ελλην. Τάκης Καρνάτσος,false,false,false,,false
3585,Τ. Σούκας (Κ. Ψυχογιός ;),false,false,false,,false
3586,Γιά. Μπούρας,false,false,false,,false
3587,Βασ. Σαρηγιαννίδης,false,false,false,,false
3588,Δημ. Κωνσταντάρας,false,false,false,,false
3589,S. Wattly - απόδοση στα ελλην. Αθ. Τσόγκας,false,false,false,,false
3590,Σπ. Ζαχαράτος,false,false,false,,false
3591,Θοδ. Μανίκας-πάνω σε μια ιδέα του Βαγγ. Ραπτόπουλου,false,false,false,,false
3592,Κ. Μάντζιος,false,false,false,,false
3593,Gino Cudsi - απόδοση στα ελλην. Σέβη Τηλιακού,false,false,false,,false
3594,Norman David Shapiro,false,false,false,,false
3595,Sebastian de Iradier - απόδοση στα ελλην. Φοίβος Ατρείδης,false,false,false,,false
3596,Ν. Στάθμας (Μίνως Μάτσας),false,false,false,,false
3597,Γερ. Ανδρεάτος,false,false,false,,false
3598,Θόδ. Θεοδωρίδης,false,false,false,,false
3599,"Βασ. Αρχιτεκτονίδης,",false,false,false,,false
3600,Ε. Μωραΐτη (Περιστέρης),false,false,false,,false
3601,Άγγ. Θεοδωρόπουλος,false,false,false,,false
3602,Νικ. Μπιμπλής,false,false,false,,false
3603,Ν. Ευελπίδης ή Ν. Καμβύσης ;,false,false,false,,false
3604,Δ. Χρημπάκης,false,false,false,,false
3605,Ν. Κοπανίδης,false,false,false,,false
3606,Π. Πρωτόπαππας,false,false,false,,false
3607,Κολοκοτρώνης (Ζαμπέτας ;),false,false,false,,false
3608,"SAVIO, R. ZALOKOSTA",false,false,false,,false
3609,Φρίξος Γαζεπίδης,false,false,false,,false
3610,"Ασημ. Γιαλαμάς, Κ. Πρετεντέρης",false,false,false,,false
3611,Αιμιλία Χατζηδάκη ;,false,false,false,,false
3612,Μποσταντζόγλου,false,false,false,,false
3613,Κ. Κωστής (Κώστας Κωτούλας),false,false,false,,false
3614,Βιργινία Μαγκίδου,false,false,false,,false
3615,Claudia Mori,false,false,false,,false
3616,Ρούτσος,false,false,false,,false
3617,Πάρις Χατζηκυριάκκος,false,false,false,,false
3618,Λ. Στρογγυλός,false,false,false,,false
3619,"Ντίνος Κόκας, Χ. Κατσιμίχας",false,false,false,,false
3620,Τάκ Σούκας,false,false,false,,false
3621,παραδοσιακές παροιμίες,false,false,false,,false
3622,Ηλ. Κατσούλης,false,false,false,,false
3623,Β. Μακρής,false,false,false,,false
3624,Β. Κοντογιάννης,false,false,false,,false
3625,"Ralph Arnie, P. A. Dousset",false,false,false,,false
3626,"L. Leandros, Klaus Munro",false,false,false,,false
3627,Ριζίτικο,false,false,false,,false
3628,Μ. Χελιώτης,false,false,false,,false
3629,Γεώ. Νάκος,false,false,false,,false
3630,Πέτρος Παρθένης,false,false,false,,false
3631,Γιά. Ευαγγελίδης,false,false,false,,false
3632,Β. Ρωμιός,false,false,false,,false
3633,Αντρ. Μπιρμπίλης,false,false,false,,false
3634,Χρ. Δάντης,false,false,false,,false
3635,Βαγγ. Πρέκας (Σαράντος Κοτομάτης ;),false,false,false,,false
3636,Μ. Χριστοδουλίδης,false,false,false,,false
3637,Π. Κυριακός,false,false,false,,false
3638,Ν. Τσαμπαλής,false,false,false,,false
3639,Μιχ. Σέμσης,false,false,false,,false
3640,Καρ. Δοϊτσίδης,false,false,false,,false
3641,Ντέλλα Ρούνικ,false,false,false,,false
3642,"J. L. Dabadie, J. Datin",false,false,false,,false
3643,Τατασόπουλος,false,false,false,,false
3644,Γ. Αλεξίου,false,false,false,,false
3645,Ευρώπη Κεσίδη,false,false,false,,false
3646,Οδ. Ζαχαριάδης,false,false,false,,false
3647,Κ. Διαλεχτός,false,false,false,,false
3648,Σπ. Σαμαράς,false,false,false,,false
3649,Jean Naty,false,false,false,,false
3650,Φ. Νικολάου,false,false,false,,false
3651,Lydia Nicols,false,false,false,,false
3652,Θοδ. Μπουτάκογλου,false,false,false,,false
3653,Χιώτης (Γιώ. Βρούβας ;),false,false,false,,false
3654,Garcia Fernando,false,false,false,,false
3655,Ταμβάκης (Τσιτσάνης),false,false,false,,false
3656,Ανθούλα Αθανασιάδου,false,false,false,,false
3657,Κουερίνης,false,false,false,,false
3658,Γιά. Φερμάνογλου,false,false,false,,false
3659,Βαγγ. Ξύδης,false,false,false,,false
3660,Χ. Χατζάκης,false,false,false,,false
3661,Λαίλιος Καρακάσης,false,false,false,,false
3662,Μαρία Θωίδου,false,false,false,,false
3663,Πάρης Μήτσου,false,false,false,,false
3664,"Σακελλάριος, Γώρ. Γιαννακόπουλος",false,false,false,,false
3665,"Νέστορας Μάτσας, Κ. Ασημακόπουλος",false,false,false,,false
3666,Γιώ. Γιαννόπουλος,false,false,false,,false
3667,"A, Flor",false,false,false,,false
3668,Στέλιος Καλαϊτζής ή Περκέλης,false,false,false,,false
3669,Ν. Καραβιώτης,false,false,false,,false
3670,Αθ. Καραταράκης,false,false,false,,false
3671,L. Cavala - απόδοση στα ελλην. Πωλ Μενεστρέλ,false,false,false,,false
3672,"Adapt, Iglesias - απόδοση στα ελλην. Σέβη Τηλιακού",false,false,false,,false
3673,Paul de Senneville,false,false,false,,false
3674,Raimondi,false,false,false,,false
3675,Ευαγγελία Μηλίτση,false,false,false,,false
3676,James Brown,false,false,false,,false
3677,Χ. Γιαννακόπουλος,false,false,false,,false
3678,Γ. Καράτζιος,false,false,false,,false
3679,παραδοσιακό Κύπρου ;,false,false,false,,false
3680,"Στέλ. Βλαβιανός, Ρ. Κωνσταντίνος",false,false,false,,false
3681,"Μάριος Πανάς, R. Arnie",false,false,false,,false
3682,Ν. Σάσσος,false,false,false,,false
3683,"Όμ. Αθηναίος, Μιχ. Μπαλής",false,false,false,,false
3684,Σ. Κολλητήρη,false,false,false,,false
3685,Ξυδάκης ή Κραουνάκης,false,false,false,,false
3686,R. Young,false,false,false,,false
3687,"halevy, Offenbach",false,false,false,,false
3688,Βασ. Γιαννακόπουλος,false,false,false,,false
3689,Γιά. Στεργίου,false,false,false,,false
3690,Λευτ. Τάσσος,false,false,false,,false
3691,Βασ. Αργυρόπουλος,false,false,false,,false
3692,Τ. Αραζού,false,false,false,,false
3693,Καίτη Δεσύλλα,false,false,false,,false
3694,Πασπαράκης,false,false,false,,false
3695,Κ. Χριστοφόρου,false,false,false,,false
3696,Σωτ. Γελαδάκης,false,false,false,,false
3697,Mouhamed Ben - απόδοση στα ελλην. Π. Φαλάρας,false,false,false,,false
3698,παραδοσιακό Περού,false,false,false,,false
3699,Γιά. Κιουρτσόγλου,false,false,false,,false
3700,Ι. Γούβαλης,false,false,false,,false
3701,"Γιώ. Ασηµακόπουλος, Β. Σπυρόπουλος, Π. Παπαδούκας",false,false,false,,false
3702,Rain Bow,false,false,false,,false
3703,Βαγιόπουλος,false,false,false,,false
3704,M. Radice,false,false,false,,false
3705,Α. Χαλιγιάννης,false,false,false,,false
3706,Αλ. Τσαβαλάς,false,false,false,,false
3707,Ara Dinkjian,false,false,false,,false
3708,A. Bereau - απόδοση στα ελλην. Σέβη Τηλιακού,false,false,false,,false
3709,Κλήμης Σταχτόπουλος,false,false,false,,false
3710,Θόδ. Σωτηρόπουλος,false,false,false,,false
3711,Αριστ. Αργυρόπουλος,false,false,false,,false
3712,P. Anka,false,false,false,,false
3713,"Αλ. Σακελλάριος, Χρ. Γιαννακόπουλος",false,false,false,,false
3714,Ι. Μάνος,false,false,false,,false
3715,Χαρ. Γαργανουράκης,false,false,false,,false
3716,Γιώ. Σταμάτης,false,false,false,,false
3717,Κ. Κωνσταντακόπουλος,false,false,false,,false
3718,Απ. Μάρδας,false,false,false,,false
3719,διασκευή Λ. Πάνας,false,false,false,,false
3720,"Χ. Βασιλειάδης, Πυθαγόρας",false,false,false,,false
3721,Βαγγ. Φίλης,false,false,false,,false
3722,Μεν. Μιχαηλίδης,false,false,false,,false
3723,Μ. Μαλλιάρα,false,false,false,,false
3724,Gino Cupsi - απόδοση στα ελλην. Αθ. Τσόγκας,false,false,false,,false
3725,Γιώ. Ιακωβίδης,false,false,false,,false
3726,Γεωργακοπούλου (Μάνεσης ;),false,false,false,,false
3727,Louis Metz - απόδοση στα ελλην. Ν. Βλυσσίδης,false,false,false,,false
3728,Georges Van Rarys,false,false,false,,false
3729,Γιώ. Κόρος (Γραμ. Θεοδωροπούλου),false,false,false,,false
3730,Κ. Φούντας,false,false,false,,false
3731,Έλλη Λουΐζου,false,false,false,,false
3732,Γ. Δανδουλάκης,false,false,false,,false
3733,Ν. Φατσέας ;,false,false,false,,false
3734,Μπέλλου (Τσιτσάνης) ή Περιστέρης,false,false,false,,false
3735,Γιά. Κουλιανός,false,false,false,,false
3736,Γ. Ευαγγέλου,false,false,false,,false
3737,"Σ. Παπαδοπούλου, Γιά. Συμεωνίδης",false,false,false,,false
3738,Γιώ. Πετροπουλέας,false,false,false,,false
3739,Α. Γκαργκάσουλας,false,false,false,,false
3740,Γιώ. Καρελιώτης,false,false,false,,false
3741,Γ. Ολύµπιος,false,false,false,,false
3742,Αργ. Χατζηνάκος,false,false,false,,false
3743,Σταύρος Λαδάς,false,false,false,,false
3744,Μάρθα Γαβριήλ,false,false,false,,false
3745,Tommy Roe-Dizzy - διασκευή Δώρος Γεωργιάδης,false,false,false,,false
3746,Ν. Τουρκάκης (Ν. Φιλίππου),false,false,false,,false
3747,Πετσάς (Γκούτης),false,false,false,,false
3748,R. Dorsel - απόδοση στα ελλην. Ρέτη Ζαλοκώστα,false,false,false,,false
3749,Ernesto Lecuona,false,false,false,,false
3750,Ιωάννης Πολέμης,false,false,false,,false
3751,Μιχ. Χατζηγιάννης,false,false,false,,false
3752,Θεόδωρος Σπάθης,false,false,false,,false
3753,Ι. Παπαηλίας,false,false,false,,false
3754,Δημ. Ταμπόσης (Dimitri),false,false,false,,false
3755,"R. Barouh, F. Lal",false,false,false,,false
3756,Τ. Καρακατσάνης,false,false,false,,false
3757,Σπ. Σαμάρας,false,false,false,,false
3758,Φούλη Τσόγγα,false,false,false,,false
3759,Πέρσα Σούκα,false,false,false,,false
3760,Παραδοσιακό των Εβρίδων - διασκευή Μιχ. Σιγανίδης,false,false,false,,false
3761,Ιωάννα Κλειάσιου,false,false,false,,false
3762,Σ. Καλυμνάκης,false,false,false,,false
3763,Ν. Γκιζελής,false,false,false,,false
3764,Fred Bongusto - απόδοση στα ελλην. Ν. Μαστοράκης,false,false,false,,false
3765,Γιώ. Χουβαδάς,false,false,false,,false
3766,Ανδρ. Κατσιγιάννης,false,false,false,,false
3767,Valerio-απόδοση στα ελλην. Πώλ Μενεστρέλ ;,false,false,false,,false
3768,Γιά. Πετρίτσης,false,false,false,,false
3769,Κοσμάς Κοσμαδόπουλος,false,false,false,,false
3770,Ιωσήφ Ριτσιαρδής,false,false,false,,false
3771,Χάρης Λυμπερόπουλος,false,false,false,,false
3772,Franco Cirliano,false,false,false,,false
3773,Μ. Ιγνατιάδης,false,false,false,,false
3774,Δημ. Κωστόπουλος,false,false,false,,false
3775,Τ. Αθηναίος,false,false,false,,false
3776,"Ηλ. Κλωναρίδης, Δημ. Ρήτας",false,false,false,,false
3777,Θεόδ. Ποάλας,false,false,false,,false
3778,Γιά. Παριανός,false,false,false,,false
3779,"Βασ. Παπαδούκας, Γ. Ασηµακόπουλος, Β. Σπυρόπουλος",false,false,false,,false
3780,"Στ. Βλαβιανός, Χάρης Χαλκίτης",false,false,false,,false
3781,Μιχ. Καπούλας,false,false,false,,false
3782,Στάθης Παντούρης,false,false,false,,false
3783,Γιά. Πεπονής,false,false,false,,false
3784,Γ. Διαμάντης,false,false,false,,false
3785,Rahdy Newman,false,false,false,,false
3786,Gerry Goffin,false,false,false,,false
3787,Αλ. Δήμου,false,false,false,,false
3788,Θόδ. Γραμματικόπουλος,false,false,false,,false
3789,Σπυριδούλα Βοργίδου,false,false,false,,false
3790,Ch. Aznavour,false,false,false,,false
3791,Sigman,false,false,false,,false
3792,Mogol - απόδοση στα ελλην. Πασχάλης,false,false,false,,false
3793,Γρ. Θεοδωρόπουλος,false,false,false,,false
3794,Greenaway - απόδοση στα ελληνικά: Ν. Ελληναίος,false,false,false,,false
3795,Χρ. Πρωμύρας,false,false,false,,false
3796,"Libano, Leoni",false,false,false,,false
3797,(Στρ. Πελαγίδης) Κολοκοτρώνης,false,false,false,,false
3798,Γιώ. Παπαδόπουλος,false,false,false,,false
3799,Α. Γεωργιάδης,false,false,false,,false
3800,Ά. Σκαμάγκας,false,false,false,,false
3801,Ηλ. Ασβεστόπουλος,false,false,false,,false
3802,Γ. Γκότσης,false,false,false,,false
3803,R. Moretti,false,false,false,,false
3804,"Γιά. Φερμάνογλου, Φ. Μιχαλάτος",false,false,false,,false
3805,Σιδερής Αντωνίου,false,false,false,,false
3806,Θέμος Μίξης,false,false,false,,false
3807,Ηλ. Λαγουμιτζής,false,false,false,,false
3808,Γιώ. Μπελεγρής,false,false,false,,false
3809,"N. D'Alessio, M. Minerbi",false,false,false,,false
3810,Γ. Αθανασόπουλος,false,false,false,,false
3811,Α. Κυριάκου,false,false,false,,false
3812,F. G. LORCA - απόδοση στα ελλην. Ελύτης,false,false,false,,false
3813,Farian,false,false,false,,false
3814,Θωμάς Χρυσανθόπουλος,false,false,false,,false
3815,Δημ. Μπαρούσης (Λορέντζος),false,false,false,,false
3816,Γ. Αλεξόπουλος,false,false,false,,false
3817,Κώστ. Καρουσάκης,false,false,false,,false
3818,Ευτύχης Ζαρμπ,false,false,false,,false
3819,Ν. Παπάζογλου,false,false,false,,false
3820,Αρ. Βασιλειάδης,false,false,false,,false
3821,"Pietro Soffici, Rober Soffici, Luigi Clausetti, Roberto Guscelli, Ascri Mogol",false,false,false,,false
3822,Α. Χατζηαποστόλου,false,false,false,,false
3823,Καραντίνης,false,false,false,,false
3824,Β. Βιτουλαδίτης,false,false,false,,false
3825,G. Conte - απόδοση στα ελλην. Σώτια Τσώτου,false,false,false,,false
3826,Tedis (;),false,false,false,,false
3827,Γιώ. Πολίτης,false,false,false,,false
3828,Τζουανάκος (Χ. Βασιλειάδης ;),false,false,false,,false
3829,Λία Χατζοπούλου-Καραβία,false,false,false,,false
3830,Ν. Τσιγκουνάκης,false,false,false,,false
3831,Ηλ. Λυμπερόπουλος (και ; Γιώ. Οικονομίδης),false,false,false,,false
3832,Γιά. Παπαδόπουλος (Παπαγιαννοπούλου),false,false,false,,false
3833,Γιώ. Ζαρμπ,false,false,false,,false
3834,Δημ. Υφαντής,false,false,false,,false
3835,"Λουκάς Στρογγυλός (Κ, Μακρής)",false,false,false,,false
3836,Pedro Badía - διασκευή Charles Borel-Clerc.,false,false,false,,false
3837,Λίτσα Μπεσκάκη,false,false,false,,false
3838,"H. Banks, B. J. Crutcher, D. Davis, R. Jackson",false,false,false,,false
3839,Γ. Ταμπακοπούλου,false,false,false,,false
3840,Αννούλα Βασιλείου,false,false,false,,false
3841,Λεό Ραπίτης,false,false,false,,false
3842,τούρκικο - διασκευή: Τ. Τσακαλίας,false,false,false,,false
3843,Paul Anka,false,false,false,,false
3844,Βαρτάνης (Χ. Βασιλειάδης),false,false,false,,false
3845,Anton Karas,false,false,false,,false
3846,Στ. Μιχαλόπουλος,false,false,false,,false
3847,Ε. Ζεπάτος,false,false,false,,false
3848,I. Διδήλης,false,false,false,,false
3849,Δημ. Κατσαρός,false,false,false,,false
3850,"παραδοσιακό Βόρ. Μακεδονίας - διασκευή Dimovski, Jovcev, Jovanovski, Uzunski, Shutevski",false,false,false,,false
3851,Παπαϊωάννου ;,false,false,false,,false
3852,Ν. Μπότσας,false,false,false,,false
3853,Sulluvan Bara - απόδοση στα ελλην. Κ. Κοφινιώτης,false,false,false,,false
3854,Σπ. Μπρακάκης,false,false,false,,false
3855,Γιά. Σπανός,false,false,false,,false
3856,Manthos Hatcias ;,false,false,false,,false
3857,Γ. Χρόνης,false,false,false,,false
3858,Αντ. Μουστάκας ή Καρανικόλας,false,false,false,,false
3859,Αιµ. Σαββίδης,false,false,false,,false
3860,Μπ. Θεσσαλός (Καραπατάκης),false,false,false,,false
3861,Νίκη Mackinnon Andrew,false,false,false,,false
3862,Enio Morricone,false,false,false,,false
3863,Λάζ. Τσιλιγγίρης,false,false,false,,false
3864,Βλ. Μπονάτσος,false,false,false,,false
3865,Κ. Κονιτόπουλος (Γιώ. ;),false,false,false,,false
3866,Π. Τιτάκης,false,false,false,,false
3867,Paul Misraki,false,false,false,,false
3868,Δημ. Καρακάσης,false,false,false,,false
3869,Σέμσης (παραδοσιακό),false,false,false,,false
3870,Αντρ. Μικρούστικος,false,false,false,,false
3871,Γιώ. Εμιρζάς,false,false,false,,false
3872,Θοδ. Παπαδόπουλος,false,false,false,,false
3873,"M. Panas, K. Munro, J. Lloyd",false,false,false,,false
3874,K. Munro - απόδοση στα ελλην. Σέβη Τηλιακού,false,false,false,,false
3875,"Περιστέρης (Ζακ Ιακωβίδης, Μάτσας)",false,false,false,,false
3876,Reftano - απόδοση στα ελλην. Ρ. Ζαλοκώστα,false,false,false,,false
3877,Μίμης Χριστόπουλος,false,false,false,,false
3878,Χριστίνα Μαραγκόζη,false,false,false,,false
3879,Φίλ. Ρούντας,false,false,false,,false
3880,Βαγγ. Σούκας,false,false,false,,false
3881,Ι. Κοκολάκης,false,false,false,,false
3882,Άκης Πάνου ή Ν. Πετρά,false,false,false,,false
3883,M. De La Calva,false,false,false,,false
3884,Ν. Περδίκης,false,false,false,,false
3885,Ι. Γεωργακοπούλου,false,false,false,,false
3886,"Αργ. Παπαγεωργίου, Βαγγ. Δεληκούρας",false,false,false,,false
3887,Στέφ. Νικίδης ή Δημ. Βαρσαμίδης,false,false,false,,false
3888,Κ. Παπαλαμπρόπουλος,false,false,false,,false
3889,Ελπ. Κοφινιώτη,false,false,false,,false
3890,BLACK,false,false,false,,false
3891,Pinelli - απόδοση στα ελλην. Καρ. Παλαιολόγου,false,false,false,,false
3892,"Άλκης Κακαλιάγκος, Πασχ. Αρβανιτίδης",false,false,false,,false
3893,Hart,false,false,false,,false
3894,Χριστιανόπουλος,false,false,false,,false
3895,Φωφώ Τρέζου,false,false,false,,false
3896,H. Reipsch - απόδοση στα ελλην. Τζ. Μακούλης,false,false,false,,false
3897,Γιώ. Γιαννόπουλος-Ν. Λουκάς,false,false,false,,false
3898,Νότης Μαυρουδής,false,false,false,,false
3899,Falvo Rodolfo,false,false,false,,false
3900,Bardotti,false,false,false,,false
3901,Ζαχ Δελμούζος,false,false,false,,false
3902,Ζωή Σπάθη,false,false,false,,false
3903,"Φ. Θεοφανίδου, Ρασούλης, Γ. Φαληρέας",false,false,false,,false
3904,"Engvick, Rauch",false,false,false,,false
3905,Μάκης Τζωρτζάκης,false,false,false,,false
3906,Γιώ. Ιωάννου,false,false,false,,false
3907,Μάριος Ντουβής,false,false,false,,false
3908,Μαρία Πικριδά,false,false,false,,false
3909,Shel Sapiro,false,false,false,,false
3910,Μπάμπης Αναγιωτός,false,false,false,,false
3911,"Testa, Artemo",false,false,false,,false
3912,Ιω. Πρίμος (Γιά. Δραγάτσης ή Ογδοντάκης),false,false,false,,false
3913,Αγγ. Ελευθερίου,false,false,false,,false
3914,"Πέτρος Μίσκος, Πέτρος Παρασκευάς",false,false,false,,false
3915,Θύμ. Στουραΐτης,false,false,false,,false
3916,Ε. Παπαϊωάννου,false,false,false,,false
3917,Ευάγγ. Φυλακτός,false,false,false,,false
3918,Γ. Μανωλάς,false,false,false,,false
3919,Γ. Φωτίδας (Μίνως Μάτσας),false,false,false,,false
3920,Σ. Καλαϊτζής,false,false,false,,false
3921,παραδοσιακό - διασκευή The Forminx,false,false,false,,false
3922,Ζάκ Ιακωβίδης,false,false,false,,false
3923,Γ. Σταύρου,false,false,false,,false
3924,Άκης Πέτρου,false,false,false,,false
3925,Γιά. Πολυκανδριώτης,false,false,false,,false
3926,Αλ. Τριανταφυλλίδης,false,false,false,,false
3927,Γιά. Γκουζιώτης,false,false,false,,false
3928,Δ. Βασιάδης,false,false,false,,false
3929,Αντ. Ανδρεαδάκος,false,false,false,,false
3930,"Χρυσίνης, Λ. Κοπελίδης",false,false,false,,false
3931,Ελπίδα,false,false,false,,false
3932,Ν. Μιχόλιας,false,false,false,,false
3933,Kevin Mulligan-ελλην. στίχοι: Γιώ. Κρητικός,false,false,false,,false
3934,Μιχ. Μαρματάκης,false,false,false,,false
3935,Ανέστος Αθανασίου,false,false,false,,false
3936,Α. Κακαλιάγκος,false,false,false,,false
3937,Γ. Σούκας,false,false,false,,false
3938,Πάνος Τριανταφυλλίδης,false,false,false,,false
3939,Καρανικόλας,false,false,false,,false
3940,Ευάγγ. Παππάς,false,false,false,,false
3941,παραδοσιακό ή Σταμ. Χατζηδάκης,false,false,false,,false
3942,Λ.(ούλα ;) Παπαγιαννοπούλου,false,false,false,,false
3943,Κ. Παναγιωτόπουλος,false,false,false,,false
3944,Π. Κ;;;,false,false,false,,false
3945,A. Conefeld - απόδοση στα ελληνικά Γιά. Καλαμίτσης,false,false,false,,false
3946,Halzard - απόδοση στα ελλην. Αντ. Πλωμαρίτης,false,false,false,,false
3947,Στεφ. Σπιτάμπελος,false,false,false,,false
3948,Μάρω Βαμβουνάκη,false,false,false,,false
3949,Ρασούλης,false,false,false,,false
3950,Ν. Ζαχά,false,false,false,,false
3951,Ν. Κωνσταντοπούλου,false,false,false,,false
3952,Ανέστης Κωνσταντινίδης,false,false,false,,false
3953,Ιάκ. Καμπανέλλης,false,false,false,,false
3954,Γιώ. Πέρκας,false,false,false,,false
3955,Ηλίας Ηλιόπουλος,false,false,false,,false
3956,Τόλης Εσδράς (ή Γιώ. Μιχαλόπουλος),false,false,false,,false
3957,Μαραγκουδάκης,false,false,false,,false
3958,Πέτρος Πετρίδης,false,false,false,,false
3959,Ηλ. Αγγελόπουλος,false,false,false,,false
3960,"Κ. Λογοθετίδης, Γρηγ. Μυλωνάς",false,false,false,,false
3961,Β. Κοντογρούνης,false,false,false,,false
3962,Παν. Σανταμούρης,false,false,false,,false
3963,Αχιλ. Λυμπουρίδης,false,false,false,,false
3964,Θ. Καράμπαλης,false,false,false,,false
3965,Quirage - απόδοση στα ελλην. Αντ. Πλωμαρίτης,false,false,false,,false
3966,Χαρίλαος Κρητικός,false,false,false,,false
3967,Μπ. Στόκας,false,false,false,,false
3968,Σ. Σιαπκαράς,false,false,false,,false
3969,Βα. Σούκας,false,false,false,,false
3970,Τάσ. Μαστοράκης,false,false,false,,false
3971,"Δημ. Γκιούσος, Α. Ζάπρος",false,false,false,,false
3972,Επαμ. Γκυζιώτης,false,false,false,,false
3973,Ιωάννης Ταπεινάκης,false,false,false,,false
3974,Μ. Κορφιάτης (Δασκαλόπουλος),false,false,false,,false
3975,Χρ. Νικολόπουλος,false,false,false,,false
3976,Περδικόπουλος (Ροβερτάκης ;),false,false,false,,false
3977,A. Barrier,false,false,false,,false
3978,παραδοσιακό (Τομπούλης ;),false,false,false,,false
3979,Βασ. Κοτσώλης,false,false,false,,false
3980,Vaughan Williams - απόδοση στα ελλην. Αλ. Αλ. Αλεξόπουλος,false,false,false,,false
3981,Μ. Τσάμας (Μ. Μάτσας),false,false,false,,false
3982,Ασ. Παπαθεοδώρου,false,false,false,,false
3983,Γιά. Κιουρκτσόγλου,false,false,false,,false
3984,Κιτσάκης,false,false,false,,false
3985,Jeff Barnet - απόδοση στα ελλην. Εύη Δρούτσα,false,false,false,,false
3986,Ηρ. Παπαιδέρης,false,false,false,,false
3987,Συτέλιος Χριστοφορίδης,false,false,false,,false
3988,Michel Delpech - απόδοση στα ελλην. Ν. Ελληναίος,false,false,false,,false
3989,Μιχ. Μπαρμπαλιάς,false,false,false,,false
3990,Κωστούλα Μητροπούλου,false,false,false,,false
3991,Άγγ. Κατωπόδης,false,false,false,,false
3992,Στάθης Καζαντζίδης,false,false,false,,false
3993,Γιά. λεωτσάκος,false,false,false,,false
3994,Γ. Χατζηπιερής,false,false,false,,false
3995,"Ν. Γράψας. Ι. Παπαδάκης, Παν. Ξυδιάς, Νατάσα Καρβούνη",false,false,false,,false
3996,Σωτ. Μίμαρος,false,false,false,,false
3997,Μίλτος Στάμος,false,false,false,,false
3998,Παπαϊωάννου (Ν. Μπατάγιας),false,false,false,,false
3999,S. W. Ervant,false,false,false,,false
4000,Κ. Καραδήμου,false,false,false,,false
4001,Δημ. Γιαννουλάκης ;,false,false,false,,false
4002,Άλλεν Γκίνσμπεργκ - απόδοση στα ελλην. Άρης Μπερλής,false,false,false,,false
4003,Στ. Κυπριώτης,false,false,false,,false
4004,D. Donazzio,false,false,false,,false
4005,Jack Ledry,false,false,false,,false
4006,Διον. Φρύσαλης,false,false,false,,false
4007,Μπ. Τρικαλινός (Βίρβος),false,false,false,,false
4008,Λήδα Ρασούλη ;,false,false,false,,false
4009,Χρ. Παναγιωτίδης,false,false,false,,false
4010,"Ν. Πεϊς, Ο. Αβογκάρντο - απόδοση στα ελλην. Σέβη Τηλιακού",false,false,false,,false
4011,"Rosemarie Rosakis, Maik Rozakis",false,false,false,,false
4012,Τ. Παπάζογλου,false,false,false,,false
4013,Χιώτης (Ν. Φατσέας),false,false,false,,false
4014,Γ. Σαρής (Μούτσης),false,false,false,,false
4015,Λ. Παπαδόπουλος (εμπνευσμένο από ποίημα του Ν. Καββαδία),false,false,false,,false
4016,Στέλιος Φουσταλιεράκης,false,false,false,,false
4017,"Μ. Μαχαίρας, Φ. Μπακόπουλος (ή Μιτακόπουλος ;)",false,false,false,,false
4018,Ελένη Ανδρεάκου,false,false,false,,false
4019,Λοΐζος,false,false,false,,false
4020,Δ. Φραγκιουδάκης,false,false,false,,false
4021,"Φώτης Ζησούλης, Καλλιόπη Μαρμαρινού",false,false,false,,false
4022,Ζ. Χόνδρος,false,false,false,,false
4023,"Νικολόπουλος, Καζαντζίδης",false,false,false,,false
4024,Λεων. Κλάδος,false,false,false,,false
4025,Χατδιδάκις,false,false,false,,false
4026,Violetta Parra,false,false,false,,false
4027,Π. Πρωτόπαπας (ή Μιχ. Πρωτόπαπας ;),false,false,false,,false
4028,Περιστέρης (Μίνως Μάτσας) (παραδοσιακό),false,false,false,,false
4029,Βαγγ. Περπινιάδης,false,false,false,,false
4030,Π. Παύλος,false,false,false,,false
4031,Περιστέρης (Μ. Μάτσας),false,false,false,,false
4032,Καπλάνης (Μάνεσης),false,false,false,,false
4033,Γιά. Κόλλιας,false,false,false,,false
4034,Μαρίζα Κωχ ή Ξέμπαρκοι,false,false,false,,false
4035,E. Chiprut,false,false,false,,false
4036,Ελία Ζερβού,false,false,false,,false
4037,Στέλιος Μίμαρος,false,false,false,,false
4038,Γκούτης  (ή Παπαγιαννοπούλου ;),false,false,false,,false
4039,Carl D' Errico,false,false,false,,false
4040,Ιωάν. Μαρκόπουλος,false,false,false,,false
4041,Βασ. Βασιλικός,false,false,false,,false
4042,Ν. Παναγιωτούνης,false,false,false,,false
4043,Ν.Παταβούκας,false,false,false,,false
4044,Περγιάλης,false,false,false,,false
4045,Β. Τροχανάκης,false,false,false,,false
4046,Ανδρέας Μέξας,false,false,false,,false
4047,Mike Moraitis,false,false,false,,false
4048,Γιώ. Μίτσιγκας,false,false,false,,false
4049,Amaud Taieb,false,false,false,,false
4050,Αργ. Εφταλιώτης,false,false,false,,false
4051,Δώρης Καρζής,false,false,false,,false
4052,Μπουρνέλης (Χ. Βασιλειάδης),false,false,false,,false
4053,Σούλα Βασιλάκου,false,false,false,,false
4054,J. Lloyd,false,false,false,,false
4055,Φώτ. Παυλάτος,false,false,false,,false
4056,Νταλγκάς,false,false,false,,false
4057,Μπ. Φουρνογεράκης,false,false,false,,false
4058,Παντ. Σεβαστίδης,false,false,false,,false
4059,J. Iglesias,false,false,false,,false
4060,Κ. Φυρογένης,false,false,false,,false
4061,Γιώ. Βεντούζας,false,false,false,,false
4062,Τζων Στάκας,false,false,false,,false
4063,Πέτρος Πολλάτος;,false,false,false,,false
4064,Στ. Φωτιάδης,false,false,false,,false
4065,P. Malcor ;,false,false,false,,false
4066,Οδυσ. Μοσχονάς,false,false,false,,false
4067,Ιορδάνης,false,false,false,,false
4068,Μ. Μουντές,false,false,false,,false
4069,Σ. Καψαλός,false,false,false,,false
4070,Δ. Καλλίνικος,false,false,false,,false
4071,Αριστ. Βαλαωρίτης,false,false,false,,false
4072,Ιωσ. Ριτσιάρδης,false,false,false,,false
4073,Βεατρίκη Δαλαμάγκα,false,false,false,,false
4074,Ρένα Πολίτη,false,false,false,,false
4075,Γιώ. Μπελώνης,false,false,false,,false
4076,Ν. Χαραλαμπίδης,false,false,false,,false
4077,διασκευή Μ. Θειόπουλος,false,false,false,,false
4078,Λίτσα Δρατσέλα,false,false,false,,false
4079,S. Linus,false,false,false,,false
4080,Ali Naushad,false,false,false,,false
4081,R. Ruppen,false,false,false,,false
4082,Σπ. Καρδάμης (Ν. Ελληναίος ;),false,false,false,,false
4083,Χρ. Πλατίτσας,false,false,false,,false
4084,Κρέων Ρηγόπουλος,false,false,false,,false
4085,Ρουμπάνης,false,false,false,,false
4086,Πάνος Κόκκινος,false,false,false,,false
4087,Lucietti - απόδοση στα ελλην. Αθ. Τσόγκας,false,false,false,,false
4088,Δαλιάνης,false,false,false,,false
4089,Sam Samudio,false,false,false,,false
4090,L. Bobb,false,false,false,,false
4091,Κ. Ανατολίτης (Κοφινιώτης),false,false,false,,false
4092,Βάσω Ζαΐμη,false,false,false,,false
4093,Σ. Αδμιράκης ;,false,false,false,,false
4094,Αλ Καγιάντας,false,false,false,,false
4095,διασκευή-Ν. Μαστοράκης,false,false,false,,false
4096,Ιωάν. Κόλλιας,false,false,false,,false
4097,F. Specchia,false,false,false,,false
4098,Παυλίνα Παμπούδη,false,false,false,,false
4099,Γ. Νιάρχος,false,false,false,,false
4100,Α. Χριστοδουλόπουλος,false,false,false,,false
4101,Γ. Ρωσσουλάτος,false,false,false,,false
4102,Σπ. Σαμοΐλης,false,false,false,,false
4103,Σ. Μαυρίας,false,false,false,,false
4104,Γιά. Φουντής,false,false,false,,false
4105,Ζαμπέτας (Τζεφρώνης ;),false,false,false,,false
4106,Σέβη Τηλιακού,false,false,false,,false
4107,Αλ. Βλαχόπουλος,false,false,false,,false
4108,Πέτρος Κυριακός,false,false,false,,false
4109,Μαν. Φάμελλος,false,false,false,,false
4110,"F. Thomas, J. M. Rivat",false,false,false,,false
4111,Don Backy,false,false,false,,false
4112,Δ. Χαλκιάς,false,false,false,,false
4113,"Στρατής Σπυριδάκης, Σιμεών Καπετανάκης",false,false,false,,false
4114,Άρης Σαμολαδάς,false,false,false,,false
4115,Κάλλια Σπυριδάκη,false,false,false,,false
4116,Σ. Κυπριώτης,false,false,false,,false
4117,"Δημ. Ορφανίδης, Μ. Γεωργαρής ή Σπ. Παπαβασιλείου",false,false,false,,false
4118,Ν. Λογοθέτης (Περδικόπουλος ;),false,false,false,,false
4119,Β. Βασιλόπουλος,false,false,false,,false
4120,Σωτ. Παπαστερίου,false,false,false,,false
4121,"Αγριανίτης, Κ. Πρέντας",false,false,false,,false
4122,Β. Αφεντάκης,false,false,false,,false
4123,Κ. Χαλτούτας,false,false,false,,false
4124,Μποστ,false,false,false,,false
4125,Πυθαγόρας ;,false,false,false,,false
4126,PLJ Band,false,false,false,,false
4127,"Χρ. Αποστόλου, Μοσχονάς",false,false,false,,false
4128,Enzo Griagnaniello,false,false,false,,false
4129,Lorenzo Barcelata,false,false,false,,false
4130,Δ. Γιαννικόπουλος,false,false,false,,false
4131,Γιά. Καστριώτης,false,false,false,,false
4132,"Andrea Lo Mecchio, R. Williams - απόδοση στα ελλην. Σέβη Τηλιακού",false,false,false,,false
4133,Θέμης Ανδεράδης,false,false,false,,false
4134,"Κερμανίδης, Α. Δρόσος",false,false,false,,false
4135,"Snyder, Kaemipterf",false,false,false,,false
4136,Σπ. Παπασταθόπουλος,false,false,false,,false
4137,Φώντας Λάδης,false,false,false,,false
4138,Κυρ. Κωτούλας,false,false,false,,false
4139,E.  Montry,false,false,false,,false
4140,Dave Carroll,false,false,false,,false
4141,Καραμπεσίνης (Ρέτη Ζαλοκώστα),false,false,false,,false
4142,Tolchard Evans - απόδοση στα ελλην. Πωλ Μενεστρέλ,false,false,false,,false
4143,Μωυσής Κοϊνόγλου,false,false,false,,false
4144,Μαν. Στραβός,false,false,false,,false
4145,Πόλα Γαλανοπούλου,false,false,false,,false
4146,Ν. Γκιουλέκας,false,false,false,,false
4147,Λευτ. Σκαμάγκας,false,false,false,,false
4148,Αντ. Γιωργαρής,false,false,false,,false
4149,Tschaikowsky,false,false,false,,false
4150,B. Mason,false,false,false,,false
4151,Θ. Μπαραμπόκας,false,false,false,,false
4152,Κ. Παπαδούκας,false,false,false,,false
4153,Εμ. Παπαγεωργίου,false,false,false,,false
4154,Στρ. Πελαγίδης,false,false,false,,false
4155,Γ. Ιωαννίδης,false,false,false,,false
4156,Μπ. Καλατζόγλου,false,false,false,,false
4157,Ποτοσίδης (Κολοκοτρώνης),false,false,false,,false
4158,Ξ. Σπουργίτης,false,false,false,,false
4159,M. Jarre,false,false,false,,false
4160,Σ. Βασιλάκος,false,false,false,,false
4161,Λέντζας,false,false,false,,false
4162,Βασούλα Ευθυμιάδου,false,false,false,,false
4163,Γ. Παπαδόπουλος,false,false,false,,false
4164,Κ. Τελάκης,false,false,false,,false
4165,Φωτεινή Λαμπρίδη,false,false,false,,false
4166,παραδοσιακό Αρμενίας - διασκευή Kora Michaelian,false,false,false,,false
4167,Γ. Δελεβάντες,false,false,false,,false
4168,Ν. Μάργαρης,false,false,false,,false
4169,Χατζηχρήστος (Γιά. Λελάκης ;),false,false,false,,false
4170,Gorni Kramer,false,false,false,,false
4171,Dulce Pontes-ελλην. Στίχοι Νικολακοπούλου,false,false,false,,false
4172,Ροδάμανθος Ανδρουλάκης,false,false,false,,false
4173,Ε. Μαρκόπουλος,false,false,false,,false
4174,|Απ. Μπόνης,false,false,false,,false
4175,"Κ. Μάστορης, Γ. Μανιάτης, Α. Μανιάτης",false,false,false,,false
4176,B. Dussine - απόδοση στα ελλην. Δημ. Ιατρόπουλος,false,false,false,,false
4177,Blgazzi,false,false,false,,false
4178,Leonard Cohen,false,false,false,,false
4179,S. Galnsbourg - απόδοση στα ελλην. Ν. Μαστοράκης,false,false,false,,false
4180,Γιά. Παλιολόγος,false,false,false,,false
4181,Αλ. Αναστασιάδης,false,false,false,,false
4182,A. Goraguer,false,false,false,,false
4183,Γιά. Σταματίου ;,false,false,false,,false
4184,Βασ. Μεσολογγίτης,false,false,false,,false
4185,Μ. Κοντοπίδης,false,false,false,,false
4186,"Ζαμπέτας, Γ. Μυρογιάννης",false,false,false,,false
4187,Γ. Ατραΐδης,false,false,false,,false
4188,Β. Χατζόπουλος,false,false,false,,false
4189,Παν. Παπαχρήστου,false,false,false,,false
4190,Ζωή Γρυπάρη (Ζωή Νάχη) (Κολοκοτρώνης),false,false,false,,false
4191,Μιχ. Μενιδιάτης,false,false,false,,false
4192,Χρ. Μαργιολάς,false,false,false,,false
4193,Αναγνωστάκης,false,false,false,,false
4194,Λάμπρος Λαμπαδάρης,false,false,false,,false
4195,Στάθης Σπυρόπουλος,false,false,false,,false
4196,Ν. Σιδέρης,false,false,false,,false
4197,R. Hernandez - απόδοση στα ελλην. Κώστας Κ. (Κοφινιώτης),false,false,false,,false
4198,παραδοασιακό,false,false,false,,false
4199,Ντίνα Παπασταύρου,false,false,false,,false
4200,Αρλέτα,false,false,false,,false
4201,Χάρης Παμφίλης,false,false,false,,false
4202,Χρ. Αργυρόπουλος,false,false,false,,false
4203,Γιώ. Δημητράς,false,false,false,,false
4204,Ελ. Μωραϊτου (Περιστέρης),false,false,false,,false
4205,ππαραδοσιακό,false,false,false,,false
4206,Lina Wertmuller,false,false,false,,false
4207,Ν. Κατελάνος,false,false,false,,false
4208,Γιά. Χαλκαδάκης,false,false,false,,false
4209,Τσιτσάνης (Μάθεσης),false,false,false,,false
4210,Γ. Μουζάκης,false,false,false,,false
4211,Γιά. Αγγελής,false,false,false,,false
4212,Ευάγγ. Ζολωτάκης ή Γιά. Σκρίνης ;,false,false,false,,false
4213,Λ. Ντάινα,false,false,false,,false
4214,Zαμπέτας,false,false,false,,false
4215,Ν. Χατζόπουλος,false,false,false,,false
4216,Αλ. Λιδωρίκης,false,false,false,,false
4217,Θ. Κομτσιάς,false,false,false,,false
4218,Λεων. Αλεξίου,false,false,false,,false
4219,Christie ; - απόδοση στα ελλην. Πλωμαρίτης,false,false,false,,false
4220,Ελ. Παπαγιαννοπούλου,false,false,false,,false
4221,Χριστόφ. Μπαλαμπανίδης,false,false,false,,false
4222,Απ. Μπουλασίκης,false,false,false,,false
4223,Ευθ. (Μίμης) Καμπάνης,false,false,false,,false
4224,Μ. Μέντζος,false,false,false,,false
4225,Carlos Puebla,false,false,false,,false
4226,Μιχ. Τζιάκης,false,false,false,,false
4227,Κ. Διαμαντίδης,false,false,false,,false
4228,Ν. Ηλιάκης (Καφαντάρης),false,false,false,,false
4229,Λ. Καρνέζης,false,false,false,,false
4230,Αρ. Τσολακίδης,false,false,false,,false
4231,Jay Livingston,false,false,false,,false
4232,"Ralph Arnie, Λ. Παπαδόπουλος",false,false,false,,false
4233,Σαμαρούλα Μαραγκουδάκη,false,false,false,,false
4234,"Β. Ριζόπουλος, Φ. Σούκα",false,false,false,,false
4235,P. Soffici - απόδοση στα ελλην. Ρέτη Ζαλοκώστα,false,false,false,,false
4236,Σ. Καπίρης,false,false,false,,false
4237,Μπακάλης (Μουρκάκος),false,false,false,,false
4238,Christie ;,false,false,false,,false
4239,Θ. Γελαδάκης,false,false,false,,false
4240,Enrico Masias,false,false,false,,false
4241,Ζωή Σπανουδάκη,false,false,false,,false
4242,Κωστ. Φερνετίνος,false,false,false,,false
4243,Βασ.  Δόικος,false,false,false,,false
4244,Γιώ. Παπανδρέου,false,false,false,,false
4245,Δημ. Ιατροπουλος ;,false,false,false,,false
4246,Jimmy mc Hugh,false,false,false,,false
4247,Ι. Μπαρμπέρης,false,false,false,,false
4248,Νικ. Δημητρίου,false,false,false,,false
4249,Κ. Κεχαγιάς,false,false,false,,false
4250,Ι. Κυπαρίσης,false,false,false,,false
4251,Ε. Φαρούγιας,false,false,false,,false
4252,Γιώ. Χαραλαμπόπουλος,false,false,false,,false
4253,Γιώ. Κουρουπός,false,false,false,,false
4254,Β. Σπανακάκης,false,false,false,,false
4255,Β. Βιολάρης,false,false,false,,false
4256,Σ. Καραούλιας,false,false,false,,false
4257,Migliaci,false,false,false,,false
4258,"Α. Βλασσόπουλος, Σπ. Βλασσόπουλος",false,false,false,,false
4259,Τασία Δούμα,false,false,false,,false
4260,Ανδρ. Μάλλιαρης,false,false,false,,false
4261,Ελ. Μωραΐτου,false,false,false,,false
4262,Α. Δαφνομίλης,false,false,false,,false
4263,Ι. Καλούσης,false,false,false,,false
4264,"3) Δ-345 (με το Σαρρή, 1987)",false,false,false,,false
4265,παραδοσιακό Μικρασιάτικο,false,false,false,,false
4266,Τριαντάφ. Ντόβας,false,false,false,,false
4267,Κ. Παπαδόπουλος,false,false,false,,false
4268,Απ. Μενεξάκης,false,false,false,,false
4269,Έ. Γεωργακοπούλου (Βασ. Σούκας / Λ. Τσώλης),false,false,false,,false
4270,Ηλ. Μάρκου,false,false,false,,false
4271,Ιωάν. Μαραθωνίτης,false,false,false,,false
4272,Φιλ. Γράψας,false,false,false,,false
4273,Λουκάς Θάνος,false,false,false,,false
4274,"Canut Reyes, Paco Baliardo, Diego Baliardo - απόδοση στα ελληνικά: Τάκης Καρνάτσος",false,false,false,,false
4275,Μ. Τσάμας (Μάτσας),false,false,false,,false
4276,"Φώτης Πολυμέρης, Μ. Χάλαρης / Ιωάννης Βέλλας",false,false,false,,false
4277,Γιά. Θεοδωράκης,false,false,false,,false
4278,Γιώ. Ανδρέου,false,false,false,,false
4279,Σταύρος Ζώρας,false,false,false,,false
4280,Αντ. Κολυβάς,false,false,false,,false
4281,Ανδρόνικος,false,false,false,,false
4282,Πάνος Λειβαδάρος,false,false,false,,false
4283,Γιά. Νικολαΐδης,false,false,false,,false
4284,"Λάτας, Σαρ. Τσιλιβερδής",false,false,false,,false
4285,Σωκρ. Βενάρδος,false,false,false,,false
4286,Κ. Ζακυνθινός,false,false,false,,false
4287,Σ. Ουσταμπασίδης,false,false,false,,false
4288,Γιά. Καρασάβας,false,false,false,,false
4289,Ιωάν. Κοντοκάνης,false,false,false,,false
4290,Μ. Τουφεξής,false,false,false,,false
4291,Αριστοφάνης - απόδοση Βασ. Ρώτας,false,false,false,,false
4292,Καραπατάκης (Μάνεσης),false,false,false,,false
4293,Γιώ. Πετροπουλέας (Περιστέρης),false,false,false,,false
4294,Αντ. Τζίνας (Λεον. Μπουρνέλης / Κ Καρδάρας ),false,false,false,,false
4295,Λαύκας ή Παν. Σκουρτέλης ;,false,false,false,,false
4296,παραδοσιακά,false,false,false,,false
4297,Περιστέρης,false,false,false,,false
4298,Ζαγοραίος (Χρ. Παλέντζας ;),false,false,false,,false
4299,Εμμ. Τζινεβράκης,false,false,false,,false
4300,Tom Catalano,false,false,false,,false
4301,Δαλέζιος (Παπάζογλου),false,false,false,,false
4302,Γιώ. Θεοδωσιάδης,false,false,false,,false
4303,Χάρης Χαλκίτης,false,false,false,,false
4304,Μ. Φωτόπουλος,false,false,false,,false
4305,Φώτης Δήμας,false,false,false,,false
4306, Μουσαφίρης,false,false,false,,false
4307,Ευανθία Τριδήμα,false,false,false,,false
4308,Θεοχ. Σπυρόπουλος,false,false,false,,false
4309,"Arcusa, Igglesias - απόδοση στα ελλην. Σέβη Τηλιακού",false,false,false,,false
4310,Γιώ. Κεφάλας,false,false,false,,false
4311,J. C. Fagerty,false,false,false,,false
4312,Lope de Vega - διασκευή Γιώ. Μιχαηλίδης,false,false,false,,false
4313,Γιά. Μηλιώκας,false,false,false,,false
4314,Ευθ. Συρίγος,false,false,false,,false
4315,Ευάγγ. Ζακέζης,false,false,false,,false
4316,Α. Πανίδης,false,false,false,,false
4317,Θοδ. Μανίκας,false,false,false,,false
4318,Μουρκάκος,false,false,false,,false
4319,Γιά. Βέλλας (Κ. Δ. Νικολαΐδης) ;,false,false,false,,false
4320,Ελ. Μωραΐτου (Σπ. Περιστέρης),false,false,false,,false
4321,Ελεύθερη απόδοση στίχων Χ. Κατσιμίχας,false,false,false,,false
4322,Μίμης Καμπάνης,false,false,false,,false
4323,Άρης Δαβαράκης,false,false,false,,false
4324,Α. Πολυκανδριώτης,false,false,false,,false
4325,Πόπη Πασβάντη,false,false,false,,false
4326,Θεοδωράκης ή Μαρκόπουλος,false,false,false,,false
4327,Θεόφ. Κομτζιάς,false,false,false,,false
4328,Αν. Δελιάς,false,false,false,,false
4329,Β. Κορνάρος,false,false,false,,false
4330,Α. Σφακιανάκης,false,false,false,,false
4331,Ρέτη Ζαλοκώτσα,false,false,false,,false
4332,Τάσος Βουγιατζής,false,false,false,,false
4333,"Ζ. Ιακωβίδης, Ι. Βέλλας",false,false,false,,false
4334,Ευστρ. Σκορλέτος,false,false,false,,false
4335,Π. Δαυλόπουλος,false,false,false,,false
4336,Balducci,false,false,false,,false
4337,αγνώστου δημιουργού,false,false,false,,false
4338,Παν. Βαϊνδιρλής,false,false,false,,false
4339,Β. Καραπατάκης,false,false,false,,false
4340,Αν. Αθανασίου (Χ. Βασιλειάδης),false,false,false,,false
4341,Αντ. Παππάς,false,false,false,,false
4342,E. & R. Carlos,false,false,false,,false
4343,"Φ. Μιχαλάτος, Ι. Φερμάνογλου",false,false,false,,false
4344,"Ζαμπέτας (Χ. Βασιλειάδης, Μουρκάκος)",false,false,false,,false
4345,Π. Ελευθεριάδης,false,false,false,,false
4346,Γ. Λαμπρυνίδης,false,false,false,,false
4347,Κατερίνα Τσώλη,false,false,false,,false
4348,Βασ. Κουτσοθανάσης,false,false,false,,false
4349,M.G.C.,false,false,false,,false
4350,Πάν. Χρυσαφέλης,false,false,false,,false
4351,"Χριστ. Κροκίδης, Βασ. Παπακωνσταντίνου",false,false,false,,false
4352,Βίρβος (Καλδάρας),false,false,false,,false
4353,John Fogerty,false,false,false,,false
4354,Ν. Σωμός,false,false,false,,false
4355,M. Calva - απόδοση στα ελλην. Ρόνη Σοφού,false,false,false,,false
4356,Ά. Κυριάκου,false,false,false,,false
4357,Στάθης Ρουχωτάς,false,false,false,,false
4358,Αθ. Κρόκος,false,false,false,,false
4359,Τσαουσάκης (Καλδάρας),false,false,false,,false
4360,Δ. Αναματερός,false,false,false,,false
4361,Θόδ. Σπάθης,false,false,false,,false
4362,Τάσος Γιούργας,false,false,false,,false
4363,B. Canfora - απόδοση στα ελλην. Γιώ. Στεφάνου (Παπαστεφάνου),false,false,false,,false
4364,Δημ. Λορέντζος,false,false,false,,false
4365,Κ. Β. Γκικόπουλος,false,false,false,,false
4366,Βόσσου,false,false,false,,false
4367,Νίκος Ανέστης,false,false,false,,false
4368,Dorian Kokos,false,false,false,,false
4369,Μίμης Ξαπλαντέρης,false,false,false,,false
4370,Mark Lindsay,false,false,false,,false
4371,Jimmy Page,false,false,false,,false
4372,Λ. Κελεπούρης,false,false,false,,false
4373,Θαν. Κουκούλης,false,false,false,,false
4374,Ηρ. Θεοφανίδης,false,false,false,,false
4375,G. Gassia,false,false,false,,false
4376,Μην. Πορτοκάλλης,false,false,false,,false
4377,Ι. Τζίκας,false,false,false,,false
4378,Τ. Μπαταλίκας,false,false,false,,false
4379,Sounds,false,false,false,,false
4380,Γ. Παπαστεφάνου,false,false,false,,false
4381,A. Camfora,false,false,false,,false
4382,Μάικ Ροζάκις,false,false,false,,false
4383,Μαντώ,false,false,false,,false
4384,Γιά. Λογοθέτης ;,false,false,false,,false
4385,Η. Betti,false,false,false,,false
4386,Γιά. Κούκος,false,false,false,,false
4387,παραδοσιακό - διασκευή Καζαντζίδης,false,false,false,,false
4388,Στέλλα Καναβάκη,false,false,false,,false
4389,Δ. Γιαννουκάκης,false,false,false,,false
4390,Μεν. Θεοδανίδης,false,false,false,,false
4391,U. Bertini - απόδοση στα ελλην. Αντ. Πλωμαρίτης,false,false,false,,false
4392,Σπ. Ζούμπερ,false,false,false,,false
4393,Μ. Σεραφείμ,false,false,false,,false
4394,"Κόρος (Ευάγγ. Σκουρτανιώτης, Ευάγγ. Κόλλιας)",false,false,false,,false
4395,Πέτρος Βλάχος,false,false,false,,false
4396,Άνθος Λυκαυγής,false,false,false,,false
4397,Bjorn Uelvans,false,false,false,,false
4398,Salvatore Cotardo,false,false,false,,false
4399,"Γιώ. Ασηµακόπουλος, Βασ. Σπυρόπουλος, Π. Παπαδούκας",false,false,false,,false
4400,Άγγελος Μαρτίνο,false,false,false,,false
4401,Χ. Λεπτοκαρόπουλος,false,false,false,,false
4402,Χρ. Παπουτσής,false,false,false,,false
4403,Δημ. Μπαμπαούς,false,false,false,,false
4404,Ατραΐδης,false,false,false,,false
4405,Χαιρόπουλος,false,false,false,,false
4406,Jean Mourou,false,false,false,,false
4407,Τάσος Χαμουρτιάδης,false,false,false,,false
4408,"Ασ. Γιαλαμάς, Γιώ. Θίσβιος, Κ. Πρετεντέρης",false,false,false,,false
4409,Θόδ. Μποταΐτης,false,false,false,,false
4410,Γ. Μπατζιανός,false,false,false,,false
4411,Μιχ. Χανιώτης,false,false,false,,false
4412,Χιώτης (Κολοκοτρώνης),false,false,false,,false
4413,Μαργ. Τομπορή,false,false,false,,false
4414,Μ. Βιντάλ,false,false,false,,false
4415,Ν. Ελευθερίου,false,false,false,,false
4416,Βαγγ. Σούκας ;,false,false,false,,false
4417,"J. Baez, E. Morricone",false,false,false,,false
4418,Γιά. Κύρμος,false,false,false,,false
4419,Μ. Παπαβραμίδου,false,false,false,,false
4420,Γιώ. Στεργίου,false,false,false,,false
4421,Γιώ. Νταλάρας,false,false,false,,false
4422,άγνωστος,false,false,false,,false
4423,Χρ. Δημόπουλος,false,false,false,,false
4424,Δημ. Κοργιαλάς,false,false,false,,false
4425,M. J. Mostazo,false,false,false,,false
4426,Θ. Ρεµούνδος,false,false,false,,false
4427,Βαλέρια Χριστοδουλίδου,false,false,false,,false
4428,Η. Ανδριόπουλος,false,false,false,,false
4429,Γ. Μακρής,false,false,false,,false
4430,Ηλ. Βασιλαράκης,false,false,false,,false
4431,Μίνως Μάτσας,false,false,false,,false
4432,Δημ. Μανδάνης,false,false,false,,false
4433,Χρυσίνης (Παπαγιαννοπούλου),false,false,false,,false
4434,Ham,false,false,false,,false
4435,Lennon,false,false,false,,false
4436,Ανέκδοτο,false,false,false,,false
4437,Κ. Τηλαβερίδης,false,false,false,,false
4438,Guijarro,false,false,false,,false
4439,Mάρκος,false,false,false,,false
4440,Β. Κουντουβάς,false,false,false,,false
4441,Gonzalito,false,false,false,,false
4442,Αλ. Χρυσοβέργης,false,false,false,,false
4443,Νέστορας Μάτσας,false,false,false,,false
4444,Μ. Χωραφάς,false,false,false,,false
4445,Γιώ. Μαυρομουστάκης,false,false,false,,false
4446,Carter,false,false,false,,false
4447,Τibor Barezi,false,false,false,,false
4448,Gus Georgiou,false,false,false,,false
4449,Τηλ. Χλέκος,false,false,false,,false
4450,Δημ. Πιπερίδης,false,false,false,,false
4451,Π. Πρωτόπαπας,false,false,false,,false
4452,Ηλ. Καρυάμπας,false,false,false,,false
4453,διασκευή-Σελινιώτης,false,false,false,,false
4454,Χρ. Κοτσώνης,false,false,false,,false
4455,M. Monroe,false,false,false,,false
4456,Σπ. Αχτίπης,false,false,false,,false
4457,Costa - απόδοση στα ελλην. Αθ. Τσόγκας,false,false,false,,false
4458,C. Azzam,false,false,false,,false
4459,Σ. Περιστέρης,false,false,false,,false
4460,Χρ. Καλογεράς,false,false,false,,false
4461,Ηλ. Τριανταφύλλου,false,false,false,,false
4462,Φώτης Παντσόπουλος,false,false,false,,false
4463,S. Harnick - απόδοση στα ελλην. Τ. Χρυσός,false,false,false,,false
4464,Θάνος Αδαμόπουλος,false,false,false,,false
4465,"Χιώτης, Πλέσσας",false,false,false,,false
4466,Κυπουργός,false,false,false,,false
4467,Νινή ζαχά,false,false,false,,false
4468,Άνθης Λυκαύγης,false,false,false,,false
4469,Μπ. Βασειάδης,false,false,false,,false
4470,Θόδ. Ψωμάς,false,false,false,,false
4471,Τουρνάς,false,false,false,,false
4472,Υπόγεια Ρεύματα,false,false,false,,false
4473,J. Crone,false,false,false,,false
4474,Σπήλιος Μεντής (Ίκαρος ;),false,false,false,,false
4475,P. Cour - απόδοση στα ελλην. Σ. Τσώτου,false,false,false,,false
4476,Γ. Σκούρτης,false,false,false,,false
4477,Σωτ. Κόλλιας,false,false,false,,false
4478,"Γιά. Καλαμίτσης, Γιά. Κακουλίδης, Χάρρυ Κλυνν",false,false,false,,false
4479,Νανά Καρρά,false,false,false,,false
4480,Μαρίνος Εξαδάκτυλος,false,false,false,,false
4481,Γιώ. Σκούρτης,false,false,false,,false
4482,Β. Ποιμενίδης,false,false,false,,false
4483,Ι. Αγγελής,false,false,false,,false
4484,Ν. Τσιγγουνάκης,false,false,false,,false
4485,Jose Alberto Garcia Gallo - διασκευή Υπόγεια Ρεύματα,false,false,false,,false
4486,Πάολο Κόντε,false,false,false,,false
4487,Bixio,false,false,false,,false
4488,"Μ. Ρηόπουλος, Κ. Κιούσης (Κοφινιώτης)",false,false,false,,false
4489,"Α. Μήτσης, Γ. Σιώτος",false,false,false,,false
4490,Στάθης Κάβουρας,false,false,false,,false
4491,Μ. Παπανικολάου,false,false,false,,false
4492,Μιχ. Παλικαράκης,false,false,false,,false
4493,Βασ. Βιδέλης,false,false,false,,false
4494,Μαίρη Ρηγοπούλου,false,false,false,,false
4495,Metro Decay,false,false,false,,false
4496,Γιαννάκης Κωτσάκης,false,false,false,,false
4497,Λάζαρος & Γιώ. Βαλκάνης,false,false,false,,false
4498,Αθανασία Μητσάκη,false,false,false,,false
4499,Δερβενιώτης (Βίρβος ;),false,false,false,,false
4500,Τ. Ιερεμία,false,false,false,,false
4501,"Καρνέζης, Κ. Παπαδόπουλος",false,false,false,,false
4502,Σεφέρης,false,false,false,,false
4503,Καζαντζίδης (Θόδ. Πουλίσης ;),false,false,false,,false
4504,Leandros,false,false,false,,false
4505,Ε. Di Lazzaro,false,false,false,,false
4506,Απ. Κλαπαδώρας,false,false,false,,false
4507,Δημ. Κυριακόπουλος (Μητσάρας),false,false,false,,false
4508,παραδοσιακό Ν. Γαλλίας,false,false,false,,false
4509,Ξεν. Αστεριάδης,false,false,false,,false
4510,Κ. Σαμιωτάκης,false,false,false,,false
4511,Μιχ. Καράβολας,false,false,false,,false
4512,Γιώ. Χιντίρης,false,false,false,,false
4513,Astor Piazolla,false,false,false,,false
4514,Ι. Κατσούρης,false,false,false,,false
4515,Δημ. Τζάρας,false,false,false,,false
4516,I. S. Hanrick - απόδοση στα ελλην. Φίλ. Νικολάου,false,false,false,,false
4517,Φ. Αγγουλές,false,false,false,,false
4518,Jose Franca - απόδοση στα ελλην. Γ. Ίκαρος,false,false,false,,false
4519,F. D. Marchetti,false,false,false,,false
4520,Γ. Κλωθάκης,false,false,false,,false
4521,Ελ. Ράντου,false,false,false,,false
4522,"J. Lennon, McCartney",false,false,false,,false
4523,Βασ. Μαυρίκος,false,false,false,,false
4524,Βασ. Ριζόπουλος,false,false,false,,false
4525,Κυριάκης Σβώκος,false,false,false,,false
4526,Χ. Χαρμόγιαννης,false,false,false,,false
4527,P. Kent - απόδοση στα ελλην. Ν. Ελληναίος,false,false,false,,false
4528,Παν. Αλετράς,false,false,false,,false
4529,Α. Κουτσουμπέλης,false,false,false,,false
4530,Αντ. Πλωμαρίτης (ή Χ. Βασιλειάδης ;),false,false,false,,false
4531,Π. Οικονόμου (Μάτσας),false,false,false,,false
4532,"Β. Σπυρόπουλος, Π. Παπαδούκας",false,false,false,,false
4533,Γιώ. Οοικονομίδης,false,false,false,,false
4534,Ηλ. Λυμπεροπουλος,false,false,false,,false
4535,Dick Manning,false,false,false,,false
4536,Μπίνης,false,false,false,,false
4537,Απ. Χάρμας,false,false,false,,false
4538,B. RUSSELL,false,false,false,,false
4539,Johnson - απόδοση στα ελλην. Ν. Κύτταρης,false,false,false,,false
4540,"K. Munro, R. Arnie",false,false,false,,false
4541,V. De Crescenzo-ελλην. στίχοι Χρ. Παγώνης,false,false,false,,false
4542,Duan,false,false,false,,false
4543,Ernesto De Curtis (διασκευή Θεόφρ. Σακελλαρίδης),false,false,false,,false
4544,Γ. Καρακός,false,false,false,,false
4545,Κ. Τζουμάρας,false,false,false,,false
4546,Α. Τριανταφυλλίδης,false,false,false,,false
4547,Roger Fernay,false,false,false,,false
4548,"Π. Παναγιωτούνης, Τερψιχόρη Παπαστεφάνου",false,false,false,,false
4549,Αθαν. Βρούβας,false,false,false,,false
4550,Κ. Κάτσαρης,false,false,false,,false
4551,Βέτα Ξανθοπούλου,false,false,false,,false
4552,Κ. Μισαηλίδης,false,false,false,,false
4553,T. Fornai,false,false,false,,false
4554,Αναστ. Κουλούρης,false,false,false,,false
4555,Βασιελιάδης,false,false,false,,false
4556,Αντ. Στεφανίδης,false,false,false,,false
4557,Γ.Σαλτάρης,false,false,false,,false
4558,Παν. Ντάμκας,false,false,false,,false
4559,Ανδρέας Κάλβος,false,false,false,,false
4560,Κ. Αυγουλέας,false,false,false,,false
4561,Γ. Μανησαλής,false,false,false,,false
4562,Κ. Μακρής,false,false,false,,false
4563,"Yves Dessca, Ralph Arnie - απόδοση στα ελλην. Σέβη Τηλιακού",false,false,false,,false
4564,Louiguy - απόδοση στα ελλην. Πωλ Μενεστρέλ,false,false,false,,false
4565,Σωτ. Αρνής,false,false,false,,false
4566,R. Arnie - διασκευή Σέβη Τηλιακού,false,false,false,,false
4567,Γιώ. Μαρίνος,false,false,false,,false
4568,Λ. Κατσιλιάρης,false,false,false,,false
4569,Σίμων Καρακάσης (Τούντας),false,false,false,,false
4570,Α. Κυβέλου,false,false,false,,false
4571,Ramon Collazo,false,false,false,,false
4572,Δημ. Ευαγγελίδης,false,false,false,,false
4573,Χρ. Μπούρμπος,false,false,false,,false
4574,διασκευή Κ. Κεραυνός,false,false,false,,false
4575,Γιώ. Κορολόγος,false,false,false,,false
4576,Αθ. Τσαγκάρης,false,false,false,,false
4577,Πάνος Βρεττός,false,false,false,,false
4578,Ελπ. Περικλάκη,false,false,false,,false
4579,Σάκης Αβραμίδης,false,false,false,,false
4580,Θεόφιλος,false,false,false,,false
4581,Λάκης Κελεπούρης,false,false,false,,false
4582,Χρύσ. Γελαγιώτης,false,false,false,,false
4583,Ν. Καγκελίδης,false,false,false,,false
4584,Γ. Νεοφώτης (Παπαγιαννοπούλου),false,false,false,,false
4585,Δημ. Καψοκέφαλος,false,false,false,,false
4586,Π. Τσάκωνας,false,false,false,,false
4587,"Richelle.Dassin, Claude Lemesle",false,false,false,,false
4588,Δ. Σιδέρης,false,false,false,,false
4589,R. Parrazzini,false,false,false,,false
4590,Άκης Δείξιμος,false,false,false,,false
4591,Fabrizio de Andre,false,false,false,,false
4592,Άγγ. Σφακιανάκης,false,false,false,,false
4593,Γ. Ράπτης,false,false,false,,false
4594,Στ. Ρουχωτάς,false,false,false,,false
4595,"Ζ. Χόνδρος, Π. Κονδύλης",false,false,false,,false
4596,Δ. Παρασκευόπουλος,false,false,false,,false
4597,Δώρος Γεωργιάδης,false,false,false,,false
4598,Λόντος,false,false,false,,false
4599,"Ευάγγ. Ατραΐδης, Ι. Γαβαλάς",false,false,false,,false
4600,Αλ. Παναγόπουλος,false,false,false,,false
4601,Λάκης Παπάς,false,false,false,,false
4602,Αντρ. Βελέρης,false,false,false,,false
4603,"Μάτσας, Κασιμάτης",false,false,false,,false
4604,Λευτ. Κωνσταντίνου,false,false,false,,false
4605,Μάκ. Βασιλόπουλος,false,false,false,,false
4606,Κ. Λιβανός,false,false,false,,false
4607,Κυρ. Ντούμος,false,false,false,,false
4608,Σίμος Παπαποστόλου,false,false,false,,false
4609,Αλέξανδρος Ρίζος Ραγκαβής,false,false,false,,false
4610,Κατερ. Νιτσοπούλου,false,false,false,,false
4611,διασκευή-Π. Ανυδριώτης,false,false,false,,false
4612,Δημ. Γιαννούλης,false,false,false,,false
4613,Δήμ. Μπαρδάνη,false,false,false,,false
4614,K. Gamble,false,false,false,,false
4615,Αν. Βάμπαρης,false,false,false,,false
4616,Ν. Γιαννακάκης,false,false,false,,false
4617,Σόφη Παπαδοπούλου,false,false,false,,false
4618,Κ. Σωκρατείδης,false,false,false,,false
4619,Χριστίνα Πολύδωρου,false,false,false,,false
4620,Ν. Παπαβραμίδης,false,false,false,,false
4621,Κ. Τσακανίκας,false,false,false,,false
4622,"Αγγελόπουλος, Θωμόπουλος",false,false,false,,false
4623,"Dash, Τέτος Δημητριάδης",false,false,false,,false
4624,Jean Gilbert,false,false,false,,false
4625,Ν. Παπαδάτος,false,false,false,,false
4626,Ημισκούμπρια,false,false,false,,false
4627,Γ. Τσελέπης,false,false,false,,false
4628,Τ. Τσακαλίας,false,false,false,,false
4629,Γιάγκος Λαουτάρης,false,false,false,,false
4630,Βάγγος Παπούλιας,false,false,false,,false
4631,Παπουτσής,false,false,false,,false
4632,Γ. Δημάκης,false,false,false,,false
4633,Επαμ. Γιαννακός (Δ. Νικολάου),false,false,false,,false
4634,Ιωάν. Μαηκαντής ;,false,false,false,,false
4635,Γ. Βασιλογιάννης,false,false,false,,false
4636,Γ. Γιαννουλάτος,false,false,false,,false
4637,Παντ. Αμπατζής,false,false,false,,false
4638,Π. Σταθάκης,false,false,false,,false
4639,Ι. Φερµάνογλου,false,false,false,,false
4640,Γ. Πεΐδης,false,false,false,,false
4641,I. Fossati,false,false,false,,false
4642,Μαριανίνα Κριεζή,false,false,false,,false
4643,Γ. Δαμιανός,false,false,false,,false
4644,Άρης Αλεξάνδρου,false,false,false,,false
4645,Γερ. Τσάκαλος,false,false,false,,false
4646,R. Carozonne,false,false,false,,false
4647,"Γιώ. Ασημακόπουλο, Β. Σπυρόπουλος, Π. Παπαδούκας",false,false,false,,false
4648,Ε. Ζολωτάκης,false,false,false,,false
4649,"Γιώ. Θεοδωράκης, Ανδρ. Θωμόπουλος",false,false,false,,false
4650,Μ. Σαλονικιός,false,false,false,,false
4651,Τάκης Σπανός,false,false,false,,false
4652,Άγγελου Βλάχου,false,false,false,,false
4653,Vincent Scotto - απόδοση στα ελλην. Αιμίλιος Σαββίδης,false,false,false,,false
4654,Π. Καλομοίρης (ή Παν. Σκουρτέλης),false,false,false,,false
4655,Δημ. Καλλίνικος ή Αραπάκης,false,false,false,,false
4656,Μάνια Σακελλαρίδου,false,false,false,,false
4657,Μάνθος Αθηναίος,false,false,false,,false
4658,Κ. Τρυγώνης,false,false,false,,false
4659,Ερνάνης,false,false,false,,false
4660,Μ. Σκούταρης,false,false,false,,false
4661,Fogerty - απόδοση στα ελλην. Ρέτη Ζαλοκώστα,false,false,false,,false
4662,Λ. Τεάζης,false,false,false,,false
4663,"Ι. Βερούτης, Καλιανάκος",false,false,false,,false
4664,Θ. Ποτήρης,false,false,false,,false
4665,Γιώ. Κονιτόπουλος,false,false,false,,false
4666,παραδοσιακό - διασκευή Στάθης Καζαντζίδης,false,false,false,,false
4667,"Βασ. Αρχιτεκτονίδης (Ν. Μπακογιάννης, Π. Πρόγιας ;)",false,false,false,,false
4668,Δ. Καψάλης,false,false,false,,false
4669,Γιώ. Μπούρας,false,false,false,,false
4670,L. Bailly - απόδοση στα ελλην. Α. Γκονόπουλος,false,false,false,,false
4671,Δημ. Χάρος,false,false,false,,false
4672,Αργ. Κουνάδης,false,false,false,,false
4673,Χρ. Χριστοδουλίδης,false,false,false,,false
4674,Ν. Παπαδόπουλος,false,false,false,,false
4675,παραδοσιακό Νάουσας,false,false,false,,false
4676,Μάρκος Σιφνιός,false,false,false,,false
4677,Ντίνος Δημόπουλος ;,false,false,false,,false
4678,Γιώ. Κιούσης,false,false,false,,false
4679,Ασκληπιάδης - απόδοση στα νέα ελλην. Ηλ. Πετρόπουλος,false,false,false,,false
4680,Παραδοσιακό (Βιολάρης),false,false,false,,false
4681,Ι. Διαμαντόπουλος,false,false,false,,false
4682,G. Verdi,false,false,false,,false
4683,Κορομηλάς,false,false,false,,false
4684,Κ. Δ. Νικολαϊδης,false,false,false,,false
4685,Κ. Μακρής (Περιστέρης ή Μάρκος ;),false,false,false,,false
4686,Ελευθ. Ηλιοπούλου,false,false,false,,false
4687,Χρ. Θηβαίος,false,false,false,,false
4688,"Μ. Τραϊφόρος, Δημ. Βασιλειάδης",false,false,false,,false
4689,"Ζακυνθινάκης, Μίμης (Ευθ.) Καμπάνης",false,false,false,,false
4690,διασκευή Αντ. Πλωμαρίτης,false,false,false,,false
4691,Ε. Σκορλέτος,false,false,false,,false
4692,Β. Γιαννακόπουλος,false,false,false,,false
4693,"Βαγγ. Μαρκαντώνης, Λευτ. Βαλασέλης",false,false,false,,false
4694,Φοίβος,false,false,false,,false
4695,Δημ. Κουλέτσης,false,false,false,,false
4696,Ιωάν. Μασούρας,false,false,false,,false
4697,Φ. Μιχαλάτος,false,false,false,,false
4698,"Μάριος Πανάς, ARMIE, MUNRO",false,false,false,,false
4699,Ούρσουλα Γιόρντη ή Γιόρντης ;,false,false,false,,false
4700,ψαλμωδία,false,false,false,,false
4701,Μίμης Χριστόπουλος (Σάκης Καπίρης),false,false,false,,false
4702,Michael Delancray,false,false,false,,false
4703,Διον. Τσακνής,false,false,false,,false
4704,Κώστας Γιαννίδης,false,false,false,,false
4705,Ναπ. Σαδεδίν,false,false,false,,false
4706,Κασιμάτης,false,false,false,,false
4707,Nicolas Ferri (διασκευή Πέτρος Επιτροπάκης),false,false,false,,false
4708,Κ. Γκαγκάνης,false,false,false,,false
4709,"Ζακ lακωβίδης, Γιά. Βέλλας",false,false,false,,false
4710,Ρόμπερτ Ουίλλιαμς,false,false,false,,false
4711,Στέφ. Κιοπρούλης ή Χοντρονάκος,false,false,false,,false
4712,Ι. Καράκαλος,false,false,false,,false
4713,Μ. Πρωτόππαπας,false,false,false,,false
4714,Μιχ. Αρχοντίδης,false,false,false,,false
4715,Θέμης Κρυστάλλης,false,false,false,,false
4716,Ναζίμ Χικμέτ - απόδοση στα ελλην. Γιώ. Παπαλεονάρδος,false,false,false,,false
4717,Βούλα Γκάνια,false,false,false,,false
4718,Παρ. Καρασούλος,false,false,false,,false
4719,Φλώρα Μαραθωνίτη,false,false,false,,false
4720,Γ. Μαυρομουστάκης,false,false,false,,false
4721,"Κ. Πρετεντέρης, Γιώ. Θίσβιος, Ασημάκης Γιαλαμάς",false,false,false,,false
4722,Παν. Σκουρλέτης,false,false,false,,false
4723,Δημ. Καρράς,false,false,false,,false
4724,Π. Καλομοίρης,false,false,false,,false
4725,M. Albert - απόδοση στα ελλην. Σ. Τηλιακού,false,false,false,,false
4726,Σοκραμ (;),false,false,false,,false
4727,παραδοσιακό Αρμενίας - διασκευή Haig Yazdjian,false,false,false,,false
4728,Διον. Σκάλος,false,false,false,,false
4729,Χε. Κελεπούρης,false,false,false,,false
4730,P. Donaggio,false,false,false,,false
4731,Χ. Παπουτσής,false,false,false,,false
4732,Δ. Ιατρόπουλος,false,false,false,,false
4733,Κ. Μωυσίδης ή Λ. Πλάτωνος,false,false,false,,false
4734,Τ. Σούκας (Βίρβος ;),false,false,false,,false
4735,Γιώ. Λεγάκης,false,false,false,,false
4736,Κ. Πλωμαρίτης,false,false,false,,false
4737,Μιχ. Βενετόπουλος,false,false,false,,false
4738,Κ. Τσιριγώτης,false,false,false,,false
4739,Θ. Νικολόπουλος,false,false,false,,false
4740,"Χ. Βασιλειάδης, Δ. Μπουρνέλης",false,false,false,,false
4741,Δημ. Νταντής,false,false,false,,false
4742,"Στελλάκης Περπινιάδης, Αν. Κουλούρης",false,false,false,,false
4743,Κυρ. Κεραυνός η Θ. Χαλκιόπουλος ;,false,false,false,,false
4744,Λάμπης Γεωργακόπουλος,false,false,false,,false
4745,Βασιλαράκης,false,false,false,,false
4746,Στέφ. Κιουπρούλης,false,false,false,,false
4747,Διον. Καρατζάς,false,false,false,,false
4748,Ν. Βεντουράτος,false,false,false,,false
4749,Σοφία Κατζούρη,false,false,false,,false
4750,Aivaro Carillo,false,false,false,,false
4751,Θ. Αγρινιώτης,false,false,false,,false
4752,Ά. Δασκαλόπουλος,false,false,false,,false
4753,Αρ. Τάτσιος,false,false,false,,false
4754,Μαν. Δουλιανάκης / Ανδριάς,false,false,false,,false
4755,Γιά. Καστρινός (Γιώ. Οικονομίδης ;),false,false,false,,false
4756,Σμαρούλα Μαραγκουδάκη-Σωτ. Ιωάννου,false,false,false,,false
4757,Xιώτης,false,false,false,,false
4758,Α. Αναγνώστου,false,false,false,,false
4759,"Ν. Ιγνατιάδης, Γ. Παπανικολόπουλος",false,false,false,,false
4760,Στέφ. Βαρτάνης,false,false,false,,false
4761,Ελ. Γιανατσούλια,false,false,false,,false
4762,Γιάν. Κιούρκας,false,false,false,,false
4763,Γιώ. Μαργιωλάς,false,false,false,,false
4764,Μάρκος Μέσχος,false,false,false,,false
4765,Ν. Πετρίδης,false,false,false,,false
4766,Βάσω Αλλαγιάννη,false,false,false,,false
4767,Βασ. Κοτσώνης,false,false,false,,false
4768,Μιχ. Γεωργαρής,false,false,false,,false
4769,Κόκοτας ;,false,false,false,,false
4770,Γιά. Σύλβας,false,false,false,,false
4771,Ρένα Ντάλμα,false,false,false,,false
4772,Μιχ. Κακογιάννης,false,false,false,,false
4773,Λάκης Παπαδάκης,false,false,false,,false
4774,Πωλ Νορ (Νίκος Νικολαϊδης),false,false,false,,false
4775,Θ. Κουτσουμάρης,false,false,false,,false
4776,Στέλιος Φουσταλιεράκης (Φουσταλιέρης),false,false,false,,false
4777,Δ. Πολυχρόνης,false,false,false,,false
4778,Β. Βασιλιάδης,false,false,false,,false
4779,Ιωάν. Ντάβος,false,false,false,,false
4780,Γιά. Αλεξίου,false,false,false,,false
4781,Τασία Γαστεράτου,false,false,false,,false
4782,Ανέστος Αθανασίου (Γκούτης),false,false,false,,false
4783,Δημ. Στεργίου,false,false,false,,false
4784,Γαβαλάς (Φώτης Ζησούλης),false,false,false,,false
4785,Νέστορας Δάνας,false,false,false,,false
4786,Μ. Φωτιάδης,false,false,false,,false
4787,Μην. Πορτοκάλης,false,false,false,,false
4788,Δέσπ. Τριανταφύλλου,false,false,false,,false
4789,Αγγελόπουλος (Μιχ. Αλεξάκης),false,false,false,,false
4790,Νίκος Σαρρής,false,false,false,,false
4791,Στρ. Καστερόπουλος,false,false,false,,false
4792,"Ward, Pallavicini Leoni",false,false,false,,false
4793,Βασ. Σούκας ;,false,false,false,,false
4794,Vanellia,false,false,false,,false
4795,Κ. Ανατσελόπουλος,false,false,false,,false
4796,"Χ. Χατζηδάκης (ή μάλλον, Χατζάκης)",false,false,false,,false
4797,Ι. Ζακούλης,false,false,false,,false
4798,Ν. Αναστασιάδης,false,false,false,,false
4799,Nick Cave,false,false,false,,false
4800,Μιχ. Μπακατσάκης,false,false,false,,false
4801,Βαγγ. Γρυπάρης,false,false,false,,false
4802,J. Mostazo,false,false,false,,false
4803,Μαν. Λαγουδάκης (Λαγός),false,false,false,,false
4804,Ν. Τζαβάρας,false,false,false,,false
4805,Σέμσης (Κ. Μακρής),false,false,false,,false
4806,Laurent Tayhad - απόδοση στα ελλην. Καρυωτάκης,false,false,false,,false
4807,Γεωργακοπούλου (Τσιτσάνης),false,false,false,,false
4808,Δ. Πικρίδης (εννοεί Δημ. Πικριδάς ;),false,false,false,,false
4809,Ζ. Βασιλείου,false,false,false,,false
4810,Y. Heuze - απόδοση στα ελλην. Σέβη Τηλιακού,false,false,false,,false
4811,Τζ. Φιλιππιδάκη,false,false,false,,false
4812,"Βασ. Καρράς, Άκης Μαμελετζής",false,false,false,,false
4813,"Λευτ. Βαλασέλλης, Βαγγ. Μαρκαντώνης",false,false,false,,false
4814,Γιώ. Βενετούλιας,false,false,false,,false
4815,Σπ. Κεφαλλόπουλος,false,false,false,,false
4816,Π. Καλαμούτσος,false,false,false,,false
4817,Σουγιούλ ;,false,false,false,,false
4818,Ν. Σεραφείμ,false,false,false,,false
4819,Σ. Σαρδέλης,false,false,false,,false
4820,Γιά. Μαλλίρης,false,false,false,,false
4821,Ρ. Σαριτζιώτης,false,false,false,,false
4822,Σταύρος Κάξος (Χ. Βασιλειάδης),false,false,false,,false
4823,Γιώ. Κατινάς,false,false,false,,false
4824,Βασιλειάδης ;,false,false,false,,false
4825,Steve Grecos,false,false,false,,false
4826,Καμμενίδης,false,false,false,,false
4827,Τζακ Γρηγορίου,false,false,false,,false
4828,Γιώ. Πολύζος ;,false,false,false,,false
4829,Λάκης Παππάς,false,false,false,,false
4830,Α. Κοκόρης,false,false,false,,false
4831,Ν. Ξανθόπουλος,false,false,false,,false
4832,Κ. Καφάσης,false,false,false,,false
4833,P. Delanoe,false,false,false,,false
4834,Α. Τσαλιόγλου,false,false,false,,false
4835,"Α. Πιτσολαδής, Ν. Καλογεράκης, Ηλ. Ασβεστόπουλος",false,false,false,,false
4836,P. Kent - απόδοση στα ελλην. Σέβη Τηλιακού,false,false,false,,false
4837,Alex North,false,false,false,,false
4838,Στάθης Δρογώσης,false,false,false,,false
4839,Μάρθα Παπαβραμίδου,false,false,false,,false
4840,Ελένη Γεωργοπούλου (Γιώ. Γεωργόπουλος),false,false,false,,false
4841,J. Iglesias-μετάφραση: Πυθαγόρας,false,false,false,,false
4842,Astor Piazzola,false,false,false,,false
4843,Γ. Σαρρής,false,false,false,,false
4844,Τασία Καλογρίδου,false,false,false,,false
4845,Γ. Βασιλείου,false,false,false,,false
4846,Αντ. Ρούσσος,false,false,false,,false
4847,"Γιώ. Καρράς, Μπ. Παπαδόπουλος, Γιά. Αγγελάκας",false,false,false,,false
4848,Mc Lellan,false,false,false,,false
4849,Πλέσσας ;,false,false,false,,false
4850,R. Young - απόδοση στα ελλην. Ν. Κύτταρης,false,false,false,,false
4851,Κ. Παπανικολάου,false,false,false,,false
4852,Απ. Δρατσέλας,false,false,false,,false
4853,Γεωργία Γραμματικού,false,false,false,,false
4854,"Φ. Νικολάου, Κ. Κατσίπης",false,false,false,,false
4855,Σούλα Καλφοπούλου (Καλφόπουλος),false,false,false,,false
4856,Τάσος Μελετόπουλος,false,false,false,,false
4857,Κερμανίδης,false,false,false,,false
4858,Γ. Λέντζας,false,false,false,,false
4859,Tάσ. Kαραγεωργίου,false,false,false,,false
4860,Warren Harry - απόδοση στα ελλην. Γιά. Κωνσταντινίδης (Κ. Γιαννίδης),false,false,false,,false
4861,"Χιώτης, Σέμσης (Χ. Βασιλειάδης)",false,false,false,,false
4862,Κ. Κόντης,false,false,false,,false
4863,Θαν. Τσολερίδης,false,false,false,,false
4864,Αχ. Λυμπουρίδης,false,false,false,,false
4865,Γ. Δ.,false,false,false,,false
4866,Π. Μιχαλόπουλος,false,false,false,,false
4867,Σωκρ. Αρδαβανής,false,false,false,,false
4868,Νίκη Κυριακίδου,false,false,false,,false
4869,Αντ. Μουστάκας,false,false,false,,false
4870,Marrocchi - απόδοση στα ελλην. Λευτ. Κογκαλίδης,false,false,false,,false
4871,Κερομύτης (Μιχ. Ροδίτης ;),false,false,false,,false
4872,(Δώρος;) Δ. Γεωργιάδης,false,false,false,,false
4873,Σ. Π.,false,false,false,,false
4874,Τέντης (Τέτος-Θεόδοτος-Δημητριάδης),false,false,false,,false
4875,Ν. Μίχαλος,false,false,false,,false
4876,Ψυχογιός,false,false,false,,false
4877,Ciroulli - απόδοση στα ελλην. Ν. Ελλληναίος,false,false,false,,false
4878,"Μ. Μπούρα, Ανθ. Μπουζάνη",false,false,false,,false
4879,"Ν. Μπακογιάννης, Μιχ. Ροδίτης",false,false,false,,false
4880,Ιωσήφ Ριτσιάρδης,false,false,false,,false
4881,"Κ. Τουρνάς, Μιχ. Παπακωνσταντίνου",false,false,false,,false
4882,Β. Σαράφης,false,false,false,,false
4883,Gr. Andrius,false,false,false,,false
4884,Επαμ. Ζωγράφος,false,false,false,,false
4885,Π. Καπρόπουλος,false,false,false,,false
4886,Εύρη Παρίτση,false,false,false,,false
4887,"Ηλ. Μεγαλούδης, Ι. Λεωτσάκος",false,false,false,,false
4888,Κ. Μπίγαλης,false,false,false,,false
4889,Χ. Ζέρβας,false,false,false,,false
4890,Ανδρέας Τομάζης,false,false,false,,false
4891,Ευάγγ. Σακέζης,false,false,false,,false
4892,Α. Παπαδόπουλος (Ι. Παπαδόπουλος ;),false,false,false,,false
4893,Παν. Σκουρτέλης ή Γιά. Κατσιμίχας,false,false,false,,false
4894,Γιώ. Μπουσούνης,false,false,false,,false
4895,Χ. Κατσιμίχας,false,false,false,,false
4896,Στέλλα Μακρή,false,false,false,,false
4897,Γ. Χειμώνας,false,false,false,,false
4898,Αν. Αθανασίου,false,false,false,,false
4899,Αλ. Μάνου,false,false,false,,false
4900,Δερβενιώτης (ή Μάριος Ουζούνης ;) (ή Μαίρη Ουζούνη ;),false,false,false,,false
4901,Γιά. Αγγέλου,false,false,false,,false
4902,Τούντας,false,false,false,,false
4903,Γιά. Βασιλόπουλος (και Ευάγγ. Ατραΐδης),false,false,false,,false
4904,Δημ. Λοΐζος (Μητσάρας),false,false,false,,false
4905,Εκείνος + Εκείνος,false,false,false,,false
4906,Σπ. Φλωρόπουλος,false,false,false,,false
4907,Ιωάν. Κουμουνδούρος,false,false,false,,false
4908,Παλαμάς,false,false,false,,false
4909,"Δ. Αργύρης, Δ. Κλιούμης, Κ. Κοντοβάς, Γ. Κυριάκος, Π. Μεταλληνός, Μ. Τσατσούλης",false,false,false,,false
4910,Α. Χιλίαρχος ;,false,false,false,,false
4911,Τ. Δούκας,false,false,false,,false
4912,Μαρ. Χατζοπούλου,false,false,false,,false
4913,Γούναρης,false,false,false,,false
4914,"Σοφία Βέμπο, Α. Μοσχούτης",false,false,false,,false
4915,Pascal Danel - απόδοση στα ελλην. Αθ. Τσόγκας,false,false,false,,false
4916,Δημ. Στεργίου-Μπέμπης,false,false,false,,false
4917,Γιώ. Καμβύσης,false,false,false,,false
4918,Ν. Σοφός,false,false,false,,false
4919,Β. Ευθυμιάδου,false,false,false,,false
4920,"Johnson, Minerdi - απόδοση στα ελλην. Αθ. Τσόγκας",false,false,false,,false
4921,"Βαγγ. Ξύδης, Βιτάλη",false,false,false,,false
4922,Γιά. Μεγαλούδης,false,false,false,,false
4923,A. Salerno,false,false,false,,false
4924,Άννα Παπαζαχαρίου,false,false,false,,false
4925,Ιωάν. Δακτυλίδης,false,false,false,,false
4926,Γιώ. Γερασιμίδης,false,false,false,,false
4927,Λέο Ραπίτης,false,false,false,,false
4928,Τέλης Μπιλανδέρης,false,false,false,,false
4929,Σταύρος Καραμανιώλας,false,false,false,,false
4930,Δανίκας,false,false,false,,false
4931,Γιά. Συμεωνίδης,false,false,false,,false
4932,J. P. Posit,false,false,false,,false
4933,C. Meunier,false,false,false,,false
4934,Blakley,false,false,false,,false
4935,Καζαντζίδης (Μουρκάκος),false,false,false,,false
4936,"Ν. Παταβούκας, Ειρ. Ιγγλέση",false,false,false,,false
4937,Θόδ. Γελαδάκης,false,false,false,,false
4938,Π. Τριανταφυλλίδης,false,false,false,,false
4939,Δ. Παντελάκης,false,false,false,,false
4940,Χρ. Αγνάτιος,false,false,false,,false
4941,Τάσος Βάµπαρης,false,false,false,,false
4942,Μεσιέ Ρουπέν,false,false,false,,false
4943,White - απόδοση στα ελλην. Λευτ. Κογκαλίδης,false,false,false,,false
4944,Κ. Μελλίδης,false,false,false,,false
4945,Π. Παπαγεωργίου,false,false,false,,false
4946,Πασχ. Κυμερτζής,false,false,false,,false
4947,"J. Lennon, McCartney - απόδοση στα ελλην. Αντ. Πλωμαρίτης",false,false,false,,false
4948,"Yves Dessca, V. Buggy",false,false,false,,false
4949,Λάζ. Παπαδόπουλος,false,false,false,,false
4950,Βίλυ Σανιάνου,false,false,false,,false
4951,Κατ. Αλεξάκη,false,false,false,,false
4952,Λάκης Τσίχλας,false,false,false,,false
4953,Γιά. Κιπινής,false,false,false,,false
4954,Γιώ. Νείρος,false,false,false,,false
4955,"Α. Καλαβρυτινός, Γ. Κατινάς",false,false,false,,false
4956,Άννα Βίσση,false,false,false,,false
4957,Μαρία Σεραφειμάκου,false,false,false,,false
4958,Τριαντάφυλλος,false,false,false,,false
4959,Ροβερτάκης (Μ. Μάτσας),false,false,false,,false
4960,Γιά. Λιόντος,false,false,false,,false
4961,Β. Κυρίτσης,false,false,false,,false
4962,Θεοφ. Κομτζιάς,false,false,false,,false
4963,Joachim Relin,false,false,false,,false
4964,Ευάγγ. Περπινιάδης,false,false,false,,false
4965,V. Palavicini,false,false,false,,false
4966,Δημ. Τερζόπουλος,false,false,false,,false
4967,Γιά. Δόξας,false,false,false,,false
4968,Γιά. Βέλλας (Ορέστης Λάσκος),false,false,false,,false
4969,Βασ. Πετρίδης,false,false,false,,false
4970,Ανδρ. Τσιλιφώνης,false,false,false,,false
4971,Αθ. Πειραιώτης;,false,false,false,,false
4972,Αρτέμης Αξαρλής,false,false,false,,false
4973,Domenica,false,false,false,,false
4974,Pier Gour  - Ismael,false,false,false,,false
4975,Εύγ. Θεοδοσιάδης,false,false,false,,false
4976,Γιώ. Σταματίου,false,false,false,,false
4977,διασκευή Σκαρβέλης,false,false,false,,false
4978,L. Conald - απόδοση στα ελλην. Πωλ Μενεστρέλ,false,false,false,,false
4979,Παν. Μαθιέλλης,false,false,false,,false
4980,Ε. Παμπούκης,false,false,false,,false
4981,Βαγγ. Μπαλής (ή Ν. Πετσικόπουλος ; ή Δαλέζιος ;),false,false,false,,false
4982,J. Peigne,false,false,false,,false
4983,Ανδρ. Κάλβος,false,false,false,,false
4984,Τάκης Ορεινός,false,false,false,,false
4985, Robin Gibb - απόδοση στα ελλην. Γιώ. Κανελλόπουλος,false,false,false,,false
4986,Λεωνίδας Τσίπης,false,false,false,,false
4987,Μ. Ελευθερίου,false,false,false,,false
4988,επιμέλεια Άρης Γκρούεζας,false,false,false,,false
4989,Ιωάν. Οικονομάκης,false,false,false,,false
4990,Β. Μαυροφρύδης (Μάρκος),false,false,false,,false
4991,Βικτώρια Τράπαλη,false,false,false,,false
4992,The Charms,false,false,false,,false
4993,Διον. Τζεφρώνης,false,false,false,,false
4994,Ρίτσος,false,false,false,,false
4995,H. Vermeulen,false,false,false,,false
4996,Στ. Χριστοφίδης,false,false,false,,false
4997,Ν. Πουρπουράκης,false,false,false,,false
4998,Παν. Βάγιας,false,false,false,,false
4999,Πυθαγόρας,false,false,false,,false
5000,Τσαουσάκης (Χ. Βασιλειάδης),false,false,false,,false
5001,Γ. Χαρίσης,false,false,false,,false
5002,Μιχ. Τρανουδάκης,false,false,false,,false
5003,Τάκης Νικολάου,false,false,false,,false
5004,Τ. Μιχαηλίδης (Βαγγ. Γκούφας),false,false,false,,false
5005,Άκης Τουρκογιώργης,false,false,false,,false
5006,"Bertolt Brecht - απόδοση στα ελλην. Π. Μάτεσης
απόδοση στα αγγλικά: Marc Blitzstein",false,false,false,,false
5007,Ευάγγ. Νταράλας,false,false,false,,false
5008,Μάκης Ιωαννίδης,false,false,false,,false
5009,Ν. Καλαϊτζής,false,false,false,,false
5010,Γ. Παράσχος,false,false,false,,false
5011,Δημ. Χριστοδούλου,false,false,false,,false
5012,Μ. Κανέλλος,false,false,false,,false
5013,Δ. Σαμίου,false,false,false,,false
5014,Θαν. Νανόπουλος,false,false,false,,false
5015,Ν. Χατζηαποστόλου (Ορφέας Καραβίας ;),false,false,false,,false
5016,Χάρης Βούλης,false,false,false,,false
5017,Β. Σιούσιος,false,false,false,,false
5018,Μάριος Τόκας ή Μαυρουδής,false,false,false,,false
5019,Μάθεσης,false,false,false,,false
5020,Π. Κανατσούλης,false,false,false,,false
5021,Α. Κουτσογιαννόπουλος,false,false,false,,false
5022,Στ. Καμπάνης,false,false,false,,false
5023,Γιώ. Γκέτσιος,false,false,false,,false
5024,Τόλης Χαρμάς,false,false,false,,false
5025,Χατζής ή και Χρ. Γκάρτζος,false,false,false,,false
5026,Δέσπ. Γλέζου,false,false,false,,false
5027,Ν. Βαγιανάς,false,false,false,,false
5028,Χριστ. Κροκίδης ή Θ. Μικρούτσικος,false,false,false,,false
5029,Λεωνίδας Κουλίτσης,false,false,false,,false
5030,Otis Blackwalt,false,false,false,,false
5031,Λ. Παπάς,false,false,false,,false
5032,Πάνος Ηλιόπουλος,false,false,false,,false
5033,Γ. Νικολάου,false,false,false,,false
5034,Κ. Μακρής (Στρογγυλός),false,false,false,,false
5035,H. Carlton,false,false,false,,false
5036,Γιώ. Κουμιώτης,false,false,false,,false
5037,Καίτη Ραζή,false,false,false,,false
5038,"Γεώργιος Παπαδόπουλος, Σωτήρης Πρίτσης",false,false,false,,false
5039,Α. Αρώνης,false,false,false,,false
5040,Θ. Αγγέλου,false,false,false,,false
5041,Λεμ. Πουλόπουλος,false,false,false,,false
5042,Γιοβάννα,false,false,false,,false
5043,Χαρ. Λαμιώτης,false,false,false,,false
5044,Πάνος Αλετράς,false,false,false,,false
5045,Γ. Μάμος,false,false,false,,false
5046,"Al Verlane, R. Dassin",false,false,false,,false
5047,παραδοσιακό - διασκευή Ν. Οικονομίδης,false,false,false,,false
5048,Ν. Καραντώνης,false,false,false,,false
5049,Αχιλ. Χρυσοχόου,false,false,false,,false
5050,Φ. Πυργάκη ;,false,false,false,,false
5051,"Ν. Δεπάστας, Κολοκοτρώνης",false,false,false,,false
5052,Γ. Λαδόπουλος (Μανησαλής),false,false,false,,false
5053,Βασ. Μπακόπουλος,false,false,false,,false
5054,Γ. Δημοπούλου,false,false,false,,false
5055,Δημ. Ιατρόποουλος,false,false,false,,false
5056,Μιχ. Θωμάκος,false,false,false,,false
5057,Φ. Χαλκιόπουλος,false,false,false,,false
5058,διασκευή Τ. Αθηναίος,false,false,false,,false
5059,Ρένα Σταματοπούλου,false,false,false,,false
5060,Άκης Δαούτης,false,false,false,,false
5061,Γ. Γεωργιάδης,false,false,false,,false
5062,Μιχ. Θεοδώρου,false,false,false,,false
5063,Γιώ. Σιώρας,false,false,false,,false
5064,Ν. Φ. Τουρκάκης,false,false,false,,false
5065,Μητσάκης,false,false,false,,false
5066,Γ. Κυπουρός,false,false,false,,false
5067,Γιώ. Μουκίδης,false,false,false,,false
5068,Ι. Γεωργακοποπύλου,false,false,false,,false
5069,Χρ. Λιάκος,false,false,false,,false
5070,Battisti - απόδοση στα ελλην. Θαν. Τσόγκας,false,false,false,,false
5071,A. Cvole - απόδοση στα ελλην. Ρέτη Ζαλοκώστα,false,false,false,,false
5072,Ν. Χάρτος,false,false,false,,false
5073,B. Dylan - διασκευή Σαββόπουλος,false,false,false,,false
5074,"Tony Eyers - απόδοση στα ελλην. Σάσα Μανέτα, Τάκης Καρνάτσος",false,false,false,,false
5075,Βασ. Φάιτας,false,false,false,,false
5076,Vianello,false,false,false,,false
5077,Π. Αρβανιτίδης,false,false,false,,false
5078,"Φίλ. Πλιάτσικας, Μπ. Στόκας",false,false,false,,false
5079,Ken Hensley-S. Ryssianos,false,false,false,,false
5080,"Γιά. Ντανής, Γ. Λεωτσάκος",false,false,false,,false
5081,Βασ. Σιδερής,false,false,false,,false
5082,Γιώ. Οικονομίδης,false,false,false,,false
5083,Paul McCartney,false,false,false,,false
5084,M. Emer,false,false,false,,false
5085,Παν. Ανέμελης,false,false,false,,false
5086,Γιάν. Ανδρεόπουλος,false,false,false,,false
5087,Κ. Νίτσος,false,false,false,,false
5088,Π. Καραγκιόζης,false,false,false,,false
5089,Podin - απόδοση στα ελλην. Τάκης Αντωνιάδης,false,false,false,,false
5090,Θ. Βουτσίνος,false,false,false,,false
5091,Τιγκράν ή Ντικράν Τσουχατζιάν (Tigran ή Dikran Tchoukhajian),false,false,false,,false
5092,Γιά. Θωμόπουλος,false,false,false,,false
5093,Michael Jary,false,false,false,,false
5094,Βίρβος (Μπακάλης),false,false,false,,false
5095,Βασ. Γιαννόπουλος,false,false,false,,false
5096,Γκολές,false,false,false,,false
5097,G. Raskin,false,false,false,,false
5098,Κ. Ζευγαδέλλης,false,false,false,,false
5099,Π/ Δεσποτίδου,false,false,false,,false
5100,Γρηγ. Καγγελάρης,false,false,false,,false
5101,Καββαδίας,false,false,false,,false
5102,Κωστής Γάλαρης,false,false,false,,false
5103,Jameson,false,false,false,,false
5104,Γ. Καμίτσης,false,false,false,,false
5105,Κ. Μιχαλόπουλος,false,false,false,,false
5106,Αντ. Μπαλαγούρας,false,false,false,,false
5107,Μ. Ελευθερίου ;,false,false,false,,false
5108,Ιφιγένεια Γιαννοπούλου,false,false,false,,false
5109,Σαράντο Κοτομάτης,false,false,false,,false
5110,Λάκης Υδραίος,false,false,false,,false
5111,Δημ. Ρουμελιώτης,false,false,false,,false
5112,Μαίρη Καντιώτη,false,false,false,,false
5113,Θ. Βασιλείου,false,false,false,,false
5114,παραδοσιακό Εβραϊκό - διασκευή Χρ. Θηβαίος,false,false,false,,false
5115,Ανέστης Λαγός,false,false,false,,false
5116,Σταύρος Παντελιδης,false,false,false,,false
5117,Μιχ. Παπακωνσταντίνου,false,false,false,,false
5118,"Ευάγγ. Ατραΐδης, Γιά. Βασιλόπουλος",false,false,false,,false
5119,"Γιά. Μαλλίρης, Γιά. Νικολαΐδης",false,false,false,,false
5120,Takvor Nalian,false,false,false,,false
5121,Κ. Κινδύνης,false,false,false,,false
5122,Δημ. Καψύλης,false,false,false,,false
5123,Νίκ. Ανέστης,false,false,false,,false
5124,Γιώ. Καμπουρίδης,false,false,false,,false
5125,"Τραϊφόρος, Γιώ. Γιαννακόπουλος",false,false,false,,false
5126,Πάν. Χάλαρης,false,false,false,,false
5127,Μιχ. Σιώμος,false,false,false,,false
5128,Γιά. Καπετανάκης,false,false,false,,false
5129,Γιά.Καλαμίτσης,false,false,false,,false
5130,Ρηνιώ Παπανικόλα,false,false,false,,false
5131,Γιά. Συνοδινός,false,false,false,,false
5132,Θαν. Μαργαρίτης,false,false,false,,false
5133,Κ. Φαλκώνης,false,false,false,,false
5134,Α. Κυριάκος,false,false,false,,false
5135,Σέμσης ή Ν. Μάθεσης ;,false,false,false,,false
5136,Δ. Γεωργακόπουλος,false,false,false,,false
5137,Μαρία Πολυδούρη,false,false,false,,false
5138,διασκευή Αντρ. Καράμπελας,false,false,false,,false
5139,Ντέιβιντ Γκρουνστάιν,false,false,false,,false
5140,Δημ. Βαρσαμίδης,false,false,false,,false
5141,"Μ. Γεωργαρής, Δημ. Ορφανίδης",false,false,false,,false
5142,Μιλτ. Πασχαλίδης,false,false,false,,false
5143,Βασ. Παπαδόπουλος,false,false,false,,false
5144,A. Popp,false,false,false,,false
5145,διασκευή Αρμάος,false,false,false,,false
5146,Άρης Σαν,false,false,false,,false
5147,David Foster,false,false,false,,false
5148,J. J. Agsayah,false,false,false,,false
5149,Κ. Γόντικας,false,false,false,,false
5150,Αλ. Αράπης,false,false,false,,false
5151,Μ. Διαμαντή,false,false,false,,false
5152,Π. Ναλμπάντης,false,false,false,,false
5153,Δημ. Ανδριανός ;,false,false,false,,false
5154,Π. Ασλανίδης,false,false,false,,false
5155,Γιώ. Κλεφτογιώργου-Γιά. Παλαιολόγου,false,false,false,,false
5156,Γιάν. Συμεωνίδης,false,false,false,,false
5157,Μακ. Βασιλειάδης,false,false,false,,false
5158,Gino,false,false,false,,false
5159,Velt - απόδοση στα ελλην. Ν. Ελληναίος,false,false,false,,false
5160,Σκουλής,false,false,false,,false
5161,Τ. Οικονομόπουλος,false,false,false,,false
5162,Ν. Μαύρος,false,false,false,,false
5163,Δημ. Ζάχος ;;;,false,false,false,,false
5164,Παν. Τζανέτος,false,false,false,,false
5165,Π. Ηλιόπουλος,false,false,false,,false
5166,Άνθος Λυκαύγης,false,false,false,,false
5167,Γιώ. Θεοφανόπουλος,false,false,false,,false
5168,Λ. Ζέρβας,false,false,false,,false
5169,Ν. Ρέλιας,false,false,false,,false
5170,Δημ. Ρήττας,false,false,false,,false
5171,"E. Macias, J. Demarny",false,false,false,,false
5172,Θαν. Λαγουρός,false,false,false,,false
5173,Βοσπορινός,false,false,false,,false
5174,Christian Bensch,false,false,false,,false
5175,Βαγγ. Ροζαχέας,false,false,false,,false
5176,Μπουρνέλης ;,false,false,false,,false
5177,Τάσος Κουλούρης,false,false,false,,false
5178,Κώστας Χατζόπουλος,false,false,false,,false
5179,Παραδοσιακό των Εβρίδων,false,false,false,,false
5180,Πορτοκάλογλου,false,false,false,,false
5181,Τσιτσάνης ή Γιά. Κυριαζής,false,false,false,,false
5182,Στάμος,false,false,false,,false
5183,Τ. Αρβανιτάκης,false,false,false,,false
5184,Τζουανάκος (Παπαγιαννοπούλου),false,false,false,,false
5185,"Περιστέρης (Γ. Κορολόγος, Μ. Μαργαρίτης-Μάτσας)",false,false,false,,false
5186,Λάκης Χαλκιάς,false,false,false,,false
5187,Νίνα Ναχμία,false,false,false,,false
5188,Darjean - απόδοση στα ελλην. Σέβη Τηλιακού,false,false,false,,false
5189,Παπαϊωάννου (Παπαγιαννοπούλου),false,false,false,,false
5190,Π. Παπανδρέου,false,false,false,,false
5191,Νοτιαμερικάνικο,false,false,false,,false
5192,Στ. Παπαδάκος,false,false,false,,false
5193,Λ. Νικολαΐδης,false,false,false,,false
5194,Δημ. Ρουβούλης,false,false,false,,false
5195,Daniele Pace - απόδοση στα ελλην. Ν. Ελληναίος,false,false,false,,false
5196,Σούκας,false,false,false,,false
5197,Φ. Παναγιωτίδης,false,false,false,,false
5198,Μίμης Πρόκος,false,false,false,,false
5199,Ζ. Μουστακί,false,false,false,,false
5200,--- (Μίνως Μάτσας),false,false,false,,false
5201,Γεώργιος Δροσίνης,false,false,false,,false
5202,Διονυσίου (Καρανικόλας ;),false,false,false,,false
5203,Saftici - απόδοση στα ελλην. Αθ. Τσόγκας,false,false,false,,false
5204,Κλ. Ανδριακοπούλου,false,false,false,,false
5205,Barefta,false,false,false,,false
5206,Παν. Μαθιέλης,false,false,false,,false
5207,Μ. Γκόπης,false,false,false,,false
5208,Bod Azzam - διασκευή Ε. Πολίτης,false,false,false,,false
5209,Stylistes,false,false,false,,false
5210,Γιώ. Διαμαντής,false,false,false,,false
5211,Βλ. Χαραλαμπίδης,false,false,false,,false
5212,Λίνα Δημοπούλου,false,false,false,,false
5213,"Ι. Βλασσιάδου, Φ. Τριανταφύλλου",false,false,false,,false
5214,Κορώνης-Φίλανδρος,false,false,false,,false
5215,Αλέξανδρος Αλεξάνδρου (Θόδ. Ποάλας),false,false,false,,false
5216,Cofiner,false,false,false,,false
5217,Heine Gaze,false,false,false,,false
5218,R. Jaen,false,false,false,,false
5219,Τάκης Καρνάτσος,false,false,false,,false
5220,Νάσος Φακίδης,false,false,false,,false
5221,Ι. Γιάγγος,false,false,false,,false
5222,Μίμης καμπάνης,false,false,false,,false
5223,"Νταλάρας, Χ. & Π. Κατσιμίχας",false,false,false,,false
5224,S. Sampaio,false,false,false,,false
5225,"Γαλλικοί στίχοι: Lelièvre Léo, Briollet Paul - απόδοση στα ελλην. Άγνωστος",false,false,false,,false
5226,εκκλησιαστικό,false,false,false,,false
5227,Μίμη Καμπάνης,false,false,false,,false
5228,Κ. Τσέκος,false,false,false,,false
5229,Λεμονόπουλος (Χ. Βασιλειάδης),false,false,false,,false
5230,Μάρκος Καράμπελας,false,false,false,,false
5231,Π. Κυριακού,false,false,false,,false
5232,C. Almaran - απόδοση στα ελλην. Αντ. Πλωμαρίτης,false,false,false,,false
5233,Τέρρης Χρυσός,false,false,false,,false
5234,Ευάγγ. Σκουρτανιώτης,false,false,false,,false
5235,Αρτέμης Ρούκουνης,false,false,false,,false
5236,Μάκης Βασιλόπουλος,false,false,false,,false
5237,Διον. Σολωμός,false,false,false,,false
5238,Γιώ. Βραδυνός,false,false,false,,false
5239,Περδικόπουλος (παραδοσιακό ;),false,false,false,,false
5240,G. Amendola,false,false,false,,false
5241,Χρ. Ζέρβας,false,false,false,,false
5242,Gutugno - απόδοση στα ελλην. Σ. Τηλιακού),false,false,false,,false
5243,Τότης Στεφανίδης,false,false,false,,false
5244,Βαρδής,false,false,false,,false
5245,Maine,false,false,false,,false
5246,Φώτης Αγγουλές ;,false,false,false,,false
5247,Σπ. Πιπεράκης,false,false,false,,false
5248,Στ. Κυριακού,false,false,false,,false
5249,Μπάμπης Λαβίδας,false,false,false,,false
5250,Ριχάρδος Χουκ-ελεύθερη απόδοση Ν. Παππάς,false,false,false,,false
5251,Νίκη Κωνσταντέλου,false,false,false,,false
5252,Δημοσθ. Βλαχαγγέλης,false,false,false,,false
5253,Γ. Μέρτικας,false,false,false,,false
5254,Donida Lobati,false,false,false,,false
5255,Γιά. Νικολάου-Οδ. Εισαγγελέας,false,false,false,,false
5256,Armando Cili,false,false,false,,false
5257,παραδοσιακό (διασκευή Ανδρομάχης και Γιώ. Πετροπουλέα),false,false,false,,false
5258,Γιά. Τζημόπουλος,false,false,false,,false
5259,K. Munro - απόδοση στα ελλην. Ν. Ελληναίος,false,false,false,,false
5260,Ε. Χωριανόπουλος,false,false,false,,false
5261,"Panteri, Pllat - απόδοση στα ελλην. Αθ. Τσόγκας",false,false,false,,false
5262,Γιώ. Μαραμένος,false,false,false,,false
5263,Χ. & Π. Κατσιμίχας,false,false,false,,false
5264,C. Imperial - απόδοση στα ελλην. Ν. Λαβράνος,false,false,false,,false
5265,Rahbani Br - απόδοση στα ελλην. Λούλα Παπαγιαννοπούλου,false,false,false,,false
5266,Αλ. Στάθης,false,false,false,,false
5267,"Klaus Munro, Ralph Arnie - απόδοση στα ελλην. Δημ. Ιατρόπουλος",false,false,false,,false
5268,"Mogol, Isola - απόδοση στα ελλην. Αλέξ. Αλεξόπουλος",false,false,false,,false
5386,Λ. Νταράλας,false,false,false,,false
5269,"Αναστασία Παπαδημητρίου ή
Σπ. Σαμοΐλης",false,false,false,,false
5270,Δημ. Μηλιός,false,false,false,,false
5271,διασκευή Ανδρέας Βέμπο,false,false,false,,false
5272,Y. Gilbert,false,false,false,,false
5273,Αιμίλιος Δραγάτσης,false,false,false,,false
5274,Γ. Πέρκας,false,false,false,,false
5275,Αρμάνδος Τζόζεφεν,false,false,false,,false
5276,R. Ferro - απόδοση στα ελλην. Πυθαγόρας,false,false,false,,false
5277,Στ. Ξυνιάς,false,false,false,,false
5278,Tselik,false,false,false,,false
5279,Ιωσήφ Καίσαρης,false,false,false,,false
5280,P. F. Webster,false,false,false,,false
5281,Tony Vardis (Αντ. Βαρδής),false,false,false,,false
5282,Μαρίκα Νίνου (Μάνεσης),false,false,false,,false
5283,Ath. Tsongas,false,false,false,,false
5284,Π. Σαλίχος,false,false,false,,false
5285,Τόλης Μαστρόκαλος,false,false,false,,false
5286,Αργ. Χατζηνάκης,false,false,false,,false
5287,Ιωσήφ Ριτσιάρσης,false,false,false,,false
5288,Γεράσ. Λαβράνος,false,false,false,,false
5289,Ν. Τσιμαχίδης,false,false,false,,false
5290,Ζ. Παπαδόπουλος,false,false,false,,false
5291,Άλκης Αλκαίου,false,false,false,,false
5292,Βασ. Ηλιάδης,false,false,false,,false
5293,Γιά. Σπάρταλης,false,false,false,,false
5294,"Leandros, Munro, O' Brien",false,false,false,,false
5295,Κ. Καρίπης (Γιώ. Πετροπουλέας),false,false,false,,false
5296,Μ. Βασιλόπουλος,false,false,false,,false
5297,Παν. Χρυσομαλίδης,false,false,false,,false
5298,P. Cassano - απόδοση στα ελλην. Νότης Κύταρης,false,false,false,,false
5299,"Μιχ. Κουμπιός, Γιώ. Ανδρέου",false,false,false,,false
5300,Εκτός Χρόνου,false,false,false,,false
5301,Refeu,false,false,false,,false
5302,"Λερμανίδης, Φ. Λιονουδάκης, Α. Δρόσος",false,false,false,,false
5303,Αλέξανδρος Παντελιάς,false,false,false,,false
5304,J. Fontana (Ν. Κύταρης),false,false,false,,false
5305,Ν. Μάθεσης,false,false,false,,false
5306,Γιώ. Πολυχρονιάδης,false,false,false,,false
5307,Ανδρούλα Νεοφύτου Μούζουρου,false,false,false,,false
5308,Στράτος Κύπριος,false,false,false,,false
5309,Π. Δουρδουμπάκης,false,false,false,,false
5310,Ν. Γιαννακός,false,false,false,,false
5311,"Θάνος Σοφός, Αθαν. Τσόγκας",false,false,false,,false
5312,Γ. Κοκορές,false,false,false,,false
5313,Ι. Βέλλας,false,false,false,,false
5314,M. Poinareff,false,false,false,,false
5315,Bob Seger,false,false,false,,false
5316,Κ. Μαυρομουστάκης,false,false,false,,false
5317,R. K. Mozian,false,false,false,,false
5318,J. P. Festi,false,false,false,,false
5319,Γιά. Σοφικίτης,false,false,false,,false
5320,Α. Βασιλάκης,false,false,false,,false
5321,Ν. Ζαχόπουλος,false,false,false,,false
5322,Ν. Μητροσύλης,false,false,false,,false
5323,G.F. Intra - απόδοση στα ελλην. Θαν. Τσόγκας,false,false,false,,false
5324,Θόδ. Καλτσίδης,false,false,false,,false
5325,Ηρ. Παπασιδέρης),false,false,false,,false
5326,Χρ. Πρωτογέρου,false,false,false,,false
5327,Rae - απόδοση στα ελλην. Σ. Τηλιακού,false,false,false,,false
5328,"Αιμ. Σαββίδης, George Stoney",false,false,false,,false
5329,Χρ. Πλακιάς,false,false,false,,false
5330,Σ. Κονδριάνης,false,false,false,,false
5331,D. Kohler,false,false,false,,false
5332,Παπαϊωάννου (Γρ. Βαξεβανέλης),false,false,false,,false
5333,Γιώτα Δρακιά,false,false,false,,false
5334,Gino Cudsi,false,false,false,,false
5335,Μ. Ανύσιος,false,false,false,,false
5336,Γιά. Νίκας,false,false,false,,false
5337,M. & A. Bergman - απόδοση στα ελλην. Σέβη Τηλιακού,false,false,false,,false
5338,Παν. Κοκκινόπουλος,false,false,false,,false
5339,"Ν. Γράψας, Γιά. Παπαδάκης, Παν. Ξυδιάς",false,false,false,,false
5340,Ν. Δεπάστας,false,false,false,,false
5341,Τ. Σούρας,false,false,false,,false
5342,Βενετσάνου,false,false,false,,false
5343,Μακρυγιάννης (Απομνημονεύματα),false,false,false,,false
5344,Ιωάν. Αντωνόπουλος,false,false,false,,false
5345,Μαργαρίτα Τομπόρη,false,false,false,,false
5346,Άρης Παυλής,false,false,false,,false
5347,Δαλέζιος (και Τάσ. Κουλούρης),false,false,false,,false
5348,Στέλ. Γαργάλας,false,false,false,,false
5349,Φ. Μπακόπουλος (ή Μιτακόπουλος ;),false,false,false,,false
5350,Γιώ. Π. Παπαδόπουλος,false,false,false,,false
5351,|Δερβενιώτης,false,false,false,,false
5352,Παν. Χριστοδούλου,false,false,false,,false
5353,Ανδρ. Καράμπαλας,false,false,false,,false
5354,Θ. Τσιουτσιουρής,false,false,false,,false
5355,Ζαμπέτας (Χαρ. Βασιλειάδης ;),false,false,false,,false
5356,Κολοκοτρώνης (Καραπατάκης),false,false,false,,false
5357,`,false,false,false,,false
5358,Κ. Ανατσέλος,false,false,false,,false
5359,Τάκης Δαυλόπουλος,false,false,false,,false
5360,Πέτρος Κυριακός (και Σώσος Ιωαννίδης ;),false,false,false,,false
5361,Εμμ. Γκαβός,false,false,false,,false
5362,Σέσμης,false,false,false,,false
5363,Juan Llossas,false,false,false,,false
5364,Σιδέρης Μαργούτας,false,false,false,,false
5365,Θάνος Σοφός,false,false,false,,false
5366,Διασκευή Κηλαηδόνης,false,false,false,,false
5367,Ν. Μουρκάκος,false,false,false,,false
5368,Πασχ. Αρβανιτίδης,false,false,false,,false
5369,Κατερ. Κόρου,false,false,false,,false
5370,Γιά. Λογοθέτης,false,false,false,,false
5371,A. Canfora,false,false,false,,false
5372,Δ. Λόης,false,false,false,,false
5373,Αγαθή Δημητρούκα,false,false,false,,false
5374,Ν. Μούρλας,false,false,false,,false
5375,Φ. Αποστολίδης,false,false,false,,false
5376,Στέφ. Μπαρούτας,false,false,false,,false
5377,Pierre Limiti,false,false,false,,false
5378,Χ. Αργυρόπουλος,false,false,false,,false
5379,Ασημίνα Παπαθεοδώρου,false,false,false,,false
5380,Γ. Αναγνωστόπουλος,false,false,false,,false
5381,Βασ. Σπυρίδωνος,false,false,false,,false
5382,Νικ. Στρογγυλάκος,false,false,false,,false
5383,Γερ. Κλουβάτος,false,false,false,,false
5384,Α. Τραμουντάνας,false,false,false,,false
5385,Φώτης Γκιώκας (Άκης Πάνου),false,false,false,,false
5387,Αντιγόνη Μεταξά-Κροντηρά (Θεία Λένα),false,false,false,,false
5388,Σπ. Χαλκιόπουλος,false,false,false,,false
5389,Α. Φίφης,false,false,false,,false
5390,Stevie Wonder,false,false,false,,false
5391,Καζαντζίδης (Κ. Ζήτης),false,false,false,,false
5392,Τρύφων Κοφινάς,false,false,false,,false
5393,Βίρβος (Δερβενιώτης ;),false,false,false,,false
5394,Μ. Μαργαρτίτης,false,false,false,,false
5395,Περιστέρης (Μάρκος),false,false,false,,false
5396,Μαυρόπουλος,false,false,false,,false
5397,Πειστέης (Μάτσας),false,false,false,,false
5398,Σμυρναίικο,false,false,false,,false
5399,Μίμης Τραϊφόρος (Παπαγιαννοπούλου),false,false,false,,false
5400,Τάσος Θεοδωρακόπουλος,false,false,false,,false
5401,Oswaldo Ferres - απόδοση στα ελλην. Steve Bartseris,false,false,false,,false
5402,Ρίτα Μπούμη-Παππά,false,false,false,,false
5403,Βαγγ. Κατμερίδης,false,false,false,,false
5404,παραδοσιακό Αρμενίας - διασκευή Haig Hazdjian,false,false,false,,false
5405,Π. Οικονόμου,false,false,false,,false
5406,"Μπουρνέλης, Νίντα Κανάκη",false,false,false,,false
5407,Σ. Παππά,false,false,false,,false
5408,Γ. Γρηγοριάδης,false,false,false,,false
5409,Βασιλειάδης (Πυθαγόρας),false,false,false,,false
5410,Κ. Μύρης (Γεωργουσόπουλος),false,false,false,,false
5411,Καβάφης,false,false,false,,false
5412,Γιώ. Σαγιάννης,false,false,false,,false
5413,Ναζίμ Χικμέτ - απόδοση στα ελλην. Ρίτσος,false,false,false,,false
5414,Σαρ. Τσιλιβερδής ή Πόπη Πασβάντη,false,false,false,,false
5415,Μενιδιάτης (Ε. Παπαγιαννοπούλου),false,false,false,,false
5416,Ναταλία Γερμανού,false,false,false,,false
5417,Γιώ. Μαυρομουστακάκης,false,false,false,,false
5418,Alice Maywood - απόδοση στα ελλην. Γιώ. Κανελλόπουλος,false,false,false,,false
5419,Σπ. Ιωαννίδης,false,false,false,,false
5420,Στ. Μάγερ,false,false,false,,false
5421,Θεοδ. Παπαδόπουλος,false,false,false,,false
5422,Φ. Πανταζόπουλος,false,false,false,,false
5423,Π. Σπυρόπουλος,false,false,false,,false
5424,Κων. Ανδρικόπουλος,false,false,false,,false
5425,Β. Ζολωτάκης,false,false,false,,false
5426,Καίτη Θύμη,false,false,false,,false
5427,Ronald Vincent,false,false,false,,false
5428,Μάνθος Τσίχλας,false,false,false,,false
5429,Ε. Χασαπίδου-Watson,false,false,false,,false
5430,Αλέξ. Παπαδιαμάντης,false,false,false,,false
5431,Ε. Ζάχος-Παπαζαχαρίου,false,false,false,,false
5432,Π. Πανταζής,false,false,false,,false
5433,Αντ. Σακελλαρίου,false,false,false,,false
5434,"Λήδα Χαλκιαδάκη, Σπ. Βλασσόπουλος",false,false,false,,false
5435,"Salah Sahine, P. Delanoe",false,false,false,,false
5436,Τ. Nalian,false,false,false,,false
5437,Δ. Λάγιος,false,false,false,,false
5438,Μαν. Αγγελόπουλος,false,false,false,,false
5439,Κλάους Μονρό,false,false,false,,false
5440,Ελ. Σταματίου,false,false,false,,false
5441,Παπαϊωάννου (Κολοκοτρώνης ;),false,false,false,,false
5442,Σ. Κτενιουδάκης,false,false,false,,false
5443,Δώρα Τσαλδάρη,false,false,false,,false
5444,Μυρτώ Κοντοβά,false,false,false,,false
5445,Παραδοσιακόπ,false,false,false,,false
5446,Λ. Καρελάς,false,false,false,,false
5447,"Danoff, Nivert",false,false,false,,false
5448,Normah Gold,false,false,false,,false
5449,Nisa,false,false,false,,false
5450,Γ. Χατζιπιερής,false,false,false,,false
5451,Ανδρ. Φαντίδης,false,false,false,,false
5452,Π. Κασαπάκης,false,false,false,,false
5453,Σέμσης,false,false,false,,false
5454,Ν. Βερόπουλος,false,false,false,,false
5455,Λ. Παπαγιαννόπουλος,false,false,false,,false
5456,Βασ. Βασιλειάδης,false,false,false,,false
5457,Πάν. Ντάμκας,false,false,false,,false
5458,Παπαϊωάννου (Παπαγιαννοπούλου ;),false,false,false,,false
5459,Μέλπω Κολοκοτρώνη (Κολοκοτρώνης),false,false,false,,false
5460,Ch. Sarrel,false,false,false,,false
5461,Αντ. Καραντάνης,false,false,false,,false
5462,Μπουρνέλης,false,false,false,,false
5463,Θ. Μπουδουράκη;,false,false,false,,false
5464,Στάθης Μάστορας,false,false,false,,false
5465,Α. Ρόκος (Μάρκος),false,false,false,,false
5466,Αλ. Αρβανιτάκης,false,false,false,,false
5467,παραδοσιακό Κύπρου,false,false,false,,false
5468,"Χρ. Βούλγαρης, Αλ. Αδαμάκης",false,false,false,,false
5469,Μ. Γαλιάτσος,false,false,false,,false
5470,Γενίτσαρης ;,false,false,false,,false
5471,Π. Γαβαλάς,false,false,false,,false
5472,Δημ. Καρυδάκιας,false,false,false,,false
5473,Γιώ. Καζαντζής,false,false,false,,false
5474,Γ. Μπαρμπουδάκης,false,false,false,,false
5475,Β. Αρχιτεκτονίδης,false,false,false,,false
5476,Νικολόπουλος,false,false,false,,false
5477,Γιώ. Παππάς,false,false,false,,false
5478,Ντ. Χριστιανόπουλος,false,false,false,,false
5479,Πλέσσας (;),false,false,false,,false
5480,Σ. Οικονομάκης,false,false,false,,false
5481,Κ. Ζήτης (Δερβενιώτης ;),false,false,false,,false
5482,Κάρμεν Μούρτζινου,false,false,false,,false
5483,Α. Αλεξάκης,false,false,false,,false
5484,Τάμμυ,false,false,false,,false
5485,Θαν. Λαΐνης,false,false,false,,false
5486,Δημ. Χατζηδιάκος,false,false,false,,false
5487,Λουδοβίκος,false,false,false,,false
5488,Ελεάνα Βραχάλη,false,false,false,,false
5489,"Σπυρόπουλος, Ασημακόπουλος, Παπαδούκας",false,false,false,,false
5490,Θ. Δεμιρόπουλος,false,false,false,,false
5491,Βασ. Καπερνάρος,false,false,false,,false
5492,Αιμίλιος Σαββίδης,false,false,false,,false
5493,E. Montry,false,false,false,,false
5494,Χατζηχρήστος (Χ. Βασιλειάδης),false,false,false,,false
5495,Ματθαίος Φελώνης,false,false,false,,false
5496,Λυκ. Μαρκέας και Γιώ. Κριμιζάκης,false,false,false,,false
5497,F. & M. Reitono,false,false,false,,false
5498,Boone,false,false,false,,false
5499,Ρήγας Σαριτζιώτης,false,false,false,,false
5500,Μιχ. Κρανιάς,false,false,false,,false
5501,Στέλ. Κορσαβίδης,false,false,false,,false
5502,Συνήθεις Ύποπτοι,false,false,false,,false
5503,Γιά. Νικολάου,false,false,false,,false
5504,"Δημ. Ρακιτζής, Μαριάνθη (;). Κεφάλα",false,false,false,,false
5505,Roberto Carlos,false,false,false,,false
5506,Θέμης Κρυτάλης,false,false,false,,false
5507,Στάθης Βενιαμίδης,false,false,false,,false
5508,Α. Χάιτας,false,false,false,,false
5509,Ελ. Αγαθόπουλος,false,false,false,,false
5510,C. MINELLONO,false,false,false,,false
5511,Δημ. Λιπέρτης,false,false,false,,false
5512,Μπάμπης Βαρσαμάς,false,false,false,,false
5513,"C. Frechier, T. Pinelli",false,false,false,,false
5514,Βασ. Μπουσιώτης,false,false,false,,false
5515,Νίκος Σαριδάκης,false,false,false,,false
5516,Ν. Παπαδάκης,false,false,false,,false
5517,Γιώ. Πασπάτης,false,false,false,,false
5518,παραδοσιακό - διασκευή Αντ. Απέργης,false,false,false,,false
5519,Άγγ. Φουκαράς,false,false,false,,false
5520,Τσιτσάνης (Γκούτης),false,false,false,,false
5521,Τώνια Μαρκετάκη,false,false,false,,false
5522,Η. Παπαδόπουλος,false,false,false,,false
5523,Μαν. Αυξενίδης,false,false,false,,false
5524,Φαίδων Λιανουδάκης,false,false,false,,false
5525,Melfi,false,false,false,,false
5526,Πάνος Ρουμελιώτης,false,false,false,,false
5527,Γιώ. μαλλίδης,false,false,false,,false
5528,Κίμων Καπετανάκης,false,false,false,,false
5529,Nicolas Perides,false,false,false,,false
5530,Κ. Πρέντζας,false,false,false,,false
5531,Μ. Ιωαννίδης,false,false,false,,false
5532,Δημ. Πικριδάς,false,false,false,,false
5533,Σπανός και Δημ. Παπαδημητρίου,false,false,false,,false
5534,Georges Van Rarys - απόδοση στα ελλην. Πωλ Μενεστρέλ,false,false,false,,false
5535,Bella - απόδοση στα ελλην. Ν. Ελληναίος,false,false,false,,false
5536,Άρης Καραντάνης ;,false,false,false,,false
5537,Καραπατάκης (Παπαγιαννοπούλου),false,false,false,,false
5538,Ε. Μπενάκης,false,false,false,,false
5539,Γ. Τζοανόπουλος,false,false,false,,false
5540,Ανδρέας Χατζηαποστόλου,false,false,false,,false
5541,Μάκης Μαυρόπουλος,false,false,false,,false
5542,Τάσος Δημόγλου,false,false,false,,false
5543,Ράνια Κατσαΐτη,false,false,false,,false
5544,Μίνως Αμαριώτης (Μαν. Αναγνωστάκης),false,false,false,,false
5545,Δημ. Παναγόπουλος,false,false,false,,false
5546,Μπ. Μαρκάκης (Βαγγ. Γκούφας),false,false,false,,false
5547,F. G. LORCA - απόδοση στα ελλην. Τάκης Δραγώνας,false,false,false,,false
5548,Δ. Κάσιος,false,false,false,,false
5549,Λαϊκό ρώσικο,false,false,false,,false
5550,Θοδ.Μανίκας,false,false,false,,false
5551,Ν. Μουλάς,false,false,false,,false
5552,Γ. Καλαϊτζή ή Μυτιληναίου,false,false,false,,false
5553,Μαν. Φραγκάκης,false,false,false,,false
5554,Δημ. Ευσταθίου,false,false,false,,false
5555,Leo Ferre,false,false,false,,false
5556,Γαβαλάς (ή Χιώτης ;),false,false,false,,false
5557,H. Gietz - διασκευή Δημ. Ιατρόπουλος,false,false,false,,false
5558,Γιά. Κανελλόπουλος,false,false,false,,false
5559,Tony Vale,false,false,false,,false
5560,Αντ. Απέργης,false,false,false,,false
5561,Ιωάν. Χατζηαντωνίου,false,false,false,,false
5562,Χ. Πολυδώρου,false,false,false,,false
5563,Σ. Κασκάνης,false,false,false,,false
5564,Χρ. (Τάκης) Αντωνιάδης,false,false,false,,false
5565,Αλεξάκης,false,false,false,,false
5566,Π. Καφετζοπούλου,false,false,false,,false
5567,Ηλ. Χαλής,false,false,false,,false
5568,Ε. Ενζελής,false,false,false,,false
5569,Δ. Ξανθοπούλου,false,false,false,,false
5570,Ν. Καλλίτσης,false,false,false,,false
5571,Κ. Κουφογιάγκος,false,false,false,,false
5572,H. Vermeulen -απόδοση στα ελλην. Ν. Ελληναίος,false,false,false,,false
5573,"Αγγλικοί στίχοι: Charles Haldeman
Ελληνικοί στίχοι: Χατζιδάκις",false,false,false,,false
5574,S. Bardotti,false,false,false,,false
5575,Ηλ. Ταχτσόγλου,false,false,false,,false
5576,Γιώ. Σερραίος,false,false,false,,false
5577,Γιώ. Φωτίδας,false,false,false,,false
5578,Μαν. Παπαγεωργίου,false,false,false,,false
5579,Λ. Μουρατίδης,false,false,false,,false
5580,Σαρλ Μπωντλέρ - απόδοση στα ελλην. Αλέξ. Μπάρας,false,false,false,,false
5581,Σταύρ. Καμπάνης,false,false,false,,false
5582,Μαρινέλλα (Καζαντζίδης),false,false,false,,false
5583,Αραπάκης,false,false,false,,false
5584,Γ. Στεργίου,false,false,false,,false
5585,Γιά. Σπάτακος,false,false,false,,false
5586,Ν. Καλαθάκης,false,false,false,,false
5587,Λ. Γκονόπουλος,false,false,false,,false
5588,Γιώ. Τζαβέλλας,false,false,false,,false
5589,Βαγγ. Κονιτόπουλος,false,false,false,,false
5590,Κ. Παπασπήλιος,false,false,false,,false
5591,Β. Βασιλειάδης,false,false,false,,false
5592,Θαν. Ζέρβας,false,false,false,,false
5593,Πιτσιλαδής,false,false,false,,false
5594,Chuck Berry,false,false,false,,false
5595,C. Velasquez,false,false,false,,false
5596,Α. Δαμάσκος,false,false,false,,false
5597,Τάκης Ντορλής,false,false,false,,false
5598,Άλκηστις Γκόγκου,false,false,false,,false
5599,Στέλιος Ζαφειρίου,false,false,false,,false
5600,Αθηνά Παγκαλάκη (Γιώ. Φωτίδας),false,false,false,,false
5601,παραδοσιακό Νάξου,false,false,false,,false
5602,Λιζ. Καλημέρη,false,false,false,,false
5603,Μαρία Καραμήτσου,false,false,false,,false
5604,Βασ. Παπακωνσταντίνου,false,false,false,,false
5605,D. Alschansky-Dimitroff - απόδοση στα ελλην. ;;;;;;;;;;;;;;;;;;;;;;;,false,false,false,,false
5606,John Lennon,false,false,false,,false
5607,Γιά. Ευσταθίου,false,false,false,,false
5608,Γιώ. Μπουλουγουράς,false,false,false,,false
5609,Greene,false,false,false,,false
5610,Στ. Αγγελιδάκης,false,false,false,,false
5611,R. Cοοκ,false,false,false,,false
5612,"Μ. Γεώργαρης, Ν. Σακελλαρίου",false,false,false,,false
5613,Ελ. Αργαλιά,false,false,false,,false
5614,Κ. Παρίσης,false,false,false,,false
5615,Τσαουσάκης (Τσιτσάνης),false,false,false,,false
5616,Κ Μάνεσης,false,false,false,,false
5617,Ε. Μωραΐτου (Περιστέρης),false,false,false,,false
5618,Μπάμπης Λαμπρακούλης,false,false,false,,false
5619,Αντ. Διαµαντίδης (Νταλγκάς),false,false,false,,false
5620,Λευτέρης Δασκαλάκης,false,false,false,,false
5621,Α. Φραντζής,false,false,false,,false
5622,Δ. Κούλπας,false,false,false,,false
5623,"Γιώ. Ασημακόπουλος, Βασ Σπυρόπουλος, Πάν. Παπαδούκας",false,false,false,,false
5624,Μαν. Αλεξίου,false,false,false,,false
5625,"L. Pall, G. Economides (Γιώ. Οικονομίδης)",false,false,false,,false
5626,"Δημ. Πουλικάκος, Heinrich Heine",false,false,false,,false
5627,Λευτ. Δάλης,false,false,false,,false
5628,Ε. Τριανταφύλλου,false,false,false,,false
5629,Μαρίκα Λούρου,false,false,false,,false
5630,Στ. Σακελλάρης,false,false,false,,false
5631,"Απόστ. Κουδούνας, Μάκης Βροχίδης",false,false,false,,false
5632,Αντ. Βαμβακάρης,false,false,false,,false
5633,Φ. Λιόσης,false,false,false,,false
5634,"Ευάγγ. Ατραΐδης, Γιά. Γαβαλάς",false,false,false,,false
5635,Ν. Χατζημανώλης,false,false,false,,false
5636,Δήμ. Τουμπέλη,false,false,false,,false
5637,Στ. Δουμίδης,false,false,false,,false
5638,Στέλιος Μίχας,false,false,false,,false
5639,Ιωάν. Ζαχαρής,false,false,false,,false
5640,Μίλτος Βάιος,false,false,false,,false
5641,Φ. Πολυμέρης,false,false,false,,false
5642,Βαγγ. Γεωργίου,false,false,false,,false
5643,Σωτήρης Πρίτσης,false,false,false,,false
5644,Δ. Τσανάκας,false,false,false,,false
5645,"Κερμανίδης, Γ. Καρελιώτης",false,false,false,,false
5646,Λ. Φωτάκης,false,false,false,,false
5647,Ν. Μπαξεβάνης,false,false,false,,false
5648,"παραδοσιακό, διασκευή Χαΐνηδες",false,false,false,,false
5649,Θόδ. Kαμπουρίδης,false,false,false,,false
5650,Mike,false,false,false,,false
5651,Πέτρος Πολλάτος,false,false,false,,false
5652,Ελευθ. Μαυρομμάτης,false,false,false,,false
5653,Ζ. Δελμούζος,false,false,false,,false
5654,Λαύκας (Δαλέζιος ;),false,false,false,,false
5655,Τραϊφόρος,false,false,false,,false
5656,Χαρίκλεια Μπακάλη (Μπακάλης),false,false,false,,false
5657,J. P. Bourtayre,false,false,false,,false
5658,Γιώ. Ιωαννίδης,false,false,false,,false
5659,Franchi-Dino Pelli - απόδοση στα ελλην. ;;;,false,false,false,,false
5660,Del Shannon - απόδοση στα ελλην. Κ. Τσερώνης,false,false,false,,false
5661,01) Δ-761 (με τ,false,false,false,,false
5662,M. Lidsay,false,false,false,,false
5663,John Farrar - απόδοση στα ελλην. Σέβη Τηλιακού,false,false,false,,false
5664,Γ. Αρίων,false,false,false,,false
5665,Μπακαλάκος,false,false,false,,false
5666,Καζαντζίδης (Βίρβος),false,false,false,,false
5667,Γιώ. Πολυμενάκος,false,false,false,,false
5668,Θ. Σούφαρης,false,false,false,,false
5669,Κ. Φιλίππου,false,false,false,,false
5670,Δ. Σταμούλης,false,false,false,,false
5671,Α. Παγκαλάκη (Γιώ. Φωτίδας),false,false,false,,false
5672,Δημ. Πανόπουλος,false,false,false,,false
5673,Μάρω Λήμνου,false,false,false,,false
5674,Πάνος Κοτσώνης,false,false,false,,false
5675,Παν. Κοκοντίνης ;,false,false,false,,false
5676,Π. Χάρβας,false,false,false,,false
5677,Λ. Παλλίδης,false,false,false,,false
5678,W. MORALES,false,false,false,,false
5679,Ν. Χαλκιάς,false,false,false,,false
5680,Στ. Κουγιούτας,false,false,false,,false
5681,Ελευθ. Κωνσταντινίδης,false,false,false,,false
5682,Ν. Ρίζος,false,false,false,,false
5683,Κωστής Κριτσωτάκης ή Γιώ. Σφυρίδης,false,false,false,,false
5684,Τάσος Ζέρβας,false,false,false,,false
5685,Σίμων Καρακάσης (Αγάπιος Τομπούλης),false,false,false,,false
5686,Σκορδίλης,false,false,false,,false
5687,Αικατερίνη Βιτσένζου,false,false,false,,false
5688,Τάκης Μπαρμπαρής,false,false,false,,false
5689,Λούλα Παπαγιαννοπούλου,false,false,false,,false
5690,Μίμης Φραγκιουδάκης,false,false,false,,false
5691,Πλέσσας,false,false,false,,false
5692,Γ. Αναστασόπουλος,false,false,false,,false
5693,Αν. Χαλκιόπουλος (Τ. Χαλκιάς),false,false,false,,false
5694,Πουλικάκος,false,false,false,,false
5695,Ρέτη Ζαλοκώστα,false,false,false,,false
5696,Κ. Λαϊνης,false,false,false,,false
5697,Θεοφάνης Κομζιάς,false,false,false,,false
5698,Σ. Ευθυμιάδης,false,false,false,,false
5699,Κ Καρολίδου,false,false,false,,false
5700,Κ. Σιώπης,false,false,false,,false
5701,Ν. Παπαντωνίου,false,false,false,,false
5702,Ε. Καρυώτης,false,false,false,,false
5703,Μ. Καλαμίτση,false,false,false,,false
5704,Απ. Χρυσούλης ή Χρ. Αποστόλου,false,false,false,,false
5705,διασκευή - Γιά. Δραγάτσης,false,false,false,,false
5706,Αθηναίος,false,false,false,,false
5707,Θ. Κολοκοτρώνης,false,false,false,,false
5708,Φίλ. Νικολάου,false,false,false,,false
5709,Σουγιούλ,false,false,false,,false
5710,"Τ. Παπαδόπουλος, Ι. Βλασταρίδης",false,false,false,,false
5711,Κ. Νεστορίδης,false,false,false,,false
5712,Σ. Νεαμωνιτάκης,false,false,false,,false
5713,"Αλιβιζάτος, Μ. Βαρσαμάς",false,false,false,,false
5714,Ν. Στρογγυλάκος,false,false,false,,false
5715,Κ. Ντόντης,false,false,false,,false
5716,Κολοκοτρώνης (Καζαντζίδης),false,false,false,,false
5717,Χάρης Πετρόπουλος,false,false,false,,false
5718,Ν. Σαραγούδας,false,false,false,,false
5719,"διασκευή Δημάκης, Κεφαλάς",false,false,false,,false
5720,Κ. Κανούλας,false,false,false,,false
5721,Τζόν Στάκας,false,false,false,,false
5722,Τίνο Ανδροκλής,false,false,false,,false
5723,Δήμος Μούτσης,false,false,false,,false
5724,Ν. Σουλεϊμάνης,false,false,false,,false
5725,Γ. Πανάγου,false,false,false,,false
5726,Τάκης Μίχαλος,false,false,false,,false
5727,Στ. Κάξος,false,false,false,,false
5728,Πετσάς (Γκούτης ;),false,false,false,,false
5729,Χρ. Βαμβακάς,false,false,false,,false
5730,Π. Ιωαννίδης,false,false,false,,false
5731,Μ. Μιχαηλίδης,false,false,false,,false
5732,Γόλης Γιοβάννης,false,false,false,,false
5733,Ττοφής Φαΐκκης,false,false,false,,false
5734,Χρυσούλα Ιωαννίδου,false,false,false,,false
5735,Γ. Κόρος (Ασήμω Παπαθεοδώρου ;),false,false,false,,false
5736,Νίκος Περγιάλης,false,false,false,,false
5737,Απόστ. Βαλαρούτσος,false,false,false,,false
5738,"G. Ferri, P. Pintucci - απόδοση στα ελλην. Αθ. Τσόγκας",false,false,false,,false
5739,F. Cassano - απόδοση στα ελλην. Νότης Κύταρης,false,false,false,,false
5740,"Alexander, Valletri",false,false,false,,false
5741,Δ. Μπαρδάνη,false,false,false,,false
5742,Ελ. Μωραΐτη,false,false,false,,false
5743,Raymond Douglas Davies,false,false,false,,false
5744,Ελένη Ρούση,false,false,false,,false
5745,Παρθένα Τζελαλίδου,false,false,false,,false
5746,Λίτσα Αρχοντά,false,false,false,,false
5747,Γιώ. Τζιμάκης (Τζαγκαράκης),false,false,false,,false
5748,Μίµης Γαϊτάνος,false,false,false,,false
5749,"Μπέλλου, Χ. Βασιλειάδης",false,false,false,,false
5750,Ι. Παπαδόπουλος (Χ. Βασιλειάδης),false,false,false,,false
5751,Κ. Κωστόπουλος,false,false,false,,false
5752,K. Versteeg,false,false,false,,false
5753,"Γιώ. Ασημακόπουλος, Δ. Γιαννουκάκης",false,false,false,,false
5754,παραδοσιακό - διασκευή Ξυλούρης,false,false,false,,false
5755,"Μιχ. Σαχτούρης από τη συλλογή ""Ο περίπατος""",false,false,false,,false
5756,Θοδωρής λαχανάς,false,false,false,,false
5757,Savlo - απόδοση στα ελλην. Ρέτη Ζαλοκώστα,false,false,false,,false
5758,"Τάσ. Νεράτζης, Κ. Καλαμπούκας",false,false,false,,false
5759,"Καραπατάκης (Μουρκάκος, Χ. Βασιλειάδης)",false,false,false,,false
5760,Στράτος Παγιουμτζής (παραδοσιακό),false,false,false,,false
5761,διασκευή Μπακάλης,false,false,false,,false
5762,A. Tsongas,false,false,false,,false
5763,Κ. Δημόπουλος,false,false,false,,false
5764,Σπ. Καμπάνης,false,false,false,,false
5765,παραδσοιακό,false,false,false,,false
5766,Π. Μάτεσης,false,false,false,,false
5767,Μιχ. Ρακιτζής,false,false,false,,false
5768,Βάσια Ζήλου,false,false,false,,false
5769,Λάκης Αλεξάνδρου,false,false,false,,false
5770,Μελ. Τανάγρη,false,false,false,,false
5771,παραδοσιακό Σουηδίας - διασκευή Occasional Dream,false,false,false,,false
5772,Διαμ. Σιδερίδης,false,false,false,,false
5773,Ι. Κουμουνδούρος,false,false,false,,false
5774,Γιώ. Τουφεξής,false,false,false,,false
5775,Σέμσης (και Χ. Βασιλειάδης ;),false,false,false,,false
5776,Γιά. Σούρλας,false,false,false,,false
5777,Αρίστος Χορμόβας,false,false,false,,false
5778,"Γιώ. Παπασιδέρης, Μιχ. Καλλέργης",false,false,false,,false
5779,Alberto Fialho Janes (Dr.A.Jones) - απόδοση στα ελλην. Εύη Δρούτσα,false,false,false,,false
5780,Μίμης (Ευθύμιος) Καμπάνης,false,false,false,,false
5781,Α. Μπουτάκογλου,false,false,false,,false
5782,Lorena Mc Kennit,false,false,false,,false
5783,Αγάπιος Αγαπίου,false,false,false,,false
5784,παραδοσιακό - διασκευή Κωνσταντίνος Βήτα,false,false,false,,false
5785,Κ. Χαιρόπουλος,false,false,false,,false
5786,Ροβερτάκης (ή Μάνεσης),false,false,false,,false
5787,M. Detto - απόδοση στα ελλην. Αθ. Τσόγκας,false,false,false,,false
5788,Ηρ. Τριανταφυλλίδης,false,false,false,,false
5789,N. Adams,false,false,false,,false
5790,Δημ.Σφακιανός,false,false,false,,false
5791,Χρύσ. Θεοδωρίδης,false,false,false,,false
5792,"Ν. Ελευθερίου, Ηλ. Λυμπερόπουλος",false,false,false,,false
5793,Βασ. Ρωμηός,false,false,false,,false
5794,Βαγγ. Γκούφας ή Μάριος Ποντίκας,false,false,false,,false
5795,Σταύρος Παντελίδης ή Κολοκοτρώνης,false,false,false,,false
5796,Γιά. Παπαδόπουλος ή Χρυσίνης,false,false,false,,false
5797,Mogol - απόδοση στα ελλην. Αθ. Τσόγκας,false,false,false,,false
5798,Άρης Σαν (Γιά. Μέρτικας),false,false,false,,false
5799,R. Cantoral,false,false,false,,false
5800,Μπακιρτζής,false,false,false,,false
5801,Κ(ορίνα) Κοινούση,false,false,false,,false
5802,Χιώτης (Μάνεσης),false,false,false,,false
5803,Στέφ. Βογιατζής,false,false,false,,false
5804,"Λόλα Βώττη

Το πρωτοτραγούδησε η Σοφία Βέμπο στην επιθεώρηση  των Αντώνη Βώττη και Δ. Ευαγγελίδη  ""Παναθήναια1936""  στο θέατρο Σαμαρτζή.",false,false,false,,false
5805,Ποσ. Καραβάς,false,false,false,,false
5806,Σολομών - απόδοση στα ελλην. Γιώ. Τσουκαλάς,false,false,false,,false
5807,Άλφα Βήτα,false,false,false,,false
5808,Τάσος Σοφούλης,false,false,false,,false
5809,Λ. Παπαδόπουλος ή Ηλ. Λυμπερόπουλος,false,false,false,,false
5810,Ευαγγελινίδου,false,false,false,,false
5811,Νικόπουλος,false,false,false,,false
5812,Stuart - απόδοση στα ελλην. Gino,false,false,false,,false
5813,Μαν. Γκαβός,false,false,false,,false
5814,Π. Πρόγιας,false,false,false,,false
5815,Χρ. Σκούταρης,false,false,false,,false
5816,Βασ. Κουμπής,false,false,false,,false
5817,Γιά. Αλεξάνδρου,false,false,false,,false
5818,Nino Rota,false,false,false,,false
5819,Γιά. Κόταλης,false,false,false,,false
5820,Ε. Λυκιαρδόπουλος,false,false,false,,false
5821,Παπαϊωάννου (Μάνεσης ;),false,false,false,,false
5822,Στέργιος Γαργάλας,false,false,false,,false
5823,Κ. Ελευθερίου (Καραμούζος),false,false,false,,false
5824,Γιά. Μπουφίδης,false,false,false,,false
5825,Μακριδάκης (Γκούτης ;),false,false,false,,false
5826,Ν. Χουλιαράς,false,false,false,,false
5827,Κ. Συριωτάκης,false,false,false,,false
5828,Γιώ. Καρδάμης,false,false,false,,false
5829,"Γιά. Αξιώτης, Αλ. Παπαδημητρίου",false,false,false,,false
5830,E. & R. Carlos - απόδοση στα ελλην. Ρέτη Ζαλοκώστα,false,false,false,,false
5831,"Χρ. Εμμανουήλ, Ν. Παναγιωτούνης",false,false,false,,false
5832,Ν. Τερζής,false,false,false,,false
5833,Roussel - απόδοση στα ελλην. Π. Φαλάρας,false,false,false,,false
5834,Μιχ. Καλλέργης,false,false,false,,false
5835,παραδοσιακό Αρμενίας - απόδοση στα ελλην. Λ. Παπαδόπουλος,false,false,false,,false
5836,Γ. Κορομηλάς,false,false,false,,false
5837,Χαράλαμπος Άννινος,false,false,false,,false
5838,Σαρ. Αλιβιζάτος,false,false,false,,false
5839,"Π. Παπαδούκας, Β. Σπυρόπουλος",false,false,false,,false
5840,Ζαμπέτας (Χ. Βασιλειάδης),false,false,false,,false
5841,Στέφανος Μπαρούτας,false,false,false,,false
5842,Δ. Τσανάκος,false,false,false,,false
5843,Στ. Ρόκκος,false,false,false,,false
5844,Ανδρ. Αγγελάκης,false,false,false,,false
5845,Πορτοκάλλης,false,false,false,,false
5846,Δημ. Βενιζέλος,false,false,false,,false
5847,Τ. Κούβαρης,false,false,false,,false
5848,Γιά. Σπάθας-Τουρκογιώργης,false,false,false,,false
5849,Ν. Πετράς,false,false,false,,false
5850,Yanni,false,false,false,,false
5851,"Περιστέρης (Ζακ Ιακωβίδης, Μ. Μαργαρίτης (Μάτσας))",false,false,false,,false
5852,"Βασ. Κορδάτος, Μίλτος Παπαστάμου",false,false,false,,false
5853,Φ. Οικονόμου,false,false,false,,false
5854,Αb;et Κιζιριάν,false,false,false,,false
5855,Π. Λάμπρου,false,false,false,,false
5856,Σ. Τσιβγούλης,false,false,false,,false
5857,"Στέλιος Γεράνης, Δημ. Αρώνης",false,false,false,,false
5858,C. C.,false,false,false,,false
5859,C. Rivat - απόδοση στα ελλην. Ν. Ελληναίος,false,false,false,,false
5860,Βασ. Χαρίσης,false,false,false,,false
5861,Πέρις Μουράτογλου,false,false,false,,false
5862,Μπ. Αταλιώτης,false,false,false,,false
5863,Δ. Ζαχαρής,false,false,false,,false
5864,Γιώ. Λυκούδης,false,false,false,,false
5865,Μενιδιάτης,false,false,false,,false
5866,Απ. Τσιαμπούρης,false,false,false,,false
5867,Δέσποινα Καρλή,false,false,false,,false
5868,Ανδρέας Αγγελάκης,false,false,false,,false
5869,Δημ. Ταμπόσης,false,false,false,,false
5870,Teo Roji ;,false,false,false,,false
5871,Θωμάς Παπαδόπουλος,false,false,false,,false
5872,Clerc,false,false,false,,false
5873,Εύη Πρώρη,false,false,false,,false
5874,Ν. Δράκος,false,false,false,,false
5875,A. Testa,false,false,false,,false
5876,Διονυσίου,false,false,false,,false
5877,The Gravel,false,false,false,,false
5878,Σοφία Πολίτου (Ηλ. Μεγαλούδης),false,false,false,,false
5879,Γιάν. Κατσιμίχας,false,false,false,,false
5880,Δημ. Γαλάτης,false,false,false,,false
5881,μετάφραση Βασ. Ρώτας,false,false,false,,false
5882,Lazzaro Eldo,false,false,false,,false
5883,Δημ. Ατραΐδης,false,false,false,,false
5884,Γκαντίνης ;,false,false,false,,false
5885,διασκευή Μάνος Ξυδούς,false,false,false,,false
5886,"Angelo Branduarti, Alesantro Parente",false,false,false,,false
5887,Βασ. Ασημακόπουλος,false,false,false,,false
5888,Αθ. Γιαννόπουλος,false,false,false,,false
5889,Pablo Neruda - απόδοση στα ελλην. Λ. Παπαδόπουλος,false,false,false,,false
5890,Ευαγγ. Μαργαρώνη,false,false,false,,false
5891,Εμμαν. Κατσαμάς,false,false,false,,false
5892,Σάκης Τσιβγούλης,false,false,false,,false
5893,Cantora ; - απόδοση στα ελλην. Ν. Μαστοράκης,false,false,false,,false
5894,Αιμ. Σαβαΐδης,false,false,false,,false
5895,Βασ. Θεσσαλός,false,false,false,,false
5896,Σπ. Μεϊντάνης,false,false,false,,false
5897,Θ. Αρχοντής,false,false,false,,false
5898,"Bernet, Barnes - απόδοση στα ελλην. Ν. Κύταρης",false,false,false,,false
5899,Clarennce Paul,false,false,false,,false
5900,Τάκης Παναγιωτούνης,false,false,false,,false
5901,Ν. Ρουσσέας,false,false,false,,false
5902,Τρίο Πέριξ,false,false,false,,false
5903,Κ. Καρδάρας,false,false,false,,false
5904,Σωτ. Γαβαλάς (Μεμέτης),false,false,false,,false
5905,Αργ. Μαρνέρος,false,false,false,,false
5906,Γρ. Γρηγοριάδης,false,false,false,,false
5907,Stephens,false,false,false,,false
5908,Θαν. Συμεόπουλος,false,false,false,,false
5909,Δημήτρης Λιπέρτης,false,false,false,,false
5910,Αλέκος Σπάθας,false,false,false,,false
5911,Σ. Βλαβιανός,false,false,false,,false
5912,Παπαϊωάνου,false,false,false,,false
5913,Παραδοσιακό Ισπανίας,false,false,false,,false
5914,Σώτος Παπαστερίου,false,false,false,,false
5915,Σ. Χατζησολωμός,false,false,false,,false
5916,Π. Νοητάκης,false,false,false,,false
5917,Λούλα Παγιαννοπούλου,false,false,false,,false
5918,Γ. Τζινιέρης,false,false,false,,false
5919,Χασκίλ,false,false,false,,false
5920,Jacks,false,false,false,,false
5921,W. Parquette,false,false,false,,false
5922,Hevre Vilard,false,false,false,,false
5923,"Δημ. Γιαννουκάκης, Δ. Ευαγγελίδης",false,false,false,,false
5924,Μαριαννίνα Κριεζή,false,false,false,,false
5925,Νίκος Κλήμης,false,false,false,,false
5926,Χ. Βασιλειάδης ;,false,false,false,,false
5927,"Ειρήνη Χρυσοβέργη, Σπ. Γιατράς",false,false,false,,false
5928,Γ. Πετρίδης,false,false,false,,false
5929,"Γιώ. Μαργιολάς, Σοφία Σακελλαρίου",false,false,false,,false
5930,Λ. Παπαδόπουλος ή Κόκοτας,false,false,false,,false
5931,P. Favini,false,false,false,,false
5932,"Τάσος Θεοδωρακόπουλος, Κλέων Γρηγοριάδης",false,false,false,,false
5933,Φίλων Αρίας (Θεόφιλος Αριστόπουλος),false,false,false,,false
5934,Ευστ. Σούκας,false,false,false,,false
5935,Ι. Τατασόπουλος,false,false,false,,false
5936,Περ. Τσουκαλάς,false,false,false,,false
5937,Κ. Θωµαΐδης,false,false,false,,false
5938,Λ. Τραγκανίδας,false,false,false,,false
5939,Κ. Πολίτης,false,false,false,,false
5940,Κ. Μπούφης,false,false,false,,false
5941,παραδοσιακό Αρμενίας,false,false,false,,false
5942,"Γιώ. Ασηµακόπουλος, Β. Σπυρόπουλος",false,false,false,,false
5943,Χρ. Μαρίνος (ή Μαρτίνος ;),false,false,false,,false
5944,Μάκης Χρηστίδης,false,false,false,,false
5945,Nisiri,false,false,false,,false
5946,Δημ. Παρασκευόπουλος,false,false,false,,false
5947,Γκανεμιάν - διασκευή Ι. Βέλλας,false,false,false,,false
5948,Ιωάν. Καραμαούνας (Σκαρβέλης ;),false,false,false,,false
5949,Σταμ. Μπαρδάνης,false,false,false,,false
5950,Γιώ. Μελέκης,false,false,false,,false
5951,Θ. Λιαρίκος,false,false,false,,false
5952,Δημ. Ρακιτζής,false,false,false,,false
5953,Τατιάνα Ζωγράφου,false,false,false,,false
5954,Γιά. Παναής,false,false,false,,false
5955,Γ. Ροβερτάκης,false,false,false,,false
5956,Γαβαλάς (ή Μοσχονάς ;),false,false,false,,false
5957,Ι. Λεωτσάκος (ή Λ. Χατζή) ;,false,false,false,,false
5958,Κ. Καραγιαννόπουλος (Κ. Καράλης),false,false,false,,false
5959,Γ. Φίλιππας,false,false,false,,false
5960,Κ. Ζαχαρόπουλος,false,false,false,,false
5961,Αγγ. Σέμπος,false,false,false,,false
5962,"Βασ. Λιδωρίκης, Σπ. Μελάς",false,false,false,,false
5963,Αντ. Πρίντεζης,false,false,false,,false
5964,"R. Jeffery, Tony Pinelli",false,false,false,,false
5965,Craham Nash,false,false,false,,false
5966,Βασ. Χρυσανθόπουλος,false,false,false,,false
5967,Δημ. Λίβανος,false,false,false,,false
5968,Κ. Φιλιππαίος,false,false,false,,false
5969,Ι. Παπανικολόπουλος,false,false,false,,false
5970,"Γιά. Κατσιμίχας, Σαρ. Τσιλιβερδής",false,false,false,,false
5971,Βασιλειάδης (Γκούτης),false,false,false,,false
5972,Στέλ. Βαμβακάρης (Μάρκος)1033,false,false,false,,false
5973,Kahn Gus,false,false,false,,false
5974,Γιώ. Θοεδοσιάδης,false,false,false,,false
5975,Μιχ. Τερζής ή Γιώ. Κοτσώνης ή Ανδρ. Ανδρέου,false,false,false,,false
5976,Π. Γιαννακός,false,false,false,,false
5977,Γ. Αναστασόπουλος ;,false,false,false,,false
5978,Γανωτής,false,false,false,,false
5979,Ν. Στεργίου,false,false,false,,false
5980,"Ν. Ελευθερίου, Ηλ. Λυμπερόπουλος, Κ. Νικολαΐδης",false,false,false,,false
5981,Δ. Χαρίτος,false,false,false,,false
5982,Τσερετόπουλος,false,false,false,,false
5983,Σ. Λεονάρδος,false,false,false,,false
5984,"Haller Dr Aja, P. Kaperneka, Tsiko Cat",false,false,false,,false
5985,Τάσ. Μουχτερός,false,false,false,,false
5986,"Ευάγγ. Φυλακτός, Ι. Καπερώνης",false,false,false,,false
5987,Παν. Καλαντζόπουλος,false,false,false,,false
5988,Ι. Χαλκιαδάκης,false,false,false,,false
5989,"Ναπ. Ελευθερίου, Θάν. Σοφός",false,false,false,,false
5990,Θ. Αδαμόπουλος,false,false,false,,false
5991,Δημ. Γεωργιόπουλος,false,false,false,,false
5992,Μάρκος Μιχαλάς,false,false,false,,false
5993,Παν. Παπαχατζής ;,false,false,false,,false
5994,Ηλ. Πάτσιος,false,false,false,,false
5995,De Simone Roberto,false,false,false,,false
5996,Αργ. Αντιβάκης,false,false,false,,false
5997,Δημ. Προκάκης,false,false,false,,false
5998,F. Schubert,false,false,false,,false
5999,Παν. Αλεξάνδρου,false,false,false,,false
6000,Ηλ. Καραγιάννης,false,false,false,,false
6001,Χρύσανθος Θεοδωρίδης,false,false,false,,false
6002,Β. Κεσογλίδης,false,false,false,,false
6003,Π. Κερμανίδης,false,false,false,,false
6004,Pierre Louki,false,false,false,,false
6005,Λάμπρος Λάμπρου,false,false,false,,false
6006,Κ. Ζαχαράς,false,false,false,,false
6007,R. Cho...,false,false,false,,false
6008,Ι. Μέρτικας,false,false,false,,false
6009,|Διον. Τζεφρώνης,false,false,false,,false
6010,Γιώ. Αιγύπτιος,false,false,false,,false
6011,Γιώ. Ρωμανός,false,false,false,,false
6012,Λευτ. Πλιάτσικας,false,false,false,,false
6013,Χ. & Π.Κατσιμίχας,false,false,false,,false
6014,Σκαρπέλης,false,false,false,,false
6015,Π. Βρασίδας,false,false,false,,false
6016,John Farrar,false,false,false,,false
6017,Γιώ. Χατζηθωμάς,false,false,false,,false
6018,Δημ. Κοντολάζος,false,false,false,,false
6019,Πάν. Τριανταφυλλίδης,false,false,false,,false
6020,Γ. Βιτάλης,false,false,false,,false
6021,Νότης Περγιάλης,false,false,false,,false
6022,Κ. Λαΐνης,false,false,false,,false
6023,Pilat - απόδοση στα ελλην. Σέβη Τηλιακού,false,false,false,,false
6024,Ευγενία Δρούζα ;,false,false,false,,false
6025,"Χαρ. Βασιλειάδης, Τ. Μαστοράκης",false,false,false,,false
6026,διασκευή Μαριάννας Χατζοπούλου,false,false,false,,false
6027,Σιδέρης Αδριανός,false,false,false,,false
6028,"Χ. Βασιλειάδης, Περιστέρης",false,false,false,,false
6029,Ηλ. Φιλίππου,false,false,false,,false
6030,Περπινιάδης ή Στέλ. Καλαϊτζής,false,false,false,,false
6031,διασκευή Μιχ. Αλεξάκης,false,false,false,,false
6032,Ιωάν. Αγγελής,false,false,false,,false
6033,Α. Μαρκέας,false,false,false,,false
6034,E. Hagen,false,false,false,,false
6035,Ε. Ξανθόπουλος,false,false,false,,false
6036,Παύλος Βακογιάννης ;,false,false,false,,false
6037,Στέλ. Φουσταλιεράκης,false,false,false,,false
6038,Ευτ. Παπαγιαννοπούλου,false,false,false,,false
6039,Σωτ. Κοματσιούλης,false,false,false,,false
6040,Α. Σούφαρης,false,false,false,,false
6041,Ίλια Τάντη,false,false,false,,false
6042,Jim Dellis,false,false,false,,false
6043,Κ. Λαβίδας (Τ. Λαβίδας),false,false,false,,false
6044,Παύλος Κιρκιλής,false,false,false,,false
6045,Θάν. Σοφός (Γιώ. Μαλλίδης),false,false,false,,false
6046,"Τάκης Σιμώτας, Γεωργία Χιτζίδου",false,false,false,,false
6047,Στ. Κρινής,false,false,false,,false
6048,J. Veneruso-ελληνικοί στίχοι: Θόδ. Ποάλας,false,false,false,,false
6049,Γιώ. Μιχαλόπουλος,false,false,false,,false
6050,Eduarto Bianco,false,false,false,,false
6051,Κ. Πελίτογλου,false,false,false,,false
6052,J. J. Cramier,false,false,false,,false
6053,"Κ. Κλάββας, Γιά. Καλαμίτσης, Δώρος Γεωργιάδης",false,false,false,,false
6054,Περδικόπουλος,false,false,false,,false
6055,J. C. Fagerty - απόδοση στα ελλην. Αθ. Τσόγκας,false,false,false,,false
6056,Παν. Κόγκας,false,false,false,,false
6057,Τοφής Φαΐκκης,false,false,false,,false
6058,Βασ. Ραγκάνης,false,false,false,,false
6059,Ρ. Ζαλοκώστα,false,false,false,,false
6060,Κούλα Νικολαΐδη,false,false,false,,false
6061,Κ. Μουντάκης,false,false,false,,false
6062,Τζουανάκος,false,false,false,,false
6063,Χριστόδ. Χάλαρης,false,false,false,,false
6064,"Σακελλάριος, Δημ. Ευαγγελίδης",false,false,false,,false
6065,Β. Ταμβάκης (Τσάντας),false,false,false,,false
6066,Δανάη Στρατηγοπούλου,false,false,false,,false
6067,Ι. Καμπούρογλου,false,false,false,,false
6068,Δ. Μανωλάς,false,false,false,,false
6069,Α. Νασάκης,false,false,false,,false
6070,Φλώρος Μαραθωνίτης,false,false,false,,false
6071,Βάιος Μαλλιάρας,false,false,false,,false
6186,Αγγελάκης,false,false,false,,false
6072,Randy Bachman - απόδοση στα ελλην. Ρέτη Ζαλοκώστα,false,false,false,,false
6073,Μανησαλής (Ψυχογιός ;),false,false,false,,false
6074,Γ. Σαραντάρης,false,false,false,,false
6075,Ν. Καλάκης,false,false,false,,false
6076,Κ. Παπαδάκης,false,false,false,,false
6077,Σρ. Μακριδάκης,false,false,false,,false
6078,Ζωϊόπουλος,false,false,false,,false
6079,Γιώ. Αξιώτης,false,false,false,,false
6080,"Pette Seeger, H. Angulo",false,false,false,,false
6081,Ευγενικός,false,false,false,,false
6082,Ν. Χουμπούρης,false,false,false,,false
6083,"Ε. Πλωμαρίτης, Χρ. Πύρπασσος",false,false,false,,false
6084,Ελπ. Χρυσίνη,false,false,false,,false
6085,Πίτσα Τσιάλτα,false,false,false,,false
6086,Θόδ. Αναστασίου,false,false,false,,false
6087,Μπ. Μαρκάκης,false,false,false,,false
6088,Γιώ. Μανησαλής,false,false,false,,false
6089,Παπαϊωάννου (Μάνεσης),false,false,false,,false
6090,Στέφ. Σπιτάμπελος,false,false,false,,false
6091,Σμαρ. Μαραγκουδάκη,false,false,false,,false
6092,"Ραμπιντρανάθ Τραγκόρ - απόδοση στα ελλην. Μαν. Δερμιτζάκης, Άννα Κουντουριώτου",false,false,false,,false
6093,Ανδρ. Σπυρόπουλος,false,false,false,,false
6094,Θάν. Σοφός (Γιώ. Μαλλίδης ;),false,false,false,,false
6095,Καλδάρας (Μίνως Μάτσας),false,false,false,,false
6096,Ζοζέφ Κορίνθιος,false,false,false,,false
6097,Σ. Λεονάρδου,false,false,false,,false
6098,Δημ. Φάμπας,false,false,false,,false
6099,Ν. Φιλιππίδης,false,false,false,,false
6100,Κολοκοτρώνης (Μπ. Δαλιάνης),false,false,false,,false
6101,Στέφ. Χρυσοστομίδης,false,false,false,,false
6102,Σπ. Συμεωνίδης,false,false,false,,false
6103,"Σακελλάριος, Χρ. Γιαννακόπουλος",false,false,false,,false
6104,Θ. Αγγελής,false,false,false,,false
6105,Ποτοσίδης (Γερ. Τσάκαλος ;),false,false,false,,false
6106,Αγγ. Τολμίδη,false,false,false,,false
6107,Χατζηνάσιος,false,false,false,,false
6108,Χαρίκελια Μπακάλη (Μπακάλης),false,false,false,,false
6109,Κ. Ζουμπούλης,false,false,false,,false
6110,Α. Παγκαλάκης,false,false,false,,false
6111,Δ. Παπανδρέου,false,false,false,,false
6112,Εμμαν. Πανταλούδης,false,false,false,,false
6113,Μπάμπ. Βαρσαμάς,false,false,false,,false
6114,Γιώ. Βεντουζάς,false,false,false,,false
6115,Cabral,false,false,false,,false
6116,"Αθ. Τσόγκας, Αιμ. Σαββίδης",false,false,false,,false
6117,Ι. Μπερνιδάκη (Μπαξεβάνης),false,false,false,,false
6118,Καμπανέλλης ή Ντ. Δημόπουλος ;,false,false,false,,false
6119,Bill Z.,false,false,false,,false
6120,Ludo - απόδοση στα ελλην. Πυθαγόρας,false,false,false,,false
6121,Λόρκα (μετάφραση: Γκάτσος),false,false,false,,false
6122,Γιώ. Αγγελάκος,false,false,false,,false
6123,Ν. Σαραγούδας ;,false,false,false,,false
6124,Brian Eno,false,false,false,,false
6125,Φ. Ναλμπάντης,false,false,false,,false
6126,Ασίκης,false,false,false,,false
6127,"F. Reitano, D. Giacchini",false,false,false,,false
6128,E. Stern,false,false,false,,false
6129,Μ. Πρόκος,false,false,false,,false
6130,Ν. Σπανίδης,false,false,false,,false
6131,Έλ. Παξινού,false,false,false,,false
6132,Lavranos (Λαβράνος),false,false,false,,false
6133,Θεόδ. Πολυκανδριώτης,false,false,false,,false
6134,"Pallavicini Leoni, Toto Cutugno",false,false,false,,false
6135,Αχ. Κουλαξίζης,false,false,false,,false
6136,Μιχ. Μανταράκης (Ατταλίδης),false,false,false,,false
6137,Πάν. Λεμπέσης,false,false,false,,false
6138,Άννα Βασιλειάδη,false,false,false,,false
6139,Χρ. Μίγγος,false,false,false,,false
6140,Σταυρούλα Μαραγκουδάκη,false,false,false,,false
6141,Άρης Αλεξίου (Αριστ. Καθάργιος),false,false,false,,false
6142,Δημ. Δερβισόπουλος,false,false,false,,false
6143,"Pierre Delanoe, Michel Fugain - απόδοση στα ελλην. Ν. Ελληναίος",false,false,false,,false
6144,Μαρίκα Φραντζεσκοπούλoυ (Πολίτισσα),false,false,false,,false
6145,"διασκευή Δερβενιώτης, Πετσάς",false,false,false,,false
6146,Trad. Arranged by A. Price,false,false,false,,false
6147,Ηιάν. Κιούρκας,false,false,false,,false
6148,Moldes,false,false,false,,false
6149,Δ. Καραβάνας,false,false,false,,false
6150,Στουραΐτης,false,false,false,,false
6151,R. Scacchi,false,false,false,,false
6152,Ρέττη Ζαλοκώστα,false,false,false,,false
6153,Costrello,false,false,false,,false
6154,Σωτ. Τσιλιλβερδής,false,false,false,,false
6155,Σ. Χρυσίνης,false,false,false,,false
6156,"Γιά. Κακουλίδης, Μ. Φωτόπουλος",false,false,false,,false
6157,Νάσος Νάκας,false,false,false,,false
6158,Γιά. Τσίχλας,false,false,false,,false
6159,Αναστασία Καραμεσίνη,false,false,false,,false
6160,Μιχ. Νίσπιτας-Χουρδάκης,false,false,false,,false
6161,Γιώ. Ζερβουλάκος,false,false,false,,false
6162,Πλέσσας / Λοΐζος,false,false,false,,false
6163,Ευάγγ. Γιανατσούλιας,false,false,false,,false
6164,"Gino Satercole, Luciano Beretta",false,false,false,,false
6165,Άντης Περνάρης,false,false,false,,false
6166,Δημ. Τσανάκας,false,false,false,,false
6167,Ρέα Μανέλη (Παπαγιαννοπούλου ;),false,false,false,,false
6168,Αλ. Συμεωνίδης,false,false,false,,false
6169,Σπ. Νάκας,false,false,false,,false
6170,Δημ. Τσιμπούκης,false,false,false,,false
6171,Ιωάν. Καραμαούνας (Σκαρβέλης),false,false,false,,false
6172,Χρ. Μπακόλας,false,false,false,,false
6173,Πέτρος & Γιώ. Δουρδουμπάκης,false,false,false,,false
6174,Φοίβος Τασσόπουλος,false,false,false,,false
6175,Μιχ. Μενταγιάννης,false,false,false,,false
6176,Χρ. Μαμούρης,false,false,false,,false
6177,Μ. Τουτουντζής,false,false,false,,false
6178,Γιώ. Γούσης,false,false,false,,false
6179,Τ. Μπεζαϊντές,false,false,false,,false
6180,Βασ. Δημητρίου,false,false,false,,false
6181,Δημ. Παπαποστόλου,false,false,false,,false
6182,Ηρ. Νικολαΐδης,false,false,false,,false
6183,Ι. Πολυκανδριώτης,false,false,false,,false
6184,Χρ. Μαρκόπουλος,false,false,false,,false
6185,R. Kristofferson - απόδοση στα ελλην. Σάσα Μανέττα,false,false,false,,false
6187,Γιά. Μπαζάκας,false,false,false,,false
6188,Σ. Πολιτάκης,false,false,false,,false
6189,E. Zaldivar,false,false,false,,false
6190,Γιαν. Φούσκας,false,false,false,,false
6191,Αλέκος Κατινάς,false,false,false,,false
6192,Χρ. Χαιρόπουλος,false,false,false,,false
6193,Μπ. Αναστασιάδης,false,false,false,,false
6194,Γ. Μανίκας,false,false,false,,false
6195,Γ. Δημητράς,false,false,false,,false
6196,Σπ. Μάρος,false,false,false,,false
6197,Μ. Αντώνοβα,false,false,false,,false
6198,Αθηνά Πράστη,false,false,false,,false
6199,Χρ. Λαμπρόπουλος,false,false,false,,false
6200,Irving Berlin -,false,false,false,,false
6201,Τιγράν Τσοχατζιάν,false,false,false,,false
6202,Δ. Χαραλαμπίδης,false,false,false,,false
6203,Γιά. Κυριακίδης,false,false,false,,false
6204,Κ. Ντότης,false,false,false,,false
6205,Αχιλ. Καράμπελας,false,false,false,,false
6206,Μπ. Τρικαλινός (Παπαγιαννοπούλου),false,false,false,,false
6207,Ιωάν. Βασιλόπουλος,false,false,false,,false
6208,Βασ. Μαντζουράνης,false,false,false,,false
6209,"Ασημάκης Γιαλαμάς, Πρετεντέρης, Ναπ. Ελευθερίου",false,false,false,,false
6210,Χριστάκης Πιττίρης,false,false,false,,false
6211,Χρ. Κουλουμπής,false,false,false,,false
6212,David Foster. Απόδοση στα ελληνικά: Πάριος,false,false,false,,false
6213,Θωμάς Γκόλιας,false,false,false,,false
6214,Ε. Εμζελής,false,false,false,,false
6215,δημοτικό Μακεδονίας,false,false,false,,false
6216,Βασ. Σαχινίδης,false,false,false,,false
6217,Sasa Dragic,false,false,false,,false
6218,Γιώ. Μαρκόπουλος,false,false,false,,false
6219,"Μιχ. Τζιάκης, Μάνος Τούρμπαλης",false,false,false,,false
6220,Εύα Λίτινα,false,false,false,,false
6221,Τζουανάκος (Κοφινιώτης),false,false,false,,false
6222,Xάρης Λυμπερόπουλος,false,false,false,,false
6223,"Σ. Βλαβιανός, Σ. Κωνσταντίνος",false,false,false,,false
6224,"Ευάγγ. Αττραΐδης, Γιά. Βασιλόπουλος",false,false,false,,false
6225,Θόδ. Τζίφας,false,false,false,,false
6226,Ε. Di Lazzaro - απόδοση στα ελλην. Πωλ Μενεστρέλ,false,false,false,,false
6227,Κ. Δελαγραμμάτικας,false,false,false,,false
6228,M. Porteri,false,false,false,,false
6229,Σαράντος,false,false,false,,false
6230,παραδοσιακό ανατολίτικο,false,false,false,,false
6231,Χρυσ. Μουράτογλου,false,false,false,,false
6232,Γιώ. Τυρταίος,false,false,false,,false
6233,"Άκος Δασκαλόπουλος, Ν. Φώσκολος",false,false,false,,false
6234,Ισπανικό,false,false,false,,false
6235,"Νικολόπουλος, Κουγιουμτζής, Μπίνης",false,false,false,,false
6236,Francis Lopez,false,false,false,,false
6237,Κ. Δελαγραμμάτης,false,false,false,,false
6238,Αλ. Σιώμος,false,false,false,,false
6239,Καραπατάκης (Μουρκάκος),false,false,false,,false
6240,Billy Mast (Βασ. Μαστροκώστας),false,false,false,,false
6241,Ν. Ζούδιαρης,false,false,false,,false
6242,Π. Λεβετσοβίτης,false,false,false,,false
6243,Benny Anderson (Abba),false,false,false,,false
6244,Γιά.  Φερμάνογλου,false,false,false,,false
6245,Παπαϊωάννου (Κ. Μάνεσης),false,false,false,,false
6246,Γιώ. Κυρανόπουλος,false,false,false,,false
6247,Γ. Μπουρσούνης,false,false,false,,false
6248,Π. Ιατρού,false,false,false,,false
6249,Απ. Τσαμπούρης,false,false,false,,false
6250,Στ. Μιντσινίγος,false,false,false,,false
6251,Αγγελική Τολμίδη,false,false,false,,false
6252,"Ανδρ. Σπυρόπουλος, Θοδ. Παπαδόπουλος",false,false,false,,false
6253,Αγγέλα Βασιλοπούλου,false,false,false,,false
6254,Νοταράκι (Θάνος Ζάχος) (Ζαχαρίας Νοταράκης),false,false,false,,false
6255,Στέλιος Κορσαβίδης,false,false,false,,false
6256,"Γιά. Συμεωνίδης, Θαν. Λώλος",false,false,false,,false
6257,"Θ. Κομτζιάς, Χρ. Καρμογιάννης",false,false,false,,false
6258,X. Λυμπερόπουλος,false,false,false,,false
6259,Γ. Ζάνιας,false,false,false,,false
6260,Χριστόφ. Γερμενής,false,false,false,,false
6261,Ηλ. Φιλίππου ;,false,false,false,,false
6262,Joe Molindo,false,false,false,,false
6263,Γιώ. Μαλλίδης ή Francesco Migliacci,false,false,false,,false
6264,Ζωή Γρυπάρη (Ζωή Νάχη),false,false,false,,false
6265,Μ. Θεοδώρου,false,false,false,,false
6266,Τ. Χαλκιάς,false,false,false,,false
6267,Xατζηνάσιος,false,false,false,,false
6268,"L. Dozier, B. Holland",false,false,false,,false
6269,Ν. Πιπινέλης,false,false,false,,false
6270,Ελευθ. Τάσος,false,false,false,,false
6271,Στέλ. Φωτιάδης,false,false,false,,false
6272,Ali Naushad - διασκευή Μπακάλης,false,false,false,,false
6273,Μαίρη Παπαλά,false,false,false,,false
6274,Τ. Χαμουρτιάδης,false,false,false,,false
6275,Γιά. Κωνσταντινίδης (Κ. Γιαννίδης),false,false,false,,false
6276,Gabef,false,false,false,,false
6277,Μιχ. Αλεξάκης (Μαν. Πασπαράκης),false,false,false,,false
6278,"Καζαντζίδης, Μπ. Δαλιάνης",false,false,false,,false
6279,Μ. Ματθαίος,false,false,false,,false
6280,παραδοσιακό - διασκευή Ξαρχάκος,false,false,false,,false
6281,Φ. Παρθενίθη,false,false,false,,false
6282,Λευτ. Κολεμίδης,false,false,false,,false
6283,Γιώ. Τζώρτζης,false,false,false,,false
6284,Α. Τζοζεφίν,false,false,false,,false
6285,"G. Cudsi, L. Ravel",false,false,false,,false
6286,Γιά. Γιάγκος,false,false,false,,false
6287,Ανώνυμου,false,false,false,,false
6288,khadja Nin,false,false,false,,false
6289,Βαγγ. Μπαλλής,false,false,false,,false
6290,Κ. Μαλκώτσης,false,false,false,,false
6291,Γιώ. Βιβιλλής,false,false,false,,false
6292,Τάκη Σωτήρχος,false,false,false,,false
6293,Λευτ. Ζέρβας,false,false,false,,false
6294,Φίλ. Γράψας,false,false,false,,false
6295,Τ. Κωλέττης,false,false,false,,false
6296,Φώτης Χαλκιάς,false,false,false,,false
6297,"Κ. Μακρής, Δ. Καναρόπουλος",false,false,false,,false
6298,Κ. Τουρνάς,false,false,false,,false
6299,Χρίστος Θεοδώρου,false,false,false,,false
6300,L. Carr,false,false,false,,false
6301,Αστικό Πόλης,false,false,false,,false
6302,O. Toussaint - απόδοση τα ελλην. Αθ. Τσόγκας,false,false,false,,false
6303,Μίνως Τσάμας (Μίνως Μάτσας),false,false,false,,false
6304,Ευάγγ. Δελαπόρτας,false,false,false,,false
6305,R. McCuen - απόδοση στα ελλην. Ρόμπερτ Ουίλλιαμς,false,false,false,,false
6306,Ara Denkjian,false,false,false,,false
6307,"Γιά. Ρώτας, Μαρίνα Βογά",false,false,false,,false
6308,Μίμης Ηλιόπουλος,false,false,false,,false
6309,Walther Colin,false,false,false,,false
6310,Lombardi - απόδοση στα ελλην. Ν. Κύταρης,false,false,false,,false
6311,Α. Αλεξάκη,false,false,false,,false
6312,Κόρος,false,false,false,,false
6313,Έλλη Κιούση,false,false,false,,false
6314,Klaus Munro - απόδοση στα ελλην. Σέβη Τηλιακού,false,false,false,,false
6315,Τάκης Κούρτελης,false,false,false,,false
6316,R. Cour,false,false,false,,false
6317,Κασιμα΄της,false,false,false,,false
6318,Παν. Άγας,false,false,false,,false
6319,Χαράλαμπος Χατζηνάκης,false,false,false,,false
6320,Μαργαρίτα,false,false,false,,false
6321,Ανδ. Ιωαννίδης,false,false,false,,false
6322,Μάκης Δελέτης,false,false,false,,false
6323,Περιστέρη (Μάτσας),false,false,false,,false
6324,"Κ. Νίκας, Α. Συργιάννης",false,false,false,,false
6325,C. A. Bixio - απόδοση στα ελλην. Μ. Γαϊτάνος,false,false,false,,false
6326,Γιά. Καλαμίτσης,false,false,false,,false
6327,Αλ. Σπάθης,false,false,false,,false
6328,Engvik,false,false,false,,false
6329,Λ. Παπαγιαννοπούλου,false,false,false,,false
6330,Σωβέρ Μεταξάς,false,false,false,,false
6331,Μ. Γιώργαρης,false,false,false,,false
6332,Χρ. Στυλιανίδης,false,false,false,,false
6333,Τάσος Γεωργόπουλος,false,false,false,,false
6334,Γεώρ. Κράμαρης,false,false,false,,false
6335,Φ. Πυργάκη,false,false,false,,false
6336,Τέρρης Μοράγεμος,false,false,false,,false
6337,Π. Κοκοντίνης ;,false,false,false,,false
6338,Μαρίκα Μαχαίρα,false,false,false,,false
6339,Α. Παπαδόπουλος (Ασίκης),false,false,false,,false
6340,Διασκευή Ζαμπέτας,false,false,false,,false
6341,Σοφία Καρίβαλη,false,false,false,,false
6342,Γ. Ανεστόπουλος,false,false,false,,false
6343,Β. Κιτσόπουλος,false,false,false,,false
6344,Eduardo Bianco,false,false,false,,false
6345,Πανούσης,false,false,false,,false
6346,P. Danel - απόδοση στα ελλην. Νότης Κύταρης,false,false,false,,false
6347,Ευάγγ. Λιακός,false,false,false,,false
6348,Ν. Γεωργίου,false,false,false,,false
6349,Άγγ. Καλαβρυτινός,false,false,false,,false
6350,Gorni Kramer - απόδοση στα ελλην. Μίµης Γαϊτάνος,false,false,false,,false
6351,Ν. Ζιώγαλας,false,false,false,,false
6352,Τάκης Αγριανίτης,false,false,false,,false
6353,Διονύσης Κομιώτης,false,false,false,,false
6354,T. Dassion - απόδοση στα ελλην. Αθ. Τσόγκας,false,false,false,,false
6355,λαϊκό της Πόλης,false,false,false,,false
6356,Δ. Γκαργκασούλας,false,false,false,,false
6357,Ευάγγ. Ζαμπετουλάκης,false,false,false,,false
6358,Κ. Ρουβέλας,false,false,false,,false
6359,Κ. Μυλωνάς,false,false,false,,false
6360,"R. Colby, C. Mc Guime",false,false,false,,false
6361,R. Girado,false,false,false,,false
6362,Κ. Μεζάλας,false,false,false,,false
6363,E. Roda-Gill,false,false,false,,false
6364,Ε. Δέδες,false,false,false,,false
6365,Ε. Πιτσιλαδής,false,false,false,,false
6366,"Πλέσσας, Klaus Munro",false,false,false,,false
6367,Γιώ. Καραΐσκος,false,false,false,,false
6368,Θ. Μπουδουράκης,false,false,false,,false
6369,Λάρα Καλίρη,false,false,false,,false
6370,Farella,false,false,false,,false
6371,Καλδάρας (Παπαγιαννοπούλου),false,false,false,,false
6372,"Κ. Παλαμάς, Ζαχ. Παπαντωνίου, Μαρία Πυλιώτου, Γιώ. Αρβανιτάκης",false,false,false,,false
6373,Ελ. Ανδρεάκου,false,false,false,,false
6374,Κ. Μακρής (Μάρκος),false,false,false,,false
6375,Βασ. Αρχιτεκτονίδης ;,false,false,false,,false
6376,Παν. Καλυβιάτης,false,false,false,,false
6377,Μαχαιρίτσας,false,false,false,,false
6378,C. A. Bixio,false,false,false,,false
6379,Pleretti,false,false,false,,false
6380,Α. Τριανταφύλλου,false,false,false,,false
6381,διασκευή Κασιμάτη,false,false,false,,false
6382,Χάρης Βαρθακούρης,false,false,false,,false
6383,Αλ. Φακίνος,false,false,false,,false
6384,Adamo,false,false,false,,false
6385,Βασ. Τερλέγκας,false,false,false,,false
6386,C. Miozzi,false,false,false,,false
6387,"Girado, McDonald",false,false,false,,false
6388,διασκευή Νικολαΐδης,false,false,false,,false
6389,Γ. Μαλλίδης,false,false,false,,false
6390,Απ. Τζούμας,false,false,false,,false
6391,Σούλης Διονυτσίου,false,false,false,,false
6392,Elvis Presley,false,false,false,,false
6393,Γιώ. Οικονόμου,false,false,false,,false
6394,Barry,false,false,false,,false
6395,Τ. σούκας,false,false,false,,false
6396,Herve Vilard,false,false,false,,false
6397,Ράνια Παυλή,false,false,false,,false
6398,Θαν. Καλακούδης,false,false,false,,false
6399,Πάν. λειβαδάρος,false,false,false,,false
6400,Τίνος Ανδροκλής,false,false,false,,false
6401,Στρ. Παγιουμτζής,false,false,false,,false
6402,Γρ. Σιμιτζής,false,false,false,,false
6403,Σαρ. Μπελούσης ;,false,false,false,,false
6404,Ιάκ. Δασκαλάκης,false,false,false,,false
6405,Ε. Ρουμελιώτης,false,false,false,,false
6406,Κ. Στάθης,false,false,false,,false
6407,Ν. Ιωαννίδης,false,false,false,,false
6408,Szabolcs Fényes - απόδοση στα ελλην. Πωλ Μενεστρέλ,false,false,false,,false
6409,Γιά. Διαμαντίκος,false,false,false,,false
6410,Ελευθ. Κωνσταντινίδης (Τσιγγάνος),false,false,false,,false
6411,Δαλέζιος (Γιά. Παπαδόπουλος ;),false,false,false,,false
6412,Γιώργ Βασιλειάδης,false,false,false,,false
6413,Εμμ. Γαβριλάκης,false,false,false,,false
6414,Μηττάκη ;,false,false,false,,false
6415,Σοφία Βέµπο,false,false,false,,false
6416,Ηλ. Μακρίδης,false,false,false,,false
6417,Β. Μποφίλιος (Ταμπάκης),false,false,false,,false
6418,Άλκης Χριστοφέλλης (Ά. Δασκαλόπουλος),false,false,false,,false
6419,"Eυστρ. Κατσάλας, Χρ. Αλίμονος",false,false,false,,false
6762,Α. Τσαβαλάς,false,false,false,,false
6420,"Armi, Flor - απόδοση στα ελλην. Σέβη Τηλιακού",false,false,false,,false
6421,Μαρίνος Βόμβας,false,false,false,,false
6422,Valletri,false,false,false,,false
6423,Παν. Γιατράκος,false,false,false,,false
6424,Αγγλικό,false,false,false,,false
6425,Μ. Φουντούκος,false,false,false,,false
6426,M. Jagger,false,false,false,,false
6427,Μιχάλης Σεραφήμ,false,false,false,,false
6428,"Nisa, Donida",false,false,false,,false
6429,"Μ. Μαργαρίτης (Μίνως Μάτσας), Ευάγγ. Μωραΐτης (Περιστέρης)",false,false,false,,false
6430,Κ. Φραγκούλης,false,false,false,,false
6431,Βασ. Μπεσίρης,false,false,false,,false
6432,Robert Williams,false,false,false,,false
6433,"Περπινιάδης, Περιστέρης",false,false,false,,false
6434,Reed,false,false,false,,false
6435,"G. Becaud, P. Delanoe",false,false,false,,false
6436,Βαγγ. Παπάζογλου,false,false,false,,false
6437,Ε. Scorilli,false,false,false,,false
6438,"Μ. Λαουτάρης, Σπ. Χαρίτος",false,false,false,,false
6439,Γ. Βλάχος,false,false,false,,false
6440,Μιχ. Κυρμεζής,false,false,false,,false
6441,ΧατζηνάσιοςΜιχ. Μπουρμπούλης,false,false,false,,false
6442,Γιώ. Κριμιζάκης ή Αλ. Παπαδημητρίου,false,false,false,,false
6443,Γ. Καμπανάς,false,false,false,,false
6444,Αργ. Παπαγιαννοπούλου,false,false,false,,false
6445,Βασ. Ξενάκης,false,false,false,,false
6446,Άκης Λυμούρης,false,false,false,,false
6447,Χρ. Τόλιος,false,false,false,,false
6448,Αθ. Γεωργαντζόπουλος,false,false,false,,false
6449,Ν. Κουρνάζος (Γούναρης),false,false,false,,false
6450,"Γ. Δημάκης, Σ. Οικονομόπουλος",false,false,false,,false
6451,Μ. Πάπογλου,false,false,false,,false
6452,Cropper / Porter,false,false,false,,false
6453,Harris,false,false,false,,false
6454,Βασ. Νικολαΐδης,false,false,false,,false
6455,Jimmy mc Hugh - απόδοση στα ελλην. Πωλ Μενεστρέλ,false,false,false,,false
6456,Joan Baez,false,false,false,,false
6457,Γ. Γιαννακόπουλος,false,false,false,,false
6458,"Κοφινιώτης, Σπ. Ολανδέζος",false,false,false,,false
6459,Παν. Ρωμαίος,false,false,false,,false
6460,Καμιράν Μπενξή,false,false,false,,false
6461,Sharif Dean - απόδοση στα ελλην. Σέβη Τηλιακού,false,false,false,,false
6462,Κική Δημουλά,false,false,false,,false
6463,Ε. Σκουρτανιώτης,false,false,false,,false
6464,Καραπατάκης (Φώτης Ζησούλης ;),false,false,false,,false
6465,"Γιά. Ταπεινός, Γκολφίνος Ταπεινός",false,false,false,,false
6466,Εμμ. Χρυσαφάκης,false,false,false,,false
6467,Γ. Κονιτοπούλου,false,false,false,,false
6468,Πάνος Μαρίνος,false,false,false,,false
6469,"διασκευή Θύμιος Παπαδόπουλος, Θοδ. Γκόνης",false,false,false,,false
6470,Clacci - απόδοση στα ελλην. Κ. Τσαρούχας,false,false,false,,false
6471,Σώβερ Μεταξάς,false,false,false,,false
6472,"Κ. Νικολαΐδης, Ηλ. Λυμπερόπουλος, Γιώ. Οικονομίδης",false,false,false,,false
6473,Παλέζι Μαλγκόνι,false,false,false,,false
6474,Ζαφ. Ζαμπέτας,false,false,false,,false
6475,Τ. Αναστόπουλος,false,false,false,,false
6476,"από το ""Άσμα ασμάτων"" του Σολομώντος",false,false,false,,false
6477,Τσιτσάνης (Γκούτης ;),false,false,false,,false
6478,Ν. Πατέλης,false,false,false,,false
6479,Ιωσήφ Παναγιωτάκης,false,false,false,,false
6480,Αντ. Πλέσσας,false,false,false,,false
6481,Γιούλα Γεωργίου,false,false,false,,false
6482,Τ. Λαβίδας,false,false,false,,false
6483,Δ. Υ.,false,false,false,,false
6484,Cavallaro,false,false,false,,false
6485,Δημ. Γαλανός,false,false,false,,false
6486,Μ. Χριστόπουλος,false,false,false,,false
6487,Μπακάλης (Βίρβος ;),false,false,false,,false
6488,Μαρία Παπαδοπούλου (Γκαλμάνη ;),false,false,false,,false
6489,"διασκευή Άγγελ. Σφακιανάκης, Γιώ. Ανδρέου",false,false,false,,false
6490,Jo Michat,false,false,false,,false
6491,Ηλ. Βαρσαμής,false,false,false,,false
6492,"Δ. Γιαννουκάκης, Γιώ. Γιαννακόπουλος",false,false,false,,false
6493,Π. Σαλιχός,false,false,false,,false
6494,Venturini,false,false,false,,false
6495,Δ. Γκιούσος,false,false,false,,false
6496,Μαν. Φραγκάκης ή Σαμιώτης,false,false,false,,false
6497,Αλ. Γεωργιάδης,false,false,false,,false
6498,Αρ. Μπαξιβανόπουλος,false,false,false,,false
6499,παραδοσιακό Αμοργού - διασκευή Ν. Οικονομίδης,false,false,false,,false
6500,Γιά. Γιαννόπουλος,false,false,false,,false
6501,Cenci,false,false,false,,false
6502,Γ. Κονιτόπουλος (Γ. Βοντογιώργης ;),false,false,false,,false
6503,Κομτζάς,false,false,false,,false
6504,Αιμ. Δραγάτσης,false,false,false,,false
6505,"Β. Δήμου ή Κ. Σούκας, Αλ. Κιτσάκης",false,false,false,,false
6506,Κ. Βεκρής,false,false,false,,false
6507,Γούυναρης,false,false,false,,false
6508,Στέλιος Τσαμαδός,false,false,false,,false
6509,P. Brancourt,false,false,false,,false
6510,Ιωάν. Δημητριάδης,false,false,false,,false
6511,Ηλ. Πλατανιάς,false,false,false,,false
6512,Κ. Καλιοτζίδης,false,false,false,,false
6513,Τζον Στάκας,false,false,false,,false
6514,Ιωάννης Βέλλας,false,false,false,,false
6515,Μιχ. Καλιοντζίδης,false,false,false,,false
6516,Μπιθικώτσης (Γκούτης ή Κολοκοτρώνης),false,false,false,,false
6517,Αλ. Χάιτας,false,false,false,,false
6518,Γιά. Σιδέρης,false,false,false,,false
6519,Ε. Κοτάκης,false,false,false,,false
6520,O. Stork,false,false,false,,false
6521,Ηλ. Κλωναρίδης,false,false,false,,false
6522,"Μπρεχτ, απόδοση στα ελλην. Ελύτης",false,false,false,,false
6523,Joe Egan,false,false,false,,false
6524,Δημ. Χαλκιάς,false,false,false,,false
6525,Σάκης Καίρης,false,false,false,,false
6526,Τάκης Αλεξόπουλος,false,false,false,,false
6527,Ε. Μπούρα,false,false,false,,false
6528,Βασ. Ζαρούλιας,false,false,false,,false
6529,Jean Pierre Lang,false,false,false,,false
6530,Lopez - απόδοση στα ελλην. Κ. Λαζαρίδης,false,false,false,,false
6531,Σταύρος Σταύρου,false,false,false,,false
6532,Γιώργης Χασάπογλου,false,false,false,,false
6533,παραμύθι,false,false,false,,false
6534,"Κ. Νικολαΐδης, Γιώ. Γιαννακόπουλος",false,false,false,,false
6535,"Μαρία Μαρκάτου, Δημ. Κανελλόπουλος",false,false,false,,false
6536,Αγγελική Ελευθερίου,false,false,false,,false
6537,Λ. Νικολάου,false,false,false,,false
6538,<αμησαλής (Βίρβος),false,false,false,,false
6539,Αρ. Μπέλλου,false,false,false,,false
6540,Λ. Καρουσάκη,false,false,false,,false
6541,Μπ. Πραματευτάκης ;,false,false,false,,false
6542,Β. Παπαδόπουλος,false,false,false,,false
6543,Αργ. Τασουλάκης,false,false,false,,false
6544,Βarry Gibb,false,false,false,,false
6545,"Α. Πιτσολαδής, Ηλ. Ασβεστόπουλος",false,false,false,,false
6546,Ι. Ριτσιαρδής,false,false,false,,false
6547,Τ. Κωστής,false,false,false,,false
6548,Jorge Luis Borges - απόδοση στα ελλην. Δημ. Καλοκύρης,false,false,false,,false
6549,W. Clarke - απόδοση στα ελλην. Αθ. Τσόγκας,false,false,false,,false
6550,Δημ. Σκοπελίτης,false,false,false,,false
6551,Federico Garcia Lorca - απόδοση στα ελλην. Αγαθή Δημητρούκα,false,false,false,,false
6552,Βασ. Καρδής (Γκάτσος),false,false,false,,false
6553,"M. B. Franc, O. C. Joaqui - απόδοση στα ελλην. Μ. Γαϊτάνος",false,false,false,,false
6554,Βασ. Κάντζος,false,false,false,,false
6555,Σ. Αλιφέρης,false,false,false,,false
6556,Αντ. Βώτης,false,false,false,,false
6557,Γιά. Βέλλας,false,false,false,,false
6558,Κ. Ανατσελόπουλος ή Κόρος ;,false,false,false,,false
6559,Μακριδάκης (Παπαγιαννοπούλου),false,false,false,,false
6560,R. Erwin,false,false,false,,false
6561,D. Albanese,false,false,false,,false
6562,Γιώ. Θεοφάνους,false,false,false,,false
6563,Μ. Μυλιόφυτος,false,false,false,,false
6564,Θόδ. Πολυκανδριώτης,false,false,false,,false
6565,Y. Dessca - απόδοση στα ελλην. Σ. Τηλιακού,false,false,false,,false
6566,"Στ. Χρυσίνης, Κολοκοτρώνης",false,false,false,,false
6567,Αίσωπος,false,false,false,,false
6568,Ι. Μπερνιδάκης,false,false,false,,false
6569,Ε. Κωτάκης,false,false,false,,false
6570,C. Imperial - απόδοση στα ελλην. Ρέτη Ζαλοκώστα,false,false,false,,false
6571,Μ. Esperon - απόδοση στα ελλην. Πωλ Μενεστρέλ,false,false,false,,false
6572,Π. Επιτροπάκης,false,false,false,,false
6573,Ρήγας Βελεστινλής,false,false,false,,false
6574,Β. Ναλμπάντης,false,false,false,,false
6575,Θίασος Ελεύθερης Σκηνής,false,false,false,,false
6576,"Μ. Αναστασιάδης, Ν. Αναστασιάδης, Σ. Αναστασιάδης",false,false,false,,false
6577,Αλ. Καραπαναγιωτίδης,false,false,false,,false
6578,"Μιχ. Θωμάκος, Χριστίνα Αναστασιάδου",false,false,false,,false
6579,Γ.Μανιάτης,false,false,false,,false
6580,Μίμης Τραϊφόρος ;,false,false,false,,false
6581,Σ. Κορφιάτης,false,false,false,,false
6582,Κ. Κωνσταντινίδης,false,false,false,,false
6583,Μπακάλης (Χ. Βασιλειάδης),false,false,false,,false
6584,Τ. Λαβίδας (Κ. Πολίτης ;),false,false,false,,false
6585,Γιά. Στίγκας,false,false,false,,false
6586,"Ν. Καλλίνης, Κ. Λογοθετίδης",false,false,false,,false
6587,Μάριος Βαϊαννός,false,false,false,,false
6588,Ι. Π. (Γιάγκος) Αραβαντινός,false,false,false,,false
6589,Ντ. Ρούσσος,false,false,false,,false
6590,Παπαγιαννοπούλου (Τατασόπουλος),false,false,false,,false
6591,Φ. Παπαθεοδώρου,false,false,false,,false
6592,"Χάρρυ Κλυνν, Γιά. Κακουλίδης",false,false,false,,false
6593,E. Giordano-Κ. Νικολαΐδης,false,false,false,,false
6594,Σ. Μαρίνος,false,false,false,,false
6595,Γ. Κατσαρός,false,false,false,,false
6596,Liminez - απόδοση στα ελλην. Μ. Χριστόπουλος,false,false,false,,false
6597,Στέργιος Μανιαδής,false,false,false,,false
6598,Γιά. Τσανακάς,false,false,false,,false
6599,Σταύρος Γεωργιόπουλος,false,false,false,,false
6600,Στάθ. Κάβουρας,false,false,false,,false
6601,Άκης Μαμελετζής,false,false,false,,false
6602,Ηλ. Ουρανός,false,false,false,,false
6603,Στρατής Παλαιολόγου,false,false,false,,false
6604,Βασ. Παπαγεωργίου,false,false,false,,false
6605,Λ. Τριανταφύλλου,false,false,false,,false
6606,Αντ. Τούρλος,false,false,false,,false
6607,Θάνος Ρεμούνδος,false,false,false,,false
6608,B. Llewelwyn - απόδοση στα ελλην. Γιά. Πετρίτσης,false,false,false,,false
6609,"H. Banks, B. Rutcher",false,false,false,,false
6610,Καζαντζίδης (Χ. Βασιλειάδης),false,false,false,,false
6611,Θ. Κουτσουράκος,false,false,false,,false
6612,L. Leandros,false,false,false,,false
6613,Χαρ. Λειβάδη,false,false,false,,false
6614,Mattone,false,false,false,,false
6615,Ζωή Γαβαλά,false,false,false,,false
6616,J. Bouwens - απόδοση στα ελλην. Τ. Κωστής,false,false,false,,false
6617,Ευάγγ. Φίλης,false,false,false,,false
6618,Π. Κοφίνης,false,false,false,,false
6619,Ευάγγ. Κουζέλης,false,false,false,,false
6620,διασκευή Τ. Εσδράς,false,false,false,,false
6621,Μυτίκας,false,false,false,,false
6622,Christophe,false,false,false,,false
6623,Χ. Βασιελιάδης,false,false,false,,false
6624,Μιχ. Τσαγκαράκης,false,false,false,,false
6625,Γ. Κορολόγος,false,false,false,,false
6626,Roy Dorsel,false,false,false,,false
6627,Σωτ. Τσιλιβερδής,false,false,false,,false
6628,Ν. Βελιώτης,false,false,false,,false
6629,Ι. Διδήλης,false,false,false,,false
6630,Ν. Ρέλλιας ;,false,false,false,,false
6631,M. Mallory,false,false,false,,false
6632,Φ. Μπακάλης,false,false,false,,false
6633,"Δημ, Ζάχος",false,false,false,,false
6634,Κ. Κρητικός,false,false,false,,false
6635,Δημ. Φρατζεσκάκης,false,false,false,,false
6636,Μ. Παπαδόπουλος,false,false,false,,false
6637,Ανδρέας Καρράς,false,false,false,,false
6638,Δημ. Βαγουρδής,false,false,false,,false
6639,D. Bakker,false,false,false,,false
6640,Μιχ. Ανύσιος,false,false,false,,false
6641,Π. Οικονόμου (Μ. Μάτσας),false,false,false,,false
6642,Μαν. Καραντίνης,false,false,false,,false
6643,Ο. Μητρόπουλος,false,false,false,,false
6644,"J. Katz, J Kasenetz",false,false,false,,false
6645,"Κ. Ασημακόπουλος, Ν. Μάτσας",false,false,false,,false
6646,Σιδέρης Μαργούτας ;,false,false,false,,false
6647,Bernd Meinunger - απόδοση στα ελλην. Τ. Μουσαφίρης,false,false,false,,false
6648,Αμάραντος Αμαραντίδης,false,false,false,,false
6649,Θ. Τσιρώνης,false,false,false,,false
6650,Antonio Perez-μετάφραση: Πυθαγόρας,false,false,false,,false
6651,Περιστέρης (Τσάμας),false,false,false,,false
6652,Giancarlo Bigazzi - απόδοση στα ελλην. Γιώ. Παπαστεφάνου,false,false,false,,false
6653,Κωστής Χαιρόπουλος,false,false,false,,false
6654,Παπαϊωάννου (Ηλ. Χαλής ;),false,false,false,,false
6655,Γ. Στεφανάκης,false,false,false,,false
6656,Εμμ. Ζάχος,false,false,false,,false
6657,Φωτεινή Γεωργίου,false,false,false,,false
6658,Α. Αντύπας,false,false,false,,false
6659,Χρήστος Παπαδόπουλος,false,false,false,,false
6660,Δημ. Ξανθάκης,false,false,false,,false
6661,Γιώρ. Βουλαλάς,false,false,false,,false
6662,Fausto Rinaldi,false,false,false,,false
6663,Γ. Στεφάνου (Παπαστεφάνου),false,false,false,,false
6664,Σωτ. Μιχαλόπουλος,false,false,false,,false
6665,"Π. Παπαδούκας, Βασ. Σπυρόπουλος",false,false,false,,false
6666,Κολοκοτρώνης (Δερβενιώτης),false,false,false,,false
6667,Χρ. Κωνσταντινίδης,false,false,false,,false
6668,Daniel Vangarde,false,false,false,,false
6669,Γιά. Φίλιππας,false,false,false,,false
6670,Γ. Φτέρης,false,false,false,,false
6671,Γρ. Φούντας,false,false,false,,false
6672,G. Capaldo,false,false,false,,false
6673,Πωλ Ελισάρ-ελεύθερη απόδοση Ρίτα Μπούμη-Παππά,false,false,false,,false
6674,Γιώ. Στρούντζας,false,false,false,,false
6675,Θοδωρής Παπαδόπουλος,false,false,false,,false
6676,Δημ. Παγόπουλος,false,false,false,,false
6677,Φ. Ανωγειανάκης,false,false,false,,false
6678,Τατασόπουλος (Ν. Ρούτσος),false,false,false,,false
6679,Sigmund Romberg,false,false,false,,false
6680,Ι. Newman,false,false,false,,false
6681,Μιχ. Λαμπρόπουλος,false,false,false,,false
6682,Θόδ. Τζίφας ή Λυκ. Μαρκέας,false,false,false,,false
6683,Γιώ. Ρουβέλας,false,false,false,,false
6684,"Γιώ. Οικονομίδης, Ν. Ρούτσος",false,false,false,,false
6685,Δ. Ατραΐδης (παραδοσιακό),false,false,false,,false
6686,Θωμάς Κοροβίνης,false,false,false,,false
6687,"Ζακ Ιακωβίδης, Γιά. Βέλλας",false,false,false,,false
6688,Αντ. Πλωμαρίτη;,false,false,false,,false
6689,Andrew Mc Kinnon,false,false,false,,false
6690,Joseph Lacalle,false,false,false,,false
6691,Κόκοτος και Μιχ. Τρανουδάκης,false,false,false,,false
6692,Ε. Μωραΐτης,false,false,false,,false
6693,Ν. Καραστατήρης,false,false,false,,false
6694,Γιώ. Χορτάτζης,false,false,false,,false
6695,Σ. Βώπης,false,false,false,,false
6696,Jimi Hendrix,false,false,false,,false
6697,Ηλ. Ανδριόπουλος,false,false,false,,false
6698,διασκευή Πλωμαρίτης,false,false,false,,false
6699,Π. Λεούσης,false,false,false,,false
6700,Ν. Καλλίτσης (Κ. Λιακάκος ;),false,false,false,,false
6701,Γιά. Κυριαζής,false,false,false,,false
6702,Λουκάς Μεϋσούτης,false,false,false,,false
6703,"Σακελλάριος, Γιαννακόπουλος",false,false,false,,false
6704,Αφρ.  Μάνου,false,false,false,,false
6705,Χάρης Καραγιαννίδης,false,false,false,,false
6706,Ν. Κόικας,false,false,false,,false
6707,Gino Cupsi,false,false,false,,false
6708,Θαν. Παύλου,false,false,false,,false
6709,Α. Παπαθεοδώρου,false,false,false,,false
6710,Γιώρ. Γιαννακόπουλος,false,false,false,,false
6711,"Daniele Pace, Livraghi - απόδοση στα ελλην. Θαν. Τσόγκας",false,false,false,,false
6712,Καπλάνης,false,false,false,,false
6713,Ελ. Μωραΐτου (Μάτσας),false,false,false,,false
6714,Γιά. Κουρσάρης,false,false,false,,false
6715,"A. Salerno, F. & M. Reitano - απόδοση στα ελλην. Ρέτη Ζαλοκώστα",false,false,false,,false
6716,Ν. Χατζής,false,false,false,,false
6717,Madredeus,false,false,false,,false
6718,"Farini Estvilla, Manuel Estvilla",false,false,false,,false
6719,"Gal, Lagher",false,false,false,,false
6720,Γιώ. Κούκιος,false,false,false,,false
6721,C. Sig,false,false,false,,false
6722,Ν. Κύρρου,false,false,false,,false
6723,"Όλγα Σεχίδου, Φώτης Παντσόπουλος",false,false,false,,false
6724,Μελίνα Τανάγρη,false,false,false,,false
6725,J. M. Gallardo,false,false,false,,false
6726,"Barelli, A. Canfora - απόδοση στα ελλην. Λευτ. Παπαδόπουλος)",false,false,false,,false
6727,Κ. Κιούσης (Κοφινιώτης),false,false,false,,false
6728,Λαύκας (Σαρ. Τσιλιβερδής ;),false,false,false,,false
6729,Δ. Μωρέας,false,false,false,,false
6730,απόδοση στα ελληνικά Χ. Κατσιμίχας,false,false,false,,false
6731,Τ. Ευσταθίου,false,false,false,,false
6732,Θ. Παλάντζας,false,false,false,,false
6733,Σωτ. Βόπης,false,false,false,,false
6734,Βασ. Καζούλλης,false,false,false,,false
6735,Αντ. Σκαμνάκης. Δημ. Αποστολάκης (μόνο το 3ο κουπλέ),false,false,false,,false
6736,Χρ. Αρβανίτης,false,false,false,,false
6737,Μ. Βεκίδου,false,false,false,,false
6738,"Κατερ. Κόρου, Δημ. Συμεωνίδης",false,false,false,,false
6739,R. Friggleri,false,false,false,,false
6740,Ηλ. Βασιλαράς,false,false,false,,false
6741,Ανδρομάχη Πετροπουλέα (Κερομύτης),false,false,false,,false
6742,Γιώ. Οικονοµίδης,false,false,false,,false
6743,Manis Calgo,false,false,false,,false
6744,Γιά. Σταματίου,false,false,false,,false
6745,Γ. Φυρογένης,false,false,false,,false
6746,LLUIS LLACH,false,false,false,,false
6747,Ι. Κέρπελης,false,false,false,,false
6748,Θάνος Παπανικολάου,false,false,false,,false
6749,Γιά. Θυμάκης,false,false,false,,false
6750,Πάν. Σταθάκης,false,false,false,,false
6751,Χρ. Μίγκος,false,false,false,,false
6752,Χρ. Ζούμπας,false,false,false,,false
6753,Γ. Κυργιακίδης,false,false,false,,false
6754,Γ. Κυπαρίσης,false,false,false,,false
6755,Σπ. Καββαδάς,false,false,false,,false
6756,Ελ. Λειβαδάρου,false,false,false,,false
6757,Γιά. Ξυλούρης,false,false,false,,false
6758,Γιώ. Πετρίδης,false,false,false,,false
6759,Α. Κεσίδης,false,false,false,,false
6760,Ευρυδίκη,false,false,false,,false
6761,Π. Βλαχάβας,false,false,false,,false
6763,Ολυμπία Φιλίππου,false,false,false,,false
6764,Γιώ. Γιαννικέλης,false,false,false,,false
6765,Αργ. Γιαννοπούλου-Γόντικα,false,false,false,,false
6766,Παύλος Τορνικίδης,false,false,false,,false
6767,Γιώ. Μαρίνης,false,false,false,,false
6768,Χ. Μαυροµµάτης,false,false,false,,false
6769,Σπ. Πάζιος,false,false,false,,false
6770,Λυμπρίτης,false,false,false,,false
6771,"R. Vinsent, B. Libert",false,false,false,,false
6772,Πάνος Πατσούρης,false,false,false,,false
6773,Ισπανικό - απόδοση στα ελλην. Λ. Παπαδόπουλος,false,false,false,,false
6774,Γιώ. Μαργιολαάς,false,false,false,,false
6775,Alvan Abrian Flores,false,false,false,,false
6776,Decarli,false,false,false,,false
6777,Σούλης Διονυσίου,false,false,false,,false
6778,Λευτ. Δημητρούσης,false,false,false,,false
6779,Κ. Χ. Μύρης (Κ. Γεωργουσόπουλος),false,false,false,,false
6780,Ν. Καρανικόλας,false,false,false,,false
6781,Χ. Βασιλειάδης (Κ. Λαβίδας),false,false,false,,false
6782,Βοσκόπουλος,false,false,false,,false
6783,Γ. Παπαγεωργίου,false,false,false,,false
6784,"Κοφινιώτης, Ν. Μπογδάνος",false,false,false,,false
6785,"Borissof, Elli",false,false,false,,false
6786,D' Angelis,false,false,false,,false
6787,Δ. Ντότης,false,false,false,,false
6788,Φ. Ζησούλης,false,false,false,,false
6789,Hubert,false,false,false,,false
6790,Ευάγγ. Ζολωτάκης,false,false,false,,false
6791,Κ. Κάξος,false,false,false,,false
6792,Γιά. Καραλής,false,false,false,,false
6793,M. Swirid,false,false,false,,false
6794,Ε. Παπαδόπουλος,false,false,false,,false
6795,Ρ. Φαβίλι,false,false,false,,false
6796,Δημοσθένης Ζάττας,false,false,false,,false
6797,Ν. Τσούμας,false,false,false,,false
6798,Τζο Τρυγώνης,false,false,false,,false
6799,Γιώτα Μπούκη,false,false,false,,false
6800,Γιά. Καλονάρος,false,false,false,,false
6801,"Μ. Τραϊφόρος, Γιώ. Γιαννακόπουλος",false,false,false,,false
6802,Χρ. Πανούτσος,false,false,false,,false
6803,Μαν. Αμπελιώτης,false,false,false,,false
6804,Ν. Νικολαΐδης,false,false,false,,false
6805,Pallavicini,false,false,false,,false
6806,"Endrigo, Vandrè",false,false,false,,false
6807,διασκευή Ζαγοραίος,false,false,false,,false
6808,Ανδρ. Δημόπουλος,false,false,false,,false
6809,Τ. Ρήτος,false,false,false,,false
6810,Διον. Μανωλάτος,false,false,false,,false
6811,Μιχ. Δρακούλης,false,false,false,,false
6812,Ν. Μαρκάκης,false,false,false,,false
6813,Στέλ. Σωτηρίου,false,false,false,,false
6814,Σταμ. Σταματέλος,false,false,false,,false
6815,Ν. Καρκαλάς,false,false,false,,false
6816,Γιά. Τσατσόπουλος,false,false,false,,false
6817,Α. Αλεξάκης (ή Αικατερίνη Αλεξάκη),false,false,false,,false
6818,Τάκης Κωλέττης,false,false,false,,false
6819,Ανώνυμος (1937),false,false,false,,false
6820,Τ. Πάντος,false,false,false,,false
6821,Σπ. Κεφαλόπουλος,false,false,false,,false
6822,Augustin Lara,false,false,false,,false
6823,Λευτ. Γουναρόπουλος (Χ. Βασιλειάδης),false,false,false,,false
6824,Μέλιος Πίτσιας,false,false,false,,false
6825,P.L.J. Band,false,false,false,,false
6826,N. Z. B. Kaper,false,false,false,,false
6827,Γαβαλάς (ή Γιά. Συμεωνίδης ;),false,false,false,,false
6828,Γιώ. Τράκης,false,false,false,,false
6829,Περιστέρης (Μίνως Τσάμας),false,false,false,,false
6830,Χρ. Περτσινίδης,false,false,false,,false
6831,παραδοσιακό - διασκευή Bustan Abraham,false,false,false,,false
6832,Γ. Χαυδάτος,false,false,false,,false
6833,Χρ. Αντωνιάδης,false,false,false,,false
6834,"Ν. Βεντουράτος, Ρ. Καράνη",false,false,false,,false
6835,Μάικ Ροζάκης,false,false,false,,false
6836,Γιώτα Κοτσέτα,false,false,false,,false
6837,Ν. Πολυκανδριώτης,false,false,false,,false
6838,Γόλης Γιοβάνης,false,false,false,,false
6839,"Καζαντζίδης, Ν. Πετρίδης",false,false,false,,false
6840,Ν. Κόκκινος ( Πολύβιος Δημητρακόπουλος ;),false,false,false,,false
6841,Βασ. Παπατόλης,false,false,false,,false
6842,Τ. Νικολακόπουλος,false,false,false,,false
6843,Διον. Ηλιόπουλος,false,false,false,,false
6844,Διονυσίου (Γκίκα),false,false,false,,false
6845,Δημ. Κουντουρίνης,false,false,false,,false
6846,Ελένη Γκαβαΐζέ,false,false,false,,false
6847,Ηλ. Παπακώστας,false,false,false,,false
6848,Μοσχονάς ;,false,false,false,,false
6849,L. Cavala,false,false,false,,false
6850,Κατερ. Ντίνου,false,false,false,,false
6851,"Θύμιος. Παπαδόπουλος, Θοδ. Γκόνης",false,false,false,,false
6852,Ερρίκου Χάϊνε- μετ. Άγγ. Βλάχος,false,false,false,,false
6853,Τ. Παναγόπουλος,false,false,false,,false
6854,Ελένη Βιτάλη,false,false,false,,false
6855,Φίλ Γράψας,false,false,false,,false
6856,"Ν. Πετρίδης, Καζατζίδης",false,false,false,,false
6857,A. Amenna - απόδοση στα ελλην. Φίλ. Νικολάου,false,false,false,,false
6858,Γεώ. Τσοκόπουλος,false,false,false,,false
6859,Γιώ. Αρμουτίδης,false,false,false,,false
6860,Ανδρ. Κακουλίδης,false,false,false,,false
6861,Στ. Καψάλης (Τσάντας),false,false,false,,false
6862,Mattone - απόδοση στα ελλην. Ν. Κύταρης,false,false,false,,false
6863,Ν. Μανιάς,false,false,false,,false
6864,Π. Δραμινός,false,false,false,,false
6865,Τάκης Σερασίδης,false,false,false,,false
6866,Emmerich Kálmán,false,false,false,,false
6867,Ν. Αγγελίδης,false,false,false,,false
6868,Μαν. Δέδες,false,false,false,,false
6869,Δημ. Δέκος,false,false,false,,false
6870,Τσιτσάνης (και Γερ. Τσάκαλος ;),false,false,false,,false
6871,Ν. Μητσόπουλος,false,false,false,,false
6872,José Muñoz Molleda - απόδοση στα ελλην. Μ. Γαϊτάνος,false,false,false,,false
6873,Ε. Λινάρδος,false,false,false,,false
6874,Β. Χαλκίδης,false,false,false,,false
6875,Καλτάκης,false,false,false,,false
6876,Ελπίδα Καραγιαννίδου,false,false,false,,false
6877,Ν. Τέμπος,false,false,false,,false
6878,Pallavicini Leoni,false,false,false,,false
6879,Keith Richard,false,false,false,,false
6880,Σταμ. Μπενέτας,false,false,false,,false
6881,Γ. Σαράντης,false,false,false,,false
6882,Γώγος Πετρίδης,false,false,false,,false
6883,"Βαρδής, Π. Φαλάρας",false,false,false,,false
6884,Enrico Rianori,false,false,false,,false
6885,Σμυρναίος,false,false,false,,false
6886,Μίλτος Πασχαλίδης,false,false,false,,false
6887,Γιώ.Μιχαλόπουλος,false,false,false,,false
6888,Σταμ. Λιαδάκης,false,false,false,,false
6889,Μ. Ρεσβόπουλος,false,false,false,,false
6890,Nikolaus Brodszky,false,false,false,,false
6891,Σ. Τσιλιβερδή,false,false,false,,false
6892,Μαρία Ζοάννου (Κριμιζάκης),false,false,false,,false
6893,Χιώτης (Χ. Βασιλειάδης),false,false,false,,false
6894,Κρίσις (Μάκης Καρακούσης),false,false,false,,false
6895,Βάνια Μυρογιάννη,false,false,false,,false
6896,Γιώ. Πιάς,false,false,false,,false
6897,Α. Καλαβρυτινός,false,false,false,,false
6898,Ερμής Πόγγης,false,false,false,,false
6899,Μπ. Γαλάταλης,false,false,false,,false
6900,Στέρεο Νόβα,false,false,false,,false
6901,"Νίντα Κανάκη, Χ. Βασιλειάδης",false,false,false,,false
6902,Ρίτα Γιαννή,false,false,false,,false
6903,"Κ. Καραγιάννης, Ν. Καμπάνης, Β. Μακρίδης",false,false,false,,false
6904,G. Cudsi-απόδοση στα ελλην. Λ. Γκονόπουλος,false,false,false,,false
6905,Κ. Κάνουλας,false,false,false,,false
6906,Κλέων Δικαίος,false,false,false,,false
6907,Χρ. Ελευθεριάδης,false,false,false,,false
6908,Λευτ. Ρετσίνας,false,false,false,,false
6909,Δημ. Ορφανίδης,false,false,false,,false
6910,Κ. Πρέντας,false,false,false,,false
6911,Jacques Revou - απόδοση στα ελλην. Αθ. Τσόγκας,false,false,false,,false
6912,Κ. Δ. Νικολαΐδης,false,false,false,,false
6913,Μπ. Τσικληρόπουλος,false,false,false,,false
6914,Αλ. Γκολέτσας,false,false,false,,false
6915,Ν. Τσολάκης,false,false,false,,false
6916,Lucio Battisti-Mogol,false,false,false,,false
6917,Κωστής Κριτσωτάκης,false,false,false,,false
6918,Γιά. Κουτσώλης,false,false,false,,false
6919,Δ. Θάνος,false,false,false,,false
6920,Εβραϊκό παραδοσιακό,false,false,false,,false
6921,Δέσποινα Φορτσερά,false,false,false,,false
6922,Γ. Περδίκης,false,false,false,,false
6923,Χ. Χαλκιάς,false,false,false,,false
6924,Γιά. Ηλιάδης ;,false,false,false,,false
6925,Πάμπλο Νερούδα,false,false,false,,false
6926,Κολοκοτρώνης (Χιώτης),false,false,false,,false
6927,Οδ. Μοσχονάς,false,false,false,,false
6928,"Ρέτη Ζαλοκώστα, Τζεφρώνης",false,false,false,,false
6929,Αθαν. Πλατανιάς,false,false,false,,false
6930,Κ. Μάνεσης,false,false,false,,false
6931,Μ. Νικολαΐδης,false,false,false,,false
6932,Δημ. Ρήτας,false,false,false,,false
6933,Παύλος Μάτεσης,false,false,false,,false
6934,Γιά. Δέδες,false,false,false,,false
6935,Δ. Φραντζεσκάκης,false,false,false,,false
6936,Ν. Σπυρίδης,false,false,false,,false
6937,Θάνος Σμυρνιούδης,false,false,false,,false
6938,Γρηγ. Ζαχόπουλος,false,false,false,,false
6939,Φ. Φιλιππίδης,false,false,false,,false
6940,Graham Nash - απόδοση στα ελλην. Σέβη Τηλιακού,false,false,false,,false
6941,Α. Κουτουρίνης,false,false,false,,false
6942,Β. Μαλλιάρας,false,false,false,,false
6943,Γιώ. Χατζηδάκης,false,false,false,,false
6944,Γ. Δήμου,false,false,false,,false
6945,F. G. LORCA - απόδοση στα ελλην. Γκάτσος,false,false,false,,false
6946,Βασ. Χατζόπουλος,false,false,false,,false
6947,"Μάνος Τσιλιμίδης, Κραουνάκης",false,false,false,,false
6948,Λελάκης,false,false,false,,false
6949,Θαν. Σοφός,false,false,false,,false
6950,Donida Lobati - απόδοση στα ελλην. Ν. Κύταρης,false,false,false,,false
6951,Θ. Κομζιάς,false,false,false,,false
6952,Ε. Δρατσέλας,false,false,false,,false
6953,Μαμαγκάκης (Τ. Μαστοράκης ;),false,false,false,,false
6954,Δημ. Χιονάς,false,false,false,,false
6955,"Πάριος, Μάριος Τόκας",false,false,false,,false
6956,.,false,false,false,,false
6957,Luisa Zappa-ελληνικοί στίχοι Νικολακοπούλου,false,false,false,,false
6958,Κ. Παλαπανίδης,false,false,false,,false
6959,Πάριος,false,false,false,,false
6960,Λ. Ράνου,false,false,false,,false
6961,Αναστ. Γιαρίμης,false,false,false,,false
6962,Ι. Καλατζής,false,false,false,,false
6963,Κατινάρης,false,false,false,,false
6964,"Γ. Παπαϊωάννου, Θ. Κολοκοτρώνης",false,false,false,,false
6965,Κ. Τζελαλίδης,false,false,false,,false
6966,Γιώ. Κόρος (Επαμ. Γκιζιώτης ;),false,false,false,,false
6967,Λάκης Καραβασιλίδης,false,false,false,,false
6968,Δημ. Φράττης-Λοΐζος (Μητσάρας),false,false,false,,false
6969,Ματθαίος Βεντούρης,false,false,false,,false
6970,Γ. Κονιτόπουλος (Χρ. Ρουχίτσας ;),false,false,false,,false
6971,Στ. Ζούμπας,false,false,false,,false
6972,"Γιώ. Μητσόπουλος (ή Ι. Μητσόπουλος, κατά Μανιάτη)",false,false,false,,false
6973,"Ismael Lo, Etienne Roda, Gil",false,false,false,,false
6974,Π. Κλουβάτος,false,false,false,,false
6975,"Θόδ. Καλούμενος, Τουρνάς",false,false,false,,false
6976,Δημ. Ζάχος,false,false,false,,false
6977,Αθαν. Γραφανάκης ή Λέλα Γραφανάκη,false,false,false,,false
6978,Σ. Κοντός,false,false,false,,false
6979,Λουκάς Στρογγυλός (Κ. Μακρής),false,false,false,,false
6980,Σπ. Βαλσαμάκης,false,false,false,,false
6981,Μ. Μπούρα,false,false,false,,false
6982,Φίλων Αρίας,false,false,false,,false
6983,"Λυκ. Μαρκέας, Γιά. Λογοθέτης",false,false,false,,false
6984,Γιώ. Ευσταθίου,false,false,false,,false
6985,Γ. Μαησαλής,false,false,false,,false
6986,Robert Stolz,false,false,false,,false
6987,Στ. Τσότας,false,false,false,,false
6988,Ανδρ. Μικρούτσικος,false,false,false,,false
6989,Γιά. Φακίρης,false,false,false,,false
6990,Δημ. Κεραμυδάς,false,false,false,,false
6991,διασκευή Νταλάρας,false,false,false,,false
6992,Χαρ. Ροδίτης,false,false,false,,false
6993,Λόλα Βώτη,false,false,false,,false
6994,Χρυσάφη (Μητσάκης),false,false,false,,false
6995,Docker,false,false,false,,false
6996,Δαλέζιος,false,false,false,,false
6997,Μίμης Μάνεσης,false,false,false,,false
6998,"Μ. Τραϊφόρος, Κ. Νικολαΐδης",false,false,false,,false
6999,Γ. Ρουβέλας,false,false,false,,false
7000,Κ. Βόιδαρος,false,false,false,,false
7001,Μωυσής Ασέρ,false,false,false,,false
7002,Μαριάννα Χατζοπούλου ;,false,false,false,,false
7003,"Δ. Ζαχαριουδάκης, Σ. Βουρβαχάκης",false,false,false,,false
7004,Κ. Φερνετίνος,false,false,false,,false
7005,Στυλ. Μπέλλος,false,false,false,,false
7006,Ευάγγ. Μπενέτος,false,false,false,,false
7007,Manuel De La Calva,false,false,false,,false
7008,Αντ. Πετρίδης,false,false,false,,false
7009,Ταξίμι,false,false,false,,false
7010,Πετρίδης,false,false,false,,false
7011,Ηρακλής Θεοφανίδης,false,false,false,,false
7012,Δ. Μούρλας,false,false,false,,false
7013,Καρ. Παλαιολόγου,false,false,false,,false
7014,Στέλιος Χριστοφίδης,false,false,false,,false
7015,Γιώ. Αρσενίδης,false,false,false,,false
7016,Τάσος Αναστασίου,false,false,false,,false
7017,"Μιχ. Αλεξάκης, Ανέστης Κωνσταντινίδης",false,false,false,,false
7018,Τσιτσάνης (Ευσταθίου),false,false,false,,false
7019,Φάνης Σδράλης,false,false,false,,false
7020,Xρ. Αργυρόπουλος,false,false,false,,false
7021,Β. Γκουντουβάς,false,false,false,,false
7022,Σ. Αρκοµάνης,false,false,false,,false
7023,Χατζιδάκις ή Κουγιουμτζής,false,false,false,,false
7024,Vaughan Williams,false,false,false,,false
7025,Hρ. Ιερωνυμάκης,false,false,false,,false
7026,Στέλλα Γαδέδη,false,false,false,,false
7027,J. Kosma,false,false,false,,false
7028,Λάμπρος Ζάβος,false,false,false,,false
7029,Βασ. Καζάνας,false,false,false,,false
7030,Κυρ. Παπαδόπουλος,false,false,false,,false
7031,Γιά. Γεωργακόπουλος,false,false,false,,false
7032,"Τραϊφόρος, Χρ. Γιαννακόπουλος",false,false,false,,false
7033,Ν. Αντωνιάδης,false,false,false,,false
7034,Χρ. Χρυσανθόπουλος,false,false,false,,false
7035,Γιά. Ρενιέρης,false,false,false,,false
7036,Τάνια Τσανακλίδου,false,false,false,,false
7037,Ν. Κουρμένταλας,false,false,false,,false
7038,"Γιά. Βαρβάβας, Μάρκος Κούμαρης",false,false,false,,false
7039,Φ. Φιλέρης,false,false,false,,false
7040,"Τάσ. Κουλούρης, Δαλέζιος",false,false,false,,false
7041,παραδοσιακό τραγούδι του Τομ Κελιμπάρι - διασκευή Dasho Kurti,false,false,false,,false
7042,Α. Σιδηροπούλου,false,false,false,,false
7043,Τ. Μωραΐτης,false,false,false,,false
7044,Ηλ. Αγγελής,false,false,false,,false
7045,Παν. Σιδηρόπουλος,false,false,false,,false
7046,Jack Brel - απόδοση στα ελλην. Σέβη Τηλιακού,false,false,false,,false
7047,Π. Βλάχος,false,false,false,,false
7048,Φιλ. Πλιάτσικας,false,false,false,,false
7049,T. Demey (Τέτος Δημητριάδης ;),false,false,false,,false
7050,Σοφία Κολλητήρη,false,false,false,,false
7051,Τατασόπουλος (Κολοκοτρώνης),false,false,false,,false
7052,Τάσος Μπουλμέτης,false,false,false,,false
7053,"Αλκαίος, Σαπφώ-ελεύθερη απόδοση Δασκαλόπουλος, Χρ. Παρασκευαΐδης",false,false,false,,false
7054,Αγγελόπουλος (Κ. Καρουσάκης),false,false,false,,false
7055,Γιά. Λεκάκης,false,false,false,,false
7056,Φώτης Κατράκης,false,false,false,,false
7057,Keith Richards,false,false,false,,false
7058,Λ. Φλώρος,false,false,false,,false
7059,"παραδοσιακό Ανδαλουσίας - διασκευή Γιώ. Ανδρέου, Άγγελ. Σφακιανάκης",false,false,false,,false
7060,Μ. Πρωτόπαπας,false,false,false,,false
7061,M. Wendroff,false,false,false,,false
7062,Ντίνα Χατζηνικολάου,false,false,false,,false
7063,Άγγ. Μπουζούρας,false,false,false,,false
7064,Περιστέρης (Ζακ Ιακωβίδης),false,false,false,,false
7065,"B. Scott, R. Marlow",false,false,false,,false
7066,Κ. Κλάββας,false,false,false,,false
7067,Φ. Θεοφανίδου,false,false,false,,false
7068,J. Veneruso,false,false,false,,false
7069,"Μ. Τραϊφόρος, Ε. Λυκιαρδοπούλου",false,false,false,,false
7070,Bisburry,false,false,false,,false
7071,Αλέξ. Χατζής,false,false,false,,false
7072,Juniors,false,false,false,,false
7073,"Χρ. Γιαννακόπουλος, Κ. Νικολαΐδης",false,false,false,,false
7074,Βαγγ. Νάξιος (Βαγγ. Κονιτόπουλος),false,false,false,,false
7075,Παν. Καλυβιάρης,false,false,false,,false
7076,Σακελλάριος,false,false,false,,false
7077,Γιά. Κούρος,false,false,false,,false
7078,Σκορπιός,false,false,false,,false
7079,Θεοδωράκης ;,false,false,false,,false
7080,J. B. Jefferson,false,false,false,,false
7081,Ντίνος Δημόπουλος,false,false,false,,false
7082,Μ. Μανταράκης (Ατταλίδης),false,false,false,,false
7083,Μαυρουδής ;,false,false,false,,false
7084,Rick Nowels-ελλην. στίχοι: Βίκυ Γεροθόδωρου,false,false,false,,false
7085,Β. Χαρούλιας,false,false,false,,false
7086,Χ. Φοσκομπούκας,false,false,false,,false
7087,H. Greenfιeld - απόδοση στα ελλην. Αθ. Τσόγκας,false,false,false,,false
7088,Πάν. Σκουρτέλης,false,false,false,,false
7089,Καίτη Γιαννακοπούλου,false,false,false,,false
7090,Ν. Μάθεσης ;,false,false,false,,false
7091,Μίλτος Σαχτούρης,false,false,false,,false
7092,Μ. Ανδριανός (Κουλουριώτης),false,false,false,,false
7093,Σαρ. Αλεβιζάτος,false,false,false,,false
7094,"Χ. Βασιλειάδης, Ναπ. Ελευθερίου",false,false,false,,false
7095,Βαγγ. Μπαλλής (Χαρ. Βασιλειάδης),false,false,false,,false
7096,"Πλέσσας, Κατσαρός",false,false,false,,false
7097,J. L. Perales,false,false,false,,false
7098,Παντ. Παλαμίδης,false,false,false,,false
7099,Δ. Δράκος,false,false,false,,false
7100,Bravo - απόδοση στα ελλην. Αιμ. Σαββίδης,false,false,false,,false
7101,D. Alchansky,false,false,false,,false
7102,Τάσος Γκρους,false,false,false,,false
7103,Νάγια Δρακιά,false,false,false,,false
7104,"Γιώ. Γρηγορίου, Π. Σαλονικιός",false,false,false,,false
7105,Αντ. Ζαννάς (Μουσαφίρης),false,false,false,,false
7106,Ariel Ramirez,false,false,false,,false
7107,"Αριστοφάνης, μετάφραση Μίνως Βολανάκης",false,false,false,,false
7108,Περιστέρης (και Ζακ Ιακωβίδης),false,false,false,,false
7109,Γραμ. Θεοδωροπούλου,false,false,false,,false
7110,"Μάριος Πανάς, ARMIE",false,false,false,,false
7111,Ν. Παντέλος,false,false,false,,false
7112,Χρυσίμης (Σέμσης),false,false,false,,false
7113,"Βασ. Ζουμπούλης, Λευτ. Χαψιάδης",false,false,false,,false
7114,Θανάσης Χαμπίτης,false,false,false,,false
7115,Μαρίκα Φρατζεσκοπούλου (Πολίτισσα),false,false,false,,false
7116,Α. Αντωνίου,false,false,false,,false
7117,Στέλ. Χατζημιχαήλ,false,false,false,,false
7118,Π. Κατσάνης,false,false,false,,false
7119,Ειρήνη Σαράντου,false,false,false,,false
7120,Τ. Φιλίππου,false,false,false,,false
7121,"Daniel Armando Jusid, Κωστής Παπαδόπουλος",false,false,false,,false
7122,Ι. Μελωδίας,false,false,false,,false
7123,Γ. Πολύζος,false,false,false,,false
7124,John C. Fogerty,false,false,false,,false
7125,Γιώ.Κλεφτογιώργος,false,false,false,,false
7126,"Παν. Ξυδιάς, Αριστομένης Τσολάκης",false,false,false,,false
7127,Ρόζα,false,false,false,,false
7128,Ζαχ. Κασιμάτης,false,false,false,,false
7129,"Κ. Σαλέας, Ηλ. Σαλέας",false,false,false,,false
7130,Π. Πέτρου,false,false,false,,false
7131,Σταμ. Δαγλελένης,false,false,false,,false
7132,Ελ. Καραΐνδρου,false,false,false,,false
7133,Ρόζα Εσκενάζυ (παραδοσιακό),false,false,false,,false
7134,Απ. Νικολαΐδης,false,false,false,,false
7135,Ι. Δημητρούλιας,false,false,false,,false
7136,Δημ. Αρχιμανδρίτης,false,false,false,,false
7137,Μάνος Τούρμπαλης,false,false,false,,false
7138,Μ. Πορτοκάλλης,false,false,false,,false
7139,Δημ. Στεργίου (Μπέμπης),false,false,false,,false
7140,Γιώ. Πιας,false,false,false,,false
7141,Σπ. Ζουμπέρ,false,false,false,,false
7142,T. Fergo,false,false,false,,false
7143,Green,false,false,false,,false
7144,Χρ. Παπαϊωάννου,false,false,false,,false
7145,Άγνωστος,false,false,false,,false
7146,Fred Ficher,false,false,false,,false
7147,"Ν. Δεπάστας, Π. Νικολάου",false,false,false,,false
7148,Gomacchio,false,false,false,,false
7149,Α. και Ι. Μελάγρης,false,false,false,,false
7150,B. Dylan - απόδοση στα ελλην. Σαββόπουλος,false,false,false,,false
7151,Α. Ελευθερίου,false,false,false,,false
7152,Κ. Στεφανόπουλος,false,false,false,,false
7153,Ν. Ιωακειμίδης,false,false,false,,false
7154,Πέτρος Μενδόνης,false,false,false,,false
7155,Vincenzo Di Chiara,false,false,false,,false
7156,Στ. Γραμματικόπουλος,false,false,false,,false
7157,"Δ. Γιαννουκάκης, Δ. Ευαγγελίδης",false,false,false,,false
7158,Παντ. (Λάκης) Υδραίος,false,false,false,,false
7159,Αφρ. Χρυσάφη,false,false,false,,false
7160,L. huff - απόδοση στα ελλην. Σ. Τηλιακού,false,false,false,,false
7161,Ν. Βέρτης,false,false,false,,false
7162,"
Ν. Φατσέας",false,false,false,,false
7163,Γιώ. Κουλαξίζης,false,false,false,,false
7164,Ίωνας Νταϊφάς,false,false,false,,false
7165,Π. Ιωαννίδης ή Π. Οικονομίδης,false,false,false,,false
7166,Μαρία Μιράντα,false,false,false,,false
7167,Ratson Arcusa,false,false,false,,false
7168,Γιώ. Αθανασόπουλος,false,false,false,,false
7169,Δανιήλ Ψωμιάδης,false,false,false,,false
7170,Έλλη Σταυρουλιδάκη,false,false,false,,false
7171,Α(θηνά) Παγκαλάκη (Μάρκος,false,false,false,,false
7172,Τσανάκαλης,false,false,false,,false
7173,Αντ. Νίκας,false,false,false,,false
7174,Π. Κάλκου,false,false,false,,false
7175,"Λυκ. Μαρκέας, Γιώ. Λαζαρίδης",false,false,false,,false
7176,Boris Bergman,false,false,false,,false
7177,Θαν. Περιστεράκης,false,false,false,,false
7178,Δ. Βαβάτσικος,false,false,false,,false
7179,Ερρίκος Θαλασσινός,false,false,false,,false
7180,Για. Κοζαδίνος,false,false,false,,false
7181,Σ. Πιπεράκης,false,false,false,,false
7182,Σώζια Γάλαρη,false,false,false,,false
7183,R. Arnie - απόδοση στα ελλην.Σέβη Τηλιακού,false,false,false,,false
7184,Halzard,false,false,false,,false
7185,Χρ. Κουρμπουγιάννης,false,false,false,,false
7186,Χρ. Τσόγκας,false,false,false,,false
7187,Αντ. Τσίχλας ;,false,false,false,,false
7188,Μανουσιάδης,false,false,false,,false
7189,διασκευή Λάκης Τεάζης,false,false,false,,false
7190,Glifton Nivison,false,false,false,,false
7191,Λευτ. Χατζηκυριακιώτης,false,false,false,,false
7192,Χατζιδάκις - διασκευή στα Γαλλικά P. Delanoe,false,false,false,,false
7193,Χρ. Μπαμπάνης,false,false,false,,false
7194,Rodagile - απόδοση στα ελλην. Σέβη Τηλιακού,false,false,false,,false
7195,Βαγγ. Γκούφας,false,false,false,,false
7196,Χρ. Παπαγεωργίου,false,false,false,,false
7197,Γιώ. Οιοκονόμου,false,false,false,,false
7198,"Γιώ. Οικονομίδης, Ηλ. Λυμπερόπουλος",false,false,false,,false
7199,Γιά. Περίδας,false,false,false,,false
7200,Σταύρος Λογαρίδης,false,false,false,,false
7201,C. Loti. T. Martinez,false,false,false,,false
7202,Enrico Rianori - απόδοση στα ελλην. Ν. Ελληναίος,false,false,false,,false
7203,Lola Martin,false,false,false,,false
7204,M. Mandarino - απόδοση στα ελλην. Πωλ Μενεστρέλ,false,false,false,,false
7205,"Endrigo, Enriquez, O' Brien",false,false,false,,false
7206,De Facto,false,false,false,,false
7207,Στ. Κάβουρας,false,false,false,,false
7208,παραδοσιακό Ν. Ιταλίας - διασκευή Κ. Βόμβολος,false,false,false,,false
7209,Μάνος Μουντάκης,false,false,false,,false
7210,Παντ. Θαλασσινός,false,false,false,,false
7211,Μ. Winkler - απόδοση στα ελλην. Πωλ Μενεστρέλ,false,false,false,,false
7212,Παύλος Τάσιος,false,false,false,,false
7213,Δημ. Βλάχος,false,false,false,,false
7214,Αργ. Γιαμπουράνης,false,false,false,,false
7215,Μάριος Ουζούνης (ή Μαίρη Ουζούνη ;),false,false,false,,false
7216,Θαν. Παντελής,false,false,false,,false
7217,Ντον Σέφερ,false,false,false,,false
7218,Δ. Τσιγκαράτος,false,false,false,,false
7219,Χαρ. Μαργετουσάκης,false,false,false,,false
7220,J. Levine,false,false,false,,false
7221,Capuano,false,false,false,,false
7222,Gist,false,false,false,,false
7223,Δ. Φυρογένης,false,false,false,,false
7224,"Γ. Χατζόπουλος, Γιά. Συμεωνίδης",false,false,false,,false
7225,Δ. Μανησαλής,false,false,false,,false
7226,Σπ. Παπάς,false,false,false,,false
7227,"Παπαϊωάννου (Παπαϊωάννου, Σέμσης)",false,false,false,,false
7228,Λ. Τραφανάκης,false,false,false,,false
7229,Γιά. Τσεκούρας,false,false,false,,false
7230,Ν. Λάβδας,false,false,false,,false
7231,Mason - απόδοση στα ελλην. Ν. Μαστοράκης,false,false,false,,false
7232,Σαπιέντιας,false,false,false,,false
7233,Στρ. Διονυσίου,false,false,false,,false
7234,Αργ. Στασουλάκης,false,false,false,,false
7235,"Γιά. Βασιλόπουλος, Ευάγγ. Ατραΐδης",false,false,false,,false
7236,Γ. Σπαρίδης,false,false,false,,false
7237,Εμ. Αμπελιώτης,false,false,false,,false
7238,Στέλλα Βοσκοπούλου,false,false,false,,false
7239,Τ. Ferrer,false,false,false,,false
7240,Δημ. Μπουκουβάλας,false,false,false,,false
7241,Ανδρομάχη Τσιρώνη ;,false,false,false,,false
7242,Μιχ. Γιασεμίδης,false,false,false,,false
7243,Γιά. Καπλάνογλου,false,false,false,,false
7244,X. Λεμονόπουλος,false,false,false,,false
7245,Κ. Μπόνης,false,false,false,,false
7246,Π. Σταυρουλάκης,false,false,false,,false
7247,Β. Παμπουκίδης,false,false,false,,false
7248,Γ. Αλαντζάς,false,false,false,,false
7249,Κολοκοτρώνης (Μπ. Δαλιάνης ;),false,false,false,,false
7250,Οδ. Ιωάννου,false,false,false,,false
7251,Π. Ρουμελιώτης,false,false,false,,false
7252,Τσιτσάνης (Βίρβος),false,false,false,,false
7253,Erno Rapée,false,false,false,,false
7254,Δ. Βαρδουλάκης,false,false,false,,false
7255,Στάσα Στρούζα-Μαργαρίτη,false,false,false,,false
7256,Μάνος Κουφιανάκης,false,false,false,,false
7257,Κ. Ξενάκης,false,false,false,,false
7258,Χρυσοβέργης,false,false,false,,false
7259,Δημ. Σιμιιτσόπουλος,false,false,false,,false
7260,Ηλ. Πολύδωρος,false,false,false,,false
7261, Άννα Καραμπεσίνη,false,false,false,,false
7262,Ελ. Τσιμπίδου,false,false,false,,false
7263,"Τούντας (Παγιουμτζής, Νότα Καλλέλη)",false,false,false,,false
7264,Τώνης Φαρούγιας,false,false,false,,false
7265,J. Mandel,false,false,false,,false
7266,"Δ. Τρόβιας, Π. Πανάγος",false,false,false,,false
7267,Μ. Εμμανουήλ,false,false,false,,false
7268,Δημ. Αλεξάκης,false,false,false,,false
7269,Αχ. Μπαρούσης,false,false,false,,false
7270,Βασ. Μαρινάτος,false,false,false,,false
7271,E. Macias,false,false,false,,false
7272,Γιώ. Σακελλαρίδης,false,false,false,,false
7273,Ελπίδα Χρυσίνη,false,false,false,,false
7274,Τάσος Παναγής,false,false,false,,false
7275,-,false,false,false,,false
7276,Π. Ασημακόπουλος,false,false,false,,false
7277,Μαρ. Λαμπροπούλου,false,false,false,,false
7278,Γ. Μαμαλάκης,false,false,false,,false
7279,Μπουρνέλη,false,false,false,,false
7280,Ε. Μπαλλής,false,false,false,,false
7281,Σπ. Μπεκατώρος,false,false,false,,false
7282,Γ. Πετροπουλέας,false,false,false,,false
7283,Κορακάκης,false,false,false,,false
7284,Απόστ. Καραγκέλης,false,false,false,,false
7285,Ν. Γκραβενίτης,false,false,false,,false
7286,τούρκικο,false,false,false,,false
7287,Λ. Κοσμόπουλος,false,false,false,,false
7288,Κ. Καρίπης (Γιώ. Πετροπουλέας ;),false,false,false,,false
7289,Γιά. Βασιλόπουλος,false,false,false,,false
7290,Ζαχ. Χαρπίδης,false,false,false,,false
7291,Καραπατάκης (Κολοκοτρώνης),false,false,false,,false
7292,Πιπίτσα Οικονόμου,false,false,false,,false
7293,"Ηλ. Σούκας, Κ. Σούκας",false,false,false,,false
7294,Λ. Ρένης,false,false,false,,false
7295,"Γ. Ασημακόπουλος, Βασ. Σπυρόπουλος, Π. Παπαδούκας",false,false,false,,false
7296,"Drake, Adreu",false,false,false,,false
7297,Χρ. Κουρούδης,false,false,false,,false
7298,:Ντίνα Παπασταύρου,false,false,false,,false
7299,Χάρης Ανδρεάδης,false,false,false,,false
7300,=,false,false,false,,false
7301,Κ. Ναούμης,false,false,false,,false
7302,Γιά. Πλακάς,false,false,false,,false
7303,Καμμενίδης (Χ. Βασιλειάδης),false,false,false,,false
7304,Κ. Φερραίος,false,false,false,,false
7305,Κ. Ρούβελας,false,false,false,,false
7306,Κ. Κοσμίδης,false,false,false,,false
7307,Σιδηρόπουλος,false,false,false,,false
7308,Αλ. Τζέμος,false,false,false,,false
7309,Σπανός ή Χρ. Τσιαμούλης,false,false,false,,false
7310,Γιά. Ξανθούλης,false,false,false,,false
7311,Ε.. Μωραΐτη,false,false,false,,false
7312,"Παντ. Θαλασσινός, Γιά. Νικολάου",false,false,false,,false
7313,Εμμ. Παπαγεωργίου,false,false,false,,false
7314,"Russell, Jo (Michat)",false,false,false,,false
7315,Daniel Vanguarde,false,false,false,,false
7316,Κ. Ζήτης (Παπαγιαννοπούλου),false,false,false,,false
7317,Ατταλίδης (Βίρβος),false,false,false,,false
7318,Migliacci,false,false,false,,false
7319,Ηρ. Παπασιδέρη,false,false,false,,false
7320,Φωτ. Δούρου,false,false,false,,false
7321,Εμμ. Μπελιώτης,false,false,false,,false
7322,"Σπ. Κεφαλλόπουλος, Τ. Αγριανίτης",false,false,false,,false
7323,Κ. Σεγδίτσα,false,false,false,,false
7324,Κλουβάτος ;,false,false,false,,false
7325,Ελ. Καλοκαιρινού,false,false,false,,false
7326,Bigazzi,false,false,false,,false
7327,Χρόνης Χαλκιάς,false,false,false,,false
7328,Gerard Gustin,false,false,false,,false
7329,Τζίμης Μακούλης,false,false,false,,false
7330,Ν. Κεπενεκίδης,false,false,false,,false
7331,Χρ. Κουρουμπουγιάννης,false,false,false,,false
7332,Αγγελική Γρηγορακάκη,false,false,false,,false
7333,Γιώ. Τζαβέλας,false,false,false,,false
7334,Βασ. Μπατζής,false,false,false,,false
7335,Γιά. Ρεντούμης,false,false,false,,false
7336,Γιώ. Καρράς,false,false,false,,false
7337,Ν. Χάρος,false,false,false,,false
7338,Π. Σαληνός,false,false,false,,false
7339,Δερβενιώτης (Μουρκάκος),false,false,false,,false
7340,Βαγγ. Μαρκογιαννάκης,false,false,false,,false
7341,Γιώ. Θεοδοσιάδης (Ανδρ. Χατζηαποστόλου),false,false,false,,false
7342,Bob Barton - απόδοση στα ελλην. Ρόμπερτ Ουίλλιαμς,false,false,false,,false
7343,Χριστομόπουλος,false,false,false,,false
7344,Α. Μητσάκη (Μητσάκης),false,false,false,,false
7345,Θίασος Ελεύθερου Θεάτρου,false,false,false,,false
7346,Τασούλης Χαλόγλου,false,false,false,,false
7347,Α. Ρόκας,false,false,false,,false
7348,;;;-απόδοση στα ελλην. Γιά. Μαρίνος,false,false,false,,false
7349,Αναστ. Μουτσάτσου,false,false,false,,false
7350,Στέργιος Παπαποστόλου,false,false,false,,false
7351,Paolo Conte,false,false,false,,false
7352,Δ. Παπαρούπα,false,false,false,,false
7353,Fransois Villon - απόδοση στα ελλην. Γιώ. Καροπούλης,false,false,false,,false
7354,Στ. Λιαδάκης,false,false,false,,false
7355,Ελισ. Κολυβάνη,false,false,false,,false
7356,Τάκ. Σούκας,false,false,false,,false
7357,Χάρης Λύκος,false,false,false,,false
7358,Αλ. Καγιάντας,false,false,false,,false
7359,Κ. Σπάθουλας,false,false,false,,false
7360,Κ. Δηµητριάδης,false,false,false,,false
7361,Άλκης Νεράτζης,false,false,false,,false
7362,Δημ Σωφρονίου,false,false,false,,false
7363,Μ. Μαλλίδης,false,false,false,,false
7364,"P. Mieucens, S. Woods",false,false,false,,false
7365,Στέλιος Δούσης,false,false,false,,false
7366,Τ. Βαβάτσικος,false,false,false,,false
7367,Σωτ. Σακελλαρίου,false,false,false,,false
7368,Καζαντζίδης,false,false,false,,false
7369,Τζανής Ιγγλέσης,false,false,false,,false
7370,Δελιάς,false,false,false,,false
7371,S. Beldone,false,false,false,,false
7372,Ν. Καποδίστριας,false,false,false,,false
7373,Γιά. Κουτουβός,false,false,false,,false
7374,Π. Ντούρος,false,false,false,,false
7375,Αγριανίτης,false,false,false,,false
7376,Jerzy Petersburski - απόδοση στα ελλην. Ξενοφ. Αστεριάδης,false,false,false,,false
7377,Βίκτωρας Αλκαλάης (Γαβαλάς),false,false,false,,false
7378,Alice Maywood- απόδοση στα ελληνικά Φίλ. Νικολάου,false,false,false,,false
7379,Λεοντής,false,false,false,,false
7380,Δημ. Λέκκας,false,false,false,,false
7381,Ξυδάκης ή Αφρ. Μάνου,false,false,false,,false
7382,Γιώ. Παπασιδέρης,false,false,false,,false
7383,"Κραουνάκης, Νικολακοπούλου, Σταμ. Φασουλής",false,false,false,,false
7384,Χρ. Καραπαναγιώτης,false,false,false,,false
7385,Παρασκευή Πολίτου,false,false,false,,false
7386,"Σ. Βλαβιανός, Ρ. Κωνσταντίνος",false,false,false,,false
7387,Σαββόπουλος ή Μιχ. Νικολούδης,false,false,false,,false
7388,Χρυσαφένια Ευαγγελινίδου,false,false,false,,false
7389,Γ. Κονιτόπουλος,false,false,false,,false
7390,M. Luberty,false,false,false,,false
7391,"Κρέων Ρηγόπουλος, Μάνεσης",false,false,false,,false
7392,Γιά. Κακουλίδης,false,false,false,,false
7393,Κ. Τριπολίτης,false,false,false,,false
7394,Μιχ. Σταυρακάκης,false,false,false,,false
7395,παραδοσιακό τραγούδι του Ramazan Zyberi - απόδοση στα ελλην. Dasho Kurti,false,false,false,,false
7396,Σ. Παΐζης,false,false,false,,false
7397,Enrico Masias - απόδοση στα ελλην. Σάσα Μανέττα,false,false,false,,false
7398,Χ. Αλεξίου,false,false,false,,false
7399,Α. Πλακουδάκης,false,false,false,,false
7400,Τσιτσάνης (Γερ. Τσάκαλος ;),false,false,false,,false
7401,Franz Gruder,false,false,false,,false
7402,Φώτης Μητρόπουλος,false,false,false,,false
7403,Μαν. πασαλής,false,false,false,,false
7404,Αριστ. Καλτσίδης,false,false,false,,false
7405,Γιώ. Γεωργιάδης ή Γιά. Λογοθέτης ;,false,false,false,,false
7406,"Λένα Κιτσοπούλου, Ν. Κυπουργός",false,false,false,,false
7407,Ηρώ Φούσκα,false,false,false,,false
7408,Αλ. Πλατανιάς,false,false,false,,false
7409,S. Endrigo,false,false,false,,false
7410,Δυνάμεις του Αιγαίου,false,false,false,,false
7411,Ντ. Μαρκοπούλου,false,false,false,,false
7412,"Λεό Λέανδρος, Klaus Munro",false,false,false,,false
7413,Περ. Μαράτος,false,false,false,,false
7414,Πετσάς,false,false,false,,false
7415,Μ. Καμπάνης,false,false,false,,false
7416,Daniele Pace - απόδοση στα ελλην. Αθ. Τσόγκας,false,false,false,,false
7417,"Μαρία Πολυδούρη, Μιχ. Κουμπιός, Ν. Γεώργας",false,false,false,,false
7418,Αλ. Μπρίφας,false,false,false,,false
7419,Marilyn Bergman - απόδοση στα ελλην. Τάκης Καρνάτσος,false,false,false,,false
7420,Μιμή Καστερά,false,false,false,,false
7421,Σ. Χειμαριού,false,false,false,,false
7422,Τζων Τίκης,false,false,false,,false
7423,Χαψιάδης,false,false,false,,false
7424,Γ. Σκαγιάς,false,false,false,,false
7425,Αννούλα Βασιλείου (Αργ. Βαμβακάρης),false,false,false,,false
7426,Ανδρέας Πόγγης,false,false,false,,false
7427,Ellen Sipley,false,false,false,,false
7428,Αντ. Τσίχλας,false,false,false,,false
7429,Λίτσα Κώττα-Παπαφιλίππου,false,false,false,,false
7430,Τα. Σούκας,false,false,false,,false
7431,Ρέτη Ταμπακοπούλου,false,false,false,,false
7432,Σ. Νερατζόπουλος,false,false,false,,false
7433,παραδοσιακό - διασκευή Νάκος Ευσταθιάδης,false,false,false,,false
7434,Ά. Κακαλιάγκος,false,false,false,,false
7435,Π. Βελονιάς,false,false,false,,false
7436,Τ. Κωλέτης,false,false,false,,false
7437,S. Sampaio - απόδοση στα ελλην. Κ. Τουρνάς,false,false,false,,false
7438,Μιχ. Γκιουζέλ,false,false,false,,false
7439,Μαρία Παπαδοπούλου,false,false,false,,false
7440,Αντ. Σούμαλης,false,false,false,,false
7441,Εύα Παπαγεωργίου,false,false,false,,false
7442,Σπ. Γιαννούλης,false,false,false,,false
7443,Ν. Μπουγετσάς,false,false,false,,false
7444,Ντάριο Φο - απόδοση στα ελλην. Κωστής Σκαλιόρας,false,false,false,,false
7445,Αγγελική Νικολοπούλου,false,false,false,,false
7446,Πυθαγόρας Παπασταματίου,false,false,false,,false
7447,Σταύρος Μπούμας,false,false,false,,false
7448,Δ. Αλεξίου,false,false,false,,false
7449,Ν. Κανάκη,false,false,false,,false
7450,"Mario Panzeri, Dantele",false,false,false,,false
7451,Norman Gold,false,false,false,,false
7452,Ε. Μαρκογιαννάκης,false,false,false,,false
7453,Otto Stansky,false,false,false,,false
7454,Νικηφ. Καραγιάννης,false,false,false,,false
7455,Μιχ. Χαλκιάς,false,false,false,,false
7456,Alguero - απόδοση στα ελλην. Ν. Μαστοράκης,false,false,false,,false
7457,Αττίκ (Κ. Τριανταφύλλου),false,false,false,,false
7458,K. Higgins,false,false,false,,false
7459,Τασούλα Παπαβασιλείου,false,false,false,,false
7460,Ζοζέφ Δαλέζιος,false,false,false,,false
7461,Αφρ. Μάνου,false,false,false,,false
7462,Havi Calero,false,false,false,,false
7463,"Randy Bachman, Garry Peterson, Burton Cummings, Jim Kale",false,false,false,,false
7464,Νίκος Καλλίτσης,false,false,false,,false
7465,διασκευή Γιώ. Ξενόπουλος,false,false,false,,false
7466,Μιλτιάδης Ντήτορας,false,false,false,,false
7467,Αφοί Κωστόπουλοι,false,false,false,,false
7468,Τ. Μαρίνος,false,false,false,,false
7469,Θ. Κομτζιάς,false,false,false,,false
7470,Alain Barriere,false,false,false,,false
7471,Μικαέλλο,false,false,false,,false
7472,Claroni,false,false,false,,false
7473,Ε. Καβακόπουλου,false,false,false,,false
7474,Amurri,false,false,false,,false
7475,Γιά. Πετροπουλάκης,false,false,false,,false
7476,Αντρέας Κομπόσης,false,false,false,,false
7477,Μπαγιαντέρας,false,false,false,,false
7478,Σ. Μπόκολος,false,false,false,,false
7479,Εύη Ρουμελιώτη,false,false,false,,false
7480,Κ. Φέρρης,false,false,false,,false
7481,Leo Luzio,false,false,false,,false
7482,Πρετεντέρης,false,false,false,,false
7483,Σπ. Πολυκανδριώτης,false,false,false,,false
7484,Μιχ. Κατσαρός,false,false,false,,false
7485,"Rossi, Belfiore",false,false,false,,false
7486,"Ι. Βέλλας, Ζ. Ιακωβίδης",false,false,false,,false
7487,τούρκικο - διασκευή: Δημ. Ζμπέκος,false,false,false,,false
7488,Κλειώ Ανδριακόπουλου,false,false,false,,false
7489,B. kaye,false,false,false,,false
7490,Τ. Μωράκης,false,false,false,,false
7491,E. Marnoy,false,false,false,,false
7492,Β. Τσερέλης,false,false,false,,false
7493,Τ. Ρήττου,false,false,false,,false
7494,Εύη Ρουμελιώτου,false,false,false,,false
7495,"Γιά. Συλανταβός, Νέστ. Μάτσας",false,false,false,,false
7496,Ochaita Valerio Solano,false,false,false,,false
7497,Λαϊκό Γερμανικό τραγούδι - διασκευή Κηλαηδόνης,false,false,false,,false
7498,Μωυσή Κοϊνόγλου,false,false,false,,false
7499,Χρ. Στίππας,false,false,false,,false
7500,"Βασ. Σπυρόπουλος, Πάν. Παπαδούκας",false,false,false,,false
7501, Κοφινιώτης,false,false,false,,false
7502,Ι. Ζαφειρόπουλος,false,false,false,,false
7503,Ερρ. Θαλασσινός,false,false,false,,false
7504,Κυριακή Γεωργιάδου,false,false,false,,false
7505,Δ. Μαγνήσαλης,false,false,false,,false
7506,Στ. Μιχαλόπουλος (Σουγιούλ),false,false,false,,false
7507,Β. Φωτεινάκης,false,false,false,,false
7508,Ευάγγ. Πλωμαρίτης,false,false,false,,false
7509,Κ. Πρετενέρης,false,false,false,,false
7510,Μαν. Πασσαλής,false,false,false,,false
7511,Καζαντζίδης (Στέλ. Κορσαβίδης),false,false,false,,false
7512,Κ. Μακρής (Λουκάς Στρογγυλός),false,false,false,,false
7513,Φιλίτσα Δήμου,false,false,false,,false
7514,Μιχ. Γκάνας,false,false,false,,false
7515,M. Mandarino,false,false,false,,false
7516,Ι. Φασουλάκης,false,false,false,,false
7517,διασκευή Μαρίζα Κωχ,false,false,false,,false
7518,Lucio Quarantotto - απόδοση στα ελλην. Οδυσ. Ιωάννου,false,false,false,,false
7519,Ρόμπερτ Ουίλιαμς,false,false,false,,false
7520,Τάσ. Νεράτζης,false,false,false,,false
7521,Hammond Hazlewood,false,false,false,,false
7522,Βασ. Σπηλιόπουλος,false,false,false,,false
7523,Οδ. Ανδρούτσος,false,false,false,,false
7524,Π. Καρρέρ,false,false,false,,false
7525,Ευανθία Ρεμπούτσικα,false,false,false,,false
7526,Κική Συριοπούλου,false,false,false,,false
7527,Κ. Σωτ. Γιαννακάκης,false,false,false,,false
7528,Μαρία-Αλεξάνδρα,false,false,false,,false
7529,C. Concina - απόδοση στα ελλην. Ι. Φερμάνογλου,false,false,false,,false
7530,Γ. Δασκαλόπουλος,false,false,false,,false
7531,Λεό Λέανδρος,false,false,false,,false
7532,Αθαν. Μάγκας,false,false,false,,false
7533,Γ. Περπινιάδης,false,false,false,,false
7534,Γιαννάκης Παπαϊωάννου,false,false,false,,false
7535,Σπ. Λιόσης,false,false,false,,false
7536,D'angelis,false,false,false,,false
7537,Κ. Σεϊτανίδης,false,false,false,,false
7538,"Ι. Βέλλας, Λυκιαρδόπουλος",false,false,false,,false
7539,Κ. Ανδρής,false,false,false,,false
7540,Demaiziere - απόδοση στα ελλην. Σέβη Τηλιακού,false,false,false,,false
7541,Σιδέρης Αντωνίου,false,false,false,,false
7542,Στ. Νείρος,false,false,false,,false
7543,Κ. Καρτελιάς,false,false,false,,false
7544,"Gabriel Romero - απόδοση στα ελλην. Κ. Παπαδόπουλος, Daniel Armando",false,false,false,,false
7545,Farley-Riley,false,false,false,,false
7546,Σ. Τηλιακού,false,false,false,,false
7547,Πάν. Ιωαννίδης,false,false,false,,false
7548,Γιώ. Αρβανιτάκης,false,false,false,,false
7549,Γεωργούλης Παπαδόπουλος,false,false,false,,false
7550,Σ. Γιαννούλης,false,false,false,,false
7551,John Farrar  - απόδοση στα ελλην. Κυρ. Ντούμος,false,false,false,,false
7552,παραδοσιακο,false,false,false,,false
7553,Er. Sciorilli,false,false,false,,false
7554,Φ. Μηλιώνης,false,false,false,,false
7555,Ηλ. Κρίνης,false,false,false,,false
7556,J. Mostazo - απόδοση στα ελλην. Μ. Τραϊφόρος,false,false,false,,false
7557,Ν. Τζονιχάκης,false,false,false,,false
7558,Μάτσας,false,false,false,,false
7559,Γιά. Καλπούζος,false,false,false,,false
7560,Ν. Ζαχαρίας,false,false,false,,false
7561,Σπανός ;,false,false,false,,false
7562,Κ. Λ. Ντόντης,false,false,false,,false
7563,Π. Γλυκοφρύδης,false,false,false,,false
7564,Γιώ. Μαλλίδης,false,false,false,,false
7565,Τσαουσάκης (Θόδ. Πολυκανδριώτης ;),false,false,false,,false
7566,"Losito, Toto Cutugno - απόδοση στα ελλην. Πυθαγόρας",false,false,false,,false
7567,Κ. Φιλίππου-Καρακώστας,false,false,false,,false
7568,"Mogol, A. Marl - απόδοση στα ελλην. Σέβη Τηλιακού",false,false,false,,false
7569,Χαρ. Πιπεράκης,false,false,false,,false
7570,Έλλη Παιονίδου,false,false,false,,false
7571,Χ. Μαυρομάτης,false,false,false,,false
7572,"Eduardo di Capua, Emanuele Alfredo Mazzucchi",false,false,false,,false
7573,Chris Thompson,false,false,false,,false
7574,"Klaus Munro, Λεό Λέανδρος",false,false,false,,false
7575,Κριμιζάκης,false,false,false,,false
7576,Αντ. Μαύρος ή Καρανικόλας ;,false,false,false,,false
7577,Αντ. Κατινάρης,false,false,false,,false
7578,Ν. κερασιώτης,false,false,false,,false
7579,Γ. Μποζαλίδης,false,false,false,,false
7580,Κασσιανή (Αννίτα Κουτσουβέλη),false,false,false,,false
7581,"Ν. Μάτσας, Γ. Συλλαντάβος",false,false,false,,false
7582,Σάννυ Μπαλτζή,false,false,false,,false
7583,Σ. Φλωράτος,false,false,false,,false
7584,Φ. Κουρίδης,false,false,false,,false
7585,Ν. Αντύπας,false,false,false,,false
7586,Π. Θεοφίλου,false,false,false,,false
7587,"Γαβαλάς (Τάσος Κουλούρης, Βίρβος)",false,false,false,,false
7588,Δημ. Μέγας,false,false,false,,false
7589,Κ. Βουρλιωτάκης,false,false,false,,false
7590,Andre Astior,false,false,false,,false
7591,Pintus R. Musumarra,false,false,false,,false
7592,Ρένα Καζάκου,false,false,false,,false
7593,J. Plante,false,false,false,,false
7594,Δερβενιώτης (Σπ. Μήλιος ;),false,false,false,,false
7595,Βασ. Κατσαντώνης,false,false,false,,false
7596,J. Lenon,false,false,false,,false
7597,Στέλ. Ιωαννίδης,false,false,false,,false
7598,Σάσα Μανέτα,false,false,false,,false
7599,Πολυχρόνης Χαλκιάς,false,false,false,,false
7600,Φίλ. Μελάς,false,false,false,,false
7601,Μαν. Καλομοίρης,false,false,false,,false
7602,Ηλ. Μπάσιος,false,false,false,,false
7603,Νίκ Μουρκάκος,false,false,false,,false
7604,Φ. Σμυρναίος,false,false,false,,false
7605,Carr,false,false,false,,false
7606,Πολ Γιαννίμπας,false,false,false,,false
7607,διασκευή Δήμος Χολέβας,false,false,false,,false
7608,"Mogol, A. Marl",false,false,false,,false
7609,Παν. Μαυρόπουλος,false,false,false,,false
7610,Γ. Βοντογεώργης,false,false,false,,false
7611,Σ. Λαδάς,false,false,false,,false
7612,Παύλος Μπεκάρης,false,false,false,,false
7613,Καρυωτάκης,false,false,false,,false
7614,Γιώ. Γιατράς,false,false,false,,false
7615,De Mario,false,false,false,,false
7616,Γιώ. Κοντομάρης,false,false,false,,false
7617,Νινή Ζαχά ;,false,false,false,,false
7618,"Χρυσίνης, Σταύρος Παντελίδης",false,false,false,,false
7619,Κηλαηδόνης (Δημ. Ιατρόπουλος),false,false,false,,false
7620,Ζαχ. Παπαντωνίου,false,false,false,,false
7621,Ν. Πλάτανος,false,false,false,,false
7622,"Μπαρμπεράκης, Μ. Καράβολα",false,false,false,,false
7623,Κ. Κανναβός,false,false,false,,false
7624,"Δημ. Πολίτης, Γιώ. Μπούρας",false,false,false,,false
7625,Γιώ. Παπαγιαννόπουλος,false,false,false,,false
7626,"Λυκ. Μαρκέας, Θάνος Σοφός",false,false,false,,false
7627,Β. Χαρίσης,false,false,false,,false
7628,Αντ. Τζιρίμης,false,false,false,,false
7629,Τ. Σουμαλεύρης,false,false,false,,false
7630,"Argenio, Conti",false,false,false,,false
7631,Χ. Μπουρνάκας,false,false,false,,false
7632,Κ. Καπετάνιος,false,false,false,,false
7633,"Σπ. Βλασσόπουλος, Λήδα Χαλκιαδάκη",false,false,false,,false
7634,Κ. Βουγιουκλάκης,false,false,false,,false
7635,Β. Κατσώνης,false,false,false,,false
7636,Ηλ. Αχλαδιώτης,false,false,false,,false
7637,Σταμάτης Χατζηδάκης,false,false,false,,false
7638,Καραμπεσίνης (Μουρκάκος ;),false,false,false,,false
7639,Γλυκ. Χασάπη,false,false,false,,false
7640,Ε. Παρίσης,false,false,false,,false
7641,Γιώ. Δερέμπεης (Μάρκος ;),false,false,false,,false
7642,Χάρης Πατρινός (Κ. Θεοδωρόπουλος),false,false,false,,false
7643,Ν. Κουσαθανάς,false,false,false,,false
7644,Καλδάρας (Βίρβος ;),false,false,false,,false
7645,Γ. Μαυρανεζούλης,false,false,false,,false
7646,"Γιά. Αγγελάκας, Γιώ. Καρράς",false,false,false,,false
7647,παραδοσιακό νέγρικο spiritual,false,false,false,,false
7648,Κίτρινα Ποδήλατα,false,false,false,,false
7649,Σοφία Πολίτου,false,false,false,,false
7650,Κερομύτης,false,false,false,,false
7651,Ρένα Ντάλια,false,false,false,,false
7652,Γιά. Σκρίνης,false,false,false,,false
7653,Σαπφώ - απόδοση Σωτ. Κακίσης,false,false,false,,false
7654,L. Page,false,false,false,,false
7655,Ι. Βασιλόπουλος,false,false,false,,false
7656,Τζουανάκος (Μάθεσης),false,false,false,,false
7657,Σ. Κοντάκας,false,false,false,,false
7658,Γ. Παπασιδέρης,false,false,false,,false
7659,Λουκ. Χατζής,false,false,false,,false
7660,Guiljarro,false,false,false,,false
7661,"Αντ. Βενιέρης, Τζένη Σταυρίδου",false,false,false,,false
7662,Ηλ. Λιούγκος,false,false,false,,false
7663,Αντ. Μαύρος,false,false,false,,false
7664,Γ. Στρογγυλός,false,false,false,,false
7665,"Στέλ. Βλαβιανός, Χάρης Χαλκίτης",false,false,false,,false
7666,Λόλα Βόττη,false,false,false,,false
7667,Γιώ. Αναστασιάδης,false,false,false,,false
7668,Nakis Karr,false,false,false,,false
7669,Δ. Βεργονής,false,false,false,,false
7670,Τσόρος ;,false,false,false,,false
7671,Ι. Πολίτης,false,false,false,,false
7672,Ισπανοεβραϊκό - απόδοση στα ελλην. Λ. Παπαδόπουλος,false,false,false,,false
7673,διασκευή-Μπουρνέλης,false,false,false,,false
7674,Καλφόπουλος (Αθ. Τσόγκας ;),false,false,false,,false
7675,D. Gerard - απόδοση στα ελλην. Ν. Κύτταρης,false,false,false,,false
7676,Κ. Πείδης,false,false,false,,false
7677,Αθαν. Ντάφος,false,false,false,,false
7678,Αντ. Σουφατζής,false,false,false,,false
7679,Λ. Κόκοτος,false,false,false,,false
7680,Τ. Παπασταμάτης,false,false,false,,false
7681,Διον. Τζεφρώνης ή Τάσος Πετρής ;,false,false,false,,false
7682,Κ. Καμποτσέλι,false,false,false,,false
7683,Ant. Guijarro,false,false,false,,false
7684,J. V. Torrealba,false,false,false,,false
7685,"Y. Heuze, Β. Λέανδρος",false,false,false,,false
7686,Claude Lemesle,false,false,false,,false
7687,Γιώ. Νεοφώτης (Παπαγιαννοπούλου),false,false,false,,false
7688,"Βαγγ. Μαρκαντώνης, Γιώ. Βασιλάτος",false,false,false,,false
7689,Ντ. Μαρκοπούλου (Πάριος),false,false,false,,false
7690,"Μιχ. Ψωμάς, Στέφ. Ψωμάς",false,false,false,,false
7691,Θαν. Κυριακίδης,false,false,false,,false
7692,"01) Δ-749 (με τους Μωρά στη Φωτιά-Στέλιος Σαλβαδόρ, 1987)",false,false,false,,false
7693,"Γιά. Εσταθίου, Γιώ. Γκικοδήμας",false,false,false,,false
7694,Ν. Λάττας,false,false,false,,false
7695,Μ. Χανδρίτης,false,false,false,,false
7696,Μυρτώ Κοντοβά ή Νικολακοπούλου,false,false,false,,false
7697,Δημ. Παπαδημητρίου,false,false,false,,false
7698,Λάζαρος Μπίκας,false,false,false,,false
7699,Χαρ. Μιχαλόπουλος (ή Xαρ. Μιχαλοπούλου ;),false,false,false,,false
7700,Φώτης Στασουλάκης,false,false,false,,false
7701,Ν. Πάγκας,false,false,false,,false
7702,Χρ. Χολίδης,false,false,false,,false
7703,Τ. Χάρμας,false,false,false,,false
7704,Σ. Ιωαννίδης,false,false,false,,false
7705,"Νταλγκάς, Μηνάς Πορτοκάλλης",false,false,false,,false
7706,Δ. Σαντοριναίος,false,false,false,,false
7707,Παντ. Γιαλελής,false,false,false,,false
7708,"Βαγγ. Κονιτόπουλος, Θ. Περιστεράκης",false,false,false,,false
7709,Lopez,false,false,false,,false
7710,B. Bergman,false,false,false,,false
7711,Ν. Στάθμας,false,false,false,,false
7712,Τάσος Λειβαδίτης,false,false,false,,false
7713,D. Vangarde,false,false,false,,false
7714,Λάκης Σκούταρης,false,false,false,,false
7715,Ι. Σπάρτακος,false,false,false,,false
7716,Παν. Χρυσίνης,false,false,false,,false
7717,Consuelo Donato,false,false,false,,false
7718,M. Alejandro,false,false,false,,false
7719,Π. Βαρδουλάκης,false,false,false,,false
7720,Μ. Μεταξάς,false,false,false,,false
7721,Freeman,false,false,false,,false
7722,Χάρης Καλούδης,false,false,false,,false
7723,Δ. Βαγουρδής,false,false,false,,false
7724,Παν. Κόντης,false,false,false,,false
7725,"Γ. Χάσπαρης, Γιά. Ντούνας",false,false,false,,false
7726,Γιώ. Οικονομέας,false,false,false,,false
7727,"Γ. Κορολόγος, Β. Σιδέρης",false,false,false,,false
7728,Ζήσης Γουδάκης,false,false,false,,false
7729,Ν. Γούναρης,false,false,false,,false
7730,Ν. Κόκκινος,false,false,false,,false
7731,Π. Μαυρουλίδης,false,false,false,,false
7732,Ν. Κονιτόπουλος,false,false,false,,false
7733,παραδοσιακό Καρπάθου - απόδοση στα ελλην. Λουδοβίκος,false,false,false,,false
7734,Ά. Λυμούρης,false,false,false,,false
7735,Δ. Γεροντάκης,false,false,false,,false
7736,Ι. Εμυριώτης,false,false,false,,false
7737,Γιά. Γράψας,false,false,false,,false
7738,Ευάγγ. Γιγουρτάκης,false,false,false,,false
7739,Ευάγγ. Σοκορέλης,false,false,false,,false
7740,Μαίρη Λω,false,false,false,,false
7741,Νίκος Ρέλλιας,false,false,false,,false
7742,Σπανουδάκης,false,false,false,,false
7743,Μάριος Παγίδας,false,false,false,,false
7744,Στ. Βαμβακάρης,false,false,false,,false
7745,Ι. lωαννίδης,false,false,false,,false
7746,Μάρ. Σπυρλιδάκη / Τάσου Ρετζή,false,false,false,,false
7747,D. Flett - απόδοση στα ελλην. Σέβη Τηλιακού,false,false,false,,false
7748,Harry Warren - απόδοση στα ελλην. Ρένα Κουβαρά,false,false,false,,false
7749,G. Logiri - απόδοση στα ελλην. Ν. Ελληναίος,false,false,false,,false
7750,"Nick Raftis, Bob Vitulli",false,false,false,,false
7751,Μπέτυ Πουλοπούλου,false,false,false,,false
7752,Ν. Δουλάμης,false,false,false,,false
7753,Μιχ. Ροδίτης,false,false,false,,false
7754,Παρασκευάς Καρασούλος,false,false,false,,false
7755,Στ. Δαμασκόπουλος,false,false,false,,false
7756,"Ι. Τζουανόπουλος, Μιχ. Ρακιντζής",false,false,false,,false
7757,Λοΐζος και Μπακαλάκος,false,false,false,,false
7758,Δ. Πακουλιέρης,false,false,false,,false
7759,Δ. Μπουκουβάλας,false,false,false,,false
7760,Γιά. Καλαϊτζής,false,false,false,,false
7761,P. MacCartney - διασκευή Δημ. Ιατρόπουλος,false,false,false,,false
7762,"Τάσος Μαστοράκης, Κ. Δ. Νικολαΐδης",false,false,false,,false
7763,Σαρ. Κοτομμάτης,false,false,false,,false
7764,Ν. Στασινόπουλος,false,false,false,,false
7765,Ριτσιάρδης,false,false,false,,false
7766,Θεοδωράκης ή Άρης Καπετανάκης,false,false,false,,false
7767,Τζουανάκος (Κοφινιώτης ;),false,false,false,,false
7768,Μ. Πολυδούρη,false,false,false,,false
7769,Γιώ. Ρούσσος,false,false,false,,false
7770,Λ. Παπαδόπουλος,false,false,false,,false
7771,Taylor,false,false,false,,false
7772,Σ. Μίνωας,false,false,false,,false
7773,Σ. Σιαπκάρας,false,false,false,,false
7774,"P. Dalanoe, C. Lemecle - απόδοση στα ελλην. Φίλ. Νικολάου",false,false,false,,false
7775,Σταύρος Καντηλιεράκης,false,false,false,,false
7776,Δημ. Κεσίσογλου,false,false,false,,false
7777,Λ. Ρούλιας,false,false,false,,false
7778,Κ. Διαμάντης,false,false,false,,false
7779,Ρ. Ουίλλιαμς,false,false,false,,false
7780,Κ. Μπάος,false,false,false,,false
7781,Ν. Κερασιώτης,false,false,false,,false
7782,Μελίνα Αδαμοπούλου,false,false,false,,false
7783,Ιωάν. Κιούσης,false,false,false,,false
7784,"Χρυσίνης, Κ. Πολίτης",false,false,false,,false
7785,Μαρ. Μορφόπουλος,false,false,false,,false
7786,Γιώ. Δημάκης,false,false,false,,false
7787,Όλγα Καββαδία,false,false,false,,false
7788,Μαρία Νικολάου,false,false,false,,false
7789,Μαρία Κακαβογιάννη,false,false,false,,false
7790,Giraud - απόδοση στα ελλην. Σέβη Τηλιακού,false,false,false,,false
7791,Ν. Αράχωβας,false,false,false,,false
7792,Σωτ. Νιζάμης,false,false,false,,false
7793,Ν. Μίλης,false,false,false,,false
7794,Γέρος της Λιβαδειάς,false,false,false,,false
7795,Edilda - απόδοση στα ελλην. Πυθαγόρας,false,false,false,,false
7796,Φώτης Πούλος,false,false,false,,false
7797,Hawkes - απόδοση στα ελλην. Αθ. Τσόγκας,false,false,false,,false
7798,Κ. Λώλος,false,false,false,,false
7799,Κώστας Μελίδης,false,false,false,,false
7800,J. Byrne,false,false,false,,false
7801,Μαρκ Φράντις,false,false,false,,false
7802,Χ. Πάτσης,false,false,false,,false
7803,Δασκαλόπουλος,false,false,false,,false
7804,Τ. Αλεξάνδρου,false,false,false,,false
7805,Μπέλλου,false,false,false,,false
7806,Μ. Κοντογιώργος,false,false,false,,false
7807,Μαν. Χρυσαφάκης,false,false,false,,false
7808,Χάρης Παπαδόπουλος,false,false,false,,false
7809,Alberto Testa,false,false,false,,false
7810,Ν. Κωνσταντίνου,false,false,false,,false
7811,Serge Lamma - ελληνικοί στίχοι: Σόφη Παππά,false,false,false,,false
7812,Ιωσήφ Σαρασίδης,false,false,false,,false
7813,"Ν. Κατσάλας, Α. Κουρμούζης",false,false,false,,false
7814,P. Mistaki,false,false,false,,false
7815,"Enriquez, Zamprini",false,false,false,,false
7816,Γ. Ζαφείρης,false,false,false,,false
7817,Αντ. Αμιράλης,false,false,false,,false
7818,Γ. Εμμανουηλίδης,false,false,false,,false
7819,Χρ. Προμοίρας,false,false,false,,false
7820,Μιχ. Καρράς,false,false,false,,false
7821,Αυγούλα Τομπούλη,false,false,false,,false
7822,Κ. Σκαρβέλης,false,false,false,,false
7823,Μ. Μερκούρη,false,false,false,,false
7824,παραδοσιακό Απειράνθου Νάξου - διασκευή Ν. Οικονομίδης,false,false,false,,false
7825,Αριστοφάνης - απόδοση στα ελλην. Ιάκ. Καμπανέλλης,false,false,false,,false
7826,Μιχ. Δασκαλάκης,false,false,false,,false
7827,Σταύρος Μπότσιος,false,false,false,,false
7828,Τάσος Γκρούς,false,false,false,,false
7829,Ντίνα Μαρκοπούλου,false,false,false,,false
7830,Ι. Παναγιωτάκης,false,false,false,,false
7831,Φ. Δάρας,false,false,false,,false
7832,Ν. Σταχτέας,false,false,false,,false
7833,Λ. Γλουφτσής,false,false,false,,false
7834,Μ. Νάκος,false,false,false,,false
7835,παραδοσιακό Κυπριακό,false,false,false,,false
7836,Μ. Κυριακού,false,false,false,,false
7837,Σοφία Σακελλαρίου,false,false,false,,false
7838,"J. Marty, J. M. Rivat",false,false,false,,false
7839,"G. Cudsi, L. Ravel
GINO",false,false,false,,false
7840,Κ. Ντούβρας,false,false,false,,false
7841,Χριστ. Μαραγκόζη,false,false,false,,false
7842,Corter - απόδοση στα ελλην. Αθ. Τσόγκας,false,false,false,,false
7843,Α. Βασιελιάδου,false,false,false,,false
7844,Σ. Σκούρτης,false,false,false,,false
7845,Σ. Νικολαΐδης,false,false,false,,false
7846,R. Vaplus,false,false,false,,false
7847,Ν. Σώρος,false,false,false,,false
7848,Nino Ferrer,false,false,false,,false
7849,Β. Ακριτίδης,false,false,false,,false
7850,Γ. Κεχαγιάς,false,false,false,,false
7851,διασκευή Θαν. Τσόγκας,false,false,false,,false
7852,Β. Καπαγιωρίδης,false,false,false,,false
7853,Λεωνίδας Καλαθάς,false,false,false,,false
7854,Β. Τραχανάκης,false,false,false,,false
7855,Χιώτης (Γιώ. Γιαννακόπουλος),false,false,false,,false
7856,Π. Χαραλαμπίδης,false,false,false,,false
7857,Τσιτσάνης (Παπαγιαννοπούλου ;),false,false,false,,false
7858,Ελεύθερη απόδοση Χ. & Π. Κατσιμίχας,false,false,false,,false
7859,Ι. Κωνσταντινίδης,false,false,false,,false
7860,Γιά. Βαρνάβας,false,false,false,,false
7861,Ζωή Μιχαηλίδου,false,false,false,,false
7862,Περπινιάδης (Μουρκάκος),false,false,false,,false
7863,Δημ. Λεωντάρης,false,false,false,,false
7864,"Δαλέζιος, Αννούλα Βασιλείου",false,false,false,,false
7865,Κ. Βέλλας,false,false,false,,false
7866,Κόκοτος,false,false,false,,false
7867,Chahine,false,false,false,,false
7868,Θαν. Μπουρλιάσκος,false,false,false,,false
7869,A. Karlan,false,false,false,,false
7870,Σαράντης Κασσάρας ή Γιώ. Σφυρίδης,false,false,false,,false
7871,Γιά. Γεροντάκης,false,false,false,,false
7872,Γιά. Ίκαρος,false,false,false,,false
7873,Παναγιώτα (;) Βασιλοπούλου,false,false,false,,false
7874,Δημ. Τσαχιρίδης,false,false,false,,false
7875,Μάρκος Ντουβής,false,false,false,,false
7876,Ευτ. Παπαδοπούλου,false,false,false,,false
7877,Μεϊμάρης ;,false,false,false,,false
7878,Γιώ. Μπούρας ;,false,false,false,,false
7879,Marcos Himeinez,false,false,false,,false
7880,Κ. Γανωτής,false,false,false,,false
7881,Άννα Γκαλ,false,false,false,,false
7882,Πάν. Βασιλόπουλος,false,false,false,,false
7883,"Μ. Τραϊφόρος, Γιωρ. Γιαννακόπουλος",false,false,false,,false
7884,Α. Καράμπελας,false,false,false,,false
7885,Νάκ. Πετρίδης,false,false,false,,false
7886,Άσιμος,false,false,false,,false
7887,Μ. Jerome,false,false,false,,false
7888,José Luis Perales - απόδοση στα ελλην. Πυθαγόρας,false,false,false,,false
7889,Γιώ. Μητρόπουλος,false,false,false,,false
7890,Μ. Αρχοντίδης,false,false,false,,false
7891,Γ. Μυρογιάννης,false,false,false,,false
7892,Σταύρος Γεωργίου,false,false,false,,false
7893,Μπάμπης Στόκας,false,false,false,,false
7894,Μ. Αλιφεροπούλου (Μαρία Αλιφέρη),false,false,false,,false
7895,Γ. Καραμούτζος,false,false,false,,false
7896,Παπαϊωάννου (Μάνεσης ή Παπαγιαννοπούλου),false,false,false,,false
7897,Γιώ. Λεβεντογιάννης,false,false,false,,false
7898,Joe Heyne - απόδοση στα ελλην. Κοφινιώτης,false,false,false,,false
7899,Θ. Λώλος,false,false,false,,false
7900,Γιώ. Παπαστεφάνου,false,false,false,,false
7901,Ε. Ρούσσος,false,false,false,,false
7902,Ιωάν. Δραγάτσης,false,false,false,,false
7903,Γ. Μάρκου,false,false,false,,false
7904,Κονιτόπουλος,false,false,false,,false
7905,Lucchesi Roger,false,false,false,,false
7906,Γ. Σακελλαρίδης,false,false,false,,false
7907,Mostazo,false,false,false,,false
7908,Βίκτωρας Αλκαλάης (Χ. Βασιλειάδης),false,false,false,,false
7909,Κ. Τσιρώνης,false,false,false,,false
7910,Γιώ. Κοτσώνης,false,false,false,,false
7911,Κυρ. Σφέτσας,false,false,false,,false
7912,Ι. Ριτσιάρδης,false,false,false,,false
7913,Γ. Πιάς,false,false,false,,false
7914,Β. Τσουβαράς,false,false,false,,false
7915,Π. Νικολαΐδης,false,false,false,,false
7916,Αντ. Ανδρικάκης,false,false,false,,false
7917,Θαν. Τσάμπρα,false,false,false,,false
7918,Γιώ. Φωτιάδης,false,false,false,,false
7919,Ελ. Πολίτη,false,false,false,,false
7920,διασκευή Σπ. Κορώνης,false,false,false,,false
7921,Γιά. Κιούσης,false,false,false,,false
7922,Τέρης,false,false,false,,false
7923,Ναπολέων Λαμπελέτ,false,false,false,,false
7924,Ηλ. Μπάσσιος,false,false,false,,false
7925,Απ. Αλεξάκης,false,false,false,,false
7926,Γιώ. Κορδέλλας,false,false,false,,false
7927,"Α. Σφακιανάκης, Χ. Ζέρβας, Γιά. Εμμανουηλίδης",false,false,false,,false
7928,Α. Αργυρός,false,false,false,,false
7929,M. Jobe,false,false,false,,false
7930,Αποστ. Τριανταφύλλου,false,false,false,,false
7931,Μάρω Σβίγγου,false,false,false,,false
7932,B. Zazem,false,false,false,,false
7933,Μάκης Θεοδωρόπουλος,false,false,false,,false
7934,Θάν. Σοφός (Κατινάρης),false,false,false,,false
7935,Γ. Νείρος,false,false,false,,false
7936,Α. Αράπης,false,false,false,,false
7937,Γιώ. Σφακιανάκης,false,false,false,,false
7938,Θοδ. Γκόνης,false,false,false,,false
7939,Ν. Βλησσίδης,false,false,false,,false
7940,Κ. Σιμόπουλος,false,false,false,,false
7941,Λάκης Τεάζης,false,false,false,,false
7942,Αγνή Χατζηκοτάκη,false,false,false,,false
7943,Α. Αργυρόπουλος,false,false,false,,false
7944,Κρητικάκης,false,false,false,,false
7945,Ορφέας Καρραβίας,false,false,false,,false
7946,D. Heiword,false,false,false,,false
7947,Σπ. Παΐζης,false,false,false,,false
7948,Κ. Σούκας ;,false,false,false,,false
7949,Γερ. Φρεν,false,false,false,,false
7950,Μαρί Μωραΐτη,false,false,false,,false
7951,"Πέτρος Κυριακός, Μίμης Τραϊφόρος",false,false,false,,false
7952,Μ. Μπουρδαντωνάκης,false,false,false,,false
7953,Σπ. Παπαβασιλείου,false,false,false,,false
7954,Πάνος Γεωργιάδης,false,false,false,,false
7955, Αντ. Πλωμαρίτης,false,false,false,,false
7956,Παπαϊωάννου (Αλ. Αγγελόπουλος ;),false,false,false,,false
7957,Ανδρίκος Βέττας,false,false,false,,false
7958,Luiz Bonfa,false,false,false,,false
7959,Δημ. Κατσίνης,false,false,false,,false
7960,Charlie Chaplin,false,false,false,,false
7961,Αγγελόπουλος ή Καρουσάκης,false,false,false,,false
7962,Ν. Κουρνάζος (Ν. Γούναρης),false,false,false,,false
7963,Μαν. Αντωνάκας,false,false,false,,false
7964,Μ. Μελιέρ - απόδοση στα ελλην. Αντ. Πλωμαρίτης,false,false,false,,false
7965,Θόδ. Παπαδόπουλος,false,false,false,,false
7966,Μαρία Ζαχαράκη,false,false,false,,false
7967,Μ. Πρωτόπαππας,false,false,false,,false
7968,Μ. Βούρτση,false,false,false,,false
7969,Ν. Πάλλης,false,false,false,,false
7970,Μπεϋμπέ Αξού,false,false,false,,false
7971,Χρ. Σκαρβελάκης,false,false,false,,false
7972,Lary Kusic - απόδοση στα ελλην. Κατερ. Πανάγου,false,false,false,,false
7973,"Jameson, Carr",false,false,false,,false
7974,M. Deighan - απόδοση στα ελλην. Ν. Ελληναίος,false,false,false,,false
7975,Γιώ. Βασιλόπουλος,false,false,false,,false
7976,"Τ. Αθηναίος, Τ. Χρυσός",false,false,false,,false
7977,Στέλλα Χασκίλ,false,false,false,,false
7978,Ν. Καραγιάννης,false,false,false,,false
7979,O. Straυss,false,false,false,,false
7980,Μ. Καλατζής,false,false,false,,false
7981,Καμπάνης,false,false,false,,false
7982,"Pierre Delanoe, Michel Fugain",false,false,false,,false
7983,Σ. Θεοδωρακόπουλος,false,false,false,,false
7984,Δημ. Κουντρουρίνης,false,false,false,,false
7985,Θαν. Πολυκανδριώτης,false,false,false,,false
7986,Νάτια Κωνσταντοπούλου,false,false,false,,false
7987,Διασκευή-Θανάσης Σκορδαλός (διασκευή RED),false,false,false,,false
7988,Σίσσυ Τζινιόλι,false,false,false,,false
7989,Γιώ. Γεωργιάδης,false,false,false,,false
7990,Ν. Στρατηγός,false,false,false,,false
7991,V. Pallavicini - απόδοση στα ελλην. Ρέτη Ζαλοκώστα,false,false,false,,false
7992,Καπλάνης (Χρ. Αργυρόπουλος),false,false,false,,false
7993,Δρατσέλας,false,false,false,,false
7994,Γιά. Δημάκης,false,false,false,,false
7995,Ν. Παναγιωτίδης,false,false,false,,false
7996,Ν. Βούλγαρης,false,false,false,,false
7997,Ευάγγ. Σταύρου,false,false,false,,false
7998,Πολύζος,false,false,false,,false
7999,Δανάη Φαβίλη,false,false,false,,false
8000,Eduarto Bianco - απόδοση στα ελλην. Αιμ. Σαββίδης,false,false,false,,false
8001,Alex K.,false,false,false,,false
8002,Αθ. Μπουρλιάσκος,false,false,false,,false
8003,Ι. Νούσιας,false,false,false,,false
8004,Παπαϊωάννου (Ευάγγ. Μουστακίδης),false,false,false,,false
8005,Λευτ. Βεντούρης,false,false,false,,false
8006,Αντ. Πλωµαρίτης (απόδοση στα ελληνικά ;),false,false,false,,false
8007,Barbara Campell,false,false,false,,false
8008,Ζαν Πωλ Σαρτρ-μετ. Αλ. Σολωμός,false,false,false,,false
8009,Καπλάνης (Χ. Βασιλειάδης),false,false,false,,false
8010,Γ. Μηττάκη,false,false,false,,false
8011,"Εύα Παπαδοπούλου, Καίτη Βέλλιου",false,false,false,,false
8012,Σαββόπουλος,false,false,false,,false
8013,Ψαραντώνης,false,false,false,,false
8014,Ναπ. Ελευθερίου,false,false,false,,false
8015,"B. Algarra, Στέλιος Βλαβιανός",false,false,false,,false
8016,Χρ. Κοντόπουλος (Αθηνάς Μάρκου ;),false,false,false,,false
8017,Χ. Φτωχόπουλος,false,false,false,,false
8018,Βαγγ. Ρουβούλης,false,false,false,,false
8019,Λ. Καλπάκ,false,false,false,,false
8020,Γιώ. Στεφάνου (Παπαστεφάνου),false,false,false,,false
8021,Παγιουμτζής,false,false,false,,false
8022,Κ. Κ. Ψυχογιός,false,false,false,,false
8023,Ελλην. στίχοι Θοδωρής Σαραντής,false,false,false,,false
8024,Τ. Γενιτσαριώτης,false,false,false,,false
8025,δημοτικό - διασκευή Τα Ανάκαρα,false,false,false,,false
8026,"Σάκης Αγγελίδης, Ε. Καραγιαννίδου",false,false,false,,false
8027,Deporto,false,false,false,,false
8028,"Όµ. Αθηναίος, Γιώ. Οικονοµίδης, Κ. Πρετεντέρης",false,false,false,,false
8029,παραδοσιακό Σκύρου,false,false,false,,false
8030,Leonard Choen,false,false,false,,false
8031,Ι. Συνοδινός (παραδοσιακό),false,false,false,,false
8032,Κινδύνης,false,false,false,,false
8033,Χρ. Αποστόλου,false,false,false,,false
8034,Sestilli,false,false,false,,false
8035,Δ. Καψίλης,false,false,false,,false
8036,Δ. Κωνσταντινίδης,false,false,false,,false
8037,Dragon's,false,false,false,,false
8038,Ηλ. Σαγάνης,false,false,false,,false
8039,Γ. Λεβεντογιάννης,false,false,false,,false
8040,Λ. Πασσίσης,false,false,false,,false
8041,Έλντα Σπηλιώτη,false,false,false,,false
8042,Γιούλη (Γεωργία) Δαμιανάκη,false,false,false,,false
8043,Terry & Allen (Mogol / C. Donida),false,false,false,,false
8044,Γ. Πολυχρονιάδης,false,false,false,,false
8045,Στ. Παπαδάκου,false,false,false,,false
8046,N. Palay,false,false,false,,false
8047,Ανθή Κασταλία,false,false,false,,false
8048,Νατάσα Μωραΐτη,false,false,false,,false
8049,Πάνος Κοσμέτος,false,false,false,,false
8050,Κ. Κοντόπουλος,false,false,false,,false
8051,Γιά. Εμμανουηλίδης,false,false,false,,false
8052,M. Albert,false,false,false,,false
8053,Ν. Καρακώστας,false,false,false,,false
8054,Γιώ. Παπαποστόλου,false,false,false,,false
8055,Λ. Μιχαηλίδης (Ελ. Σωτηροπούλου),false,false,false,,false
8056,Βαγγ. Καρτελουριώτης,false,false,false,,false
8057,Γιώ. Λαδόπουλος (Μανησαλής),false,false,false,,false
8058,Φιλίτσα Κολοβού,false,false,false,,false
8059,Χαρ. Κουρής,false,false,false,,false
8060,Αντ. Κατινάρης (Χ. Βασιλειάδης),false,false,false,,false
8061,Δέδες ;,false,false,false,,false
8062,The Templars,false,false,false,,false
8063,Μπακάλης (Γκούτης),false,false,false,,false
8064,Γερ. Βασιλόπουλος,false,false,false,,false
8065,Παρασκευάς Κάππος,false,false,false,,false
8066,Λευτ. Κογκαλίδης,false,false,false,,false
8067,Γιώ. Μελίδης,false,false,false,,false
8068,Νίκ. Αλιφραγκής,false,false,false,,false
8069,Nikolaus Brodszky - απόδοση στα ελλην. Πωλ Μενεστρέλ,false,false,false,,false
8070,Δ. Καναρόπουλος,false,false,false,,false
8071,Νίκος Ελληναίος,false,false,false,,false
8072,Α. Παπασιδέρη,false,false,false,,false
8073,"Χ. Βασιλειάδης, Μπουρνέλης",false,false,false,,false
8074,Μούτσης (Γκάτσος),false,false,false,,false
8075,Maik,false,false,false,,false
8076,παεαδοσιακό,false,false,false,,false
8077,D. Katakouzinos,false,false,false,,false
8078,John Fogerty - απόδοση στα ελλην. Αθ. Τσόγκας,false,false,false,,false
8079,Νέστ. Μάτσας,false,false,false,,false
8080,Π. Πεπονιάς,false,false,false,,false
8081,Πέτρος Δόριζας,false,false,false,,false
8082,Λ. Θωμάς,false,false,false,,false
8083,Παν. Μασμανίδης,false,false,false,,false
8084,P. Cour,false,false,false,,false
8085,"Γενίτσαρης, Μάθεσης",false,false,false,,false
8086,Αριάδνη Mackinnon Andrew,false,false,false,,false
8087,Μ. Πασιαρδής,false,false,false,,false
8088,Δερβενιώτης ;,false,false,false,,false
8089,Κώστας Πεΐδης,false,false,false,,false
8090,"Κ. Παπαδόπουλος, Λ. Καρνέζης",false,false,false,,false
8091,Ε. Μελετίου,false,false,false,,false
8092,B. R. M. Gibb,false,false,false,,false
8093,Dave Appell - απόδοση Αθ. Τσόγκας,false,false,false,,false
8094,Δ. Κατριβάνος,false,false,false,,false
8095,διασκευή Θέσιας Παναγιώτου,false,false,false,,false
8096,Π. Χάλαρης,false,false,false,,false
8097,Τ. Μωραϊτίνης,false,false,false,,false
8098,Σπ. Μπεσλεμές,false,false,false,,false
8099,Alberto Fialho Janes (Dr.A.Jones),false,false,false,,false
8100,Βαγ. Πρέκας,false,false,false,,false
8101,"Σακελλάριος, Χρ. & Γιώ. Γιαννακόπουλος",false,false,false,,false
8102,Eduardo Bianco - απόδοση στα ελλην. Μ. Μάτσας,false,false,false,,false
8103,Δημ. Γεωργόπουλος,false,false,false,,false
8104,Αχιλ. Ματζίρης,false,false,false,,false
8105,Άγγ. Μπουζουράς,false,false,false,,false
8106,Ν. Πανόπουλος,false,false,false,,false
8107,Γιά. Καραλής ;,false,false,false,,false
8108,Ανδρ. Οικόνομου,false,false,false,,false
8109,Ανδρ. Γρηγορίου,false,false,false,,false
8110,Βασ. Φωτίου,false,false,false,,false
8111,Βολφ Μπίρμαν - απόδοση στα ελλην. Δημοσθένης Κούρτοβικ,false,false,false,,false
8112,"Παρασκευή Πολίτη, Ν. Κοπανός (Πάνος)",false,false,false,,false
8113,Τ. Τσιρμπίνος,false,false,false,,false
8114,Λ. Βλαβιανός,false,false,false,,false
8115,Αλ. Καραβίτης,false,false,false,,false
8116,"Αλ. Σακελλάριος, Δημ. Ευαγγελίδης",false,false,false,,false
8117,Α. Τολερίδης,false,false,false,,false
8118,"G. P. Massara, J. Dassin, Vito Pallavicini",false,false,false,,false
8119,"Θόδ. Παπαδόπουλος, Σουγιούλ",false,false,false,,false
8120,παραδοσιακό (διασκευή Σίμ. Καρράς),false,false,false,,false
8121,Ποθητός Πρέκας,false,false,false,,false
8122,Δήμητρα Μπιθικώτση,false,false,false,,false
8123,Τάκης Κασφίκης,false,false,false,,false
8124,Γ. Σακελλα΄ριος,false,false,false,,false
8125,J. C. Crowley; R. Kauling ;,false,false,false,,false
8126,Θύμιος Στουραΐτης,false,false,false,,false
8127,Α. Τσουμάλης,false,false,false,,false
8128,Χρ. Μαρίνος,false,false,false,,false
8129,Νικόλας Κουμπιός,false,false,false,,false
8130,E. L P. Ramirez,false,false,false,,false
8131,Π. Ιγγλέσης,false,false,false,,false
8132,Ιερ. Σχίζας,false,false,false,,false
8133,Λίτσα Αγριγιάννη,false,false,false,,false
8134,Εύα Χρόνη,false,false,false,,false
8135,Εβραϊκό - απόδοση στα ελλην. Λ. Παπαδόπουλος,false,false,false,,false
8136,Σπ. Αγγελόπουλος,false,false,false,,false
8137,Δημ. Κατσαούνος,false,false,false,,false
8138,A. Viscione,false,false,false,,false
8139,"Γιώ. Σαντοριναίος, Ν. Λουκόπουλος",false,false,false,,false
8140,Χ. Σμυρνόπουλος,false,false,false,,false
8141,Δημ. Αποστολάκης,false,false,false,,false
8142,Juan Mostazo - απόδοση στα ελλην. Μίμης Γαϊτάνος,false,false,false,,false
8143,Τάκ. Αλέκος,false,false,false,,false
8144,P. Senecal,false,false,false,,false
8145,Μίμης Γαρύφαλλος,false,false,false,,false
8146,Gabriel Romero,false,false,false,,false
8147,B. Manillow,false,false,false,,false
8148,"Παν. Μιχαλόπουλος, Μπουρνέλης",false,false,false,,false
8149,Ροζ Μαρί Ροζάκη,false,false,false,,false
8150,J. C. Fetussi - απόδοση στα ελλην. Σέβη Τηλιακού,false,false,false,,false
8151,Τάκης Αντωνιάδης,false,false,false,,false
8152,Κ. Κωτούλας,false,false,false,,false
8153,"Θαν. Πολυκανδριώτης, Μαν. Κονταράκος",false,false,false,,false
8154,Κρίστη Στασινοπούλου,false,false,false,,false
8155,Κ. Νικολαΐδης,false,false,false,,false
8156,"Α. Παπαϊωάννου, Γιώ. Κλεφτογιώργος",false,false,false,,false
8157,Φώντας Ζησούλης (ή Χιώτης ;),false,false,false,,false
8158,Γιώ. Κουμπανάκης,false,false,false,,false
8159,Λευτυ. Τσαγκάρης,false,false,false,,false
8160,Αλ. Αλεξόπουλος,false,false,false,,false
8161,Θόδ. Γκόνης,false,false,false,,false
8162,Louiguy,false,false,false,,false
8163,Μίκα Κοερού,false,false,false,,false
8164,Θ. Μπαλάφας,false,false,false,,false
8165, Γ. Σαντοριναίος,false,false,false,,false
8166,Καραμπεσίνης ή Μουφλουζέλης,false,false,false,,false
8167,Γιά. Ντελέμης,false,false,false,,false
8168,D. Baldan Bembo,false,false,false,,false
8169,Ευάγγ. Σταμούλης,false,false,false,,false
8170,Βοντογιώργης,false,false,false,,false
8171,Ζαχ. Δελμούζος (Δαλέζιος ;),false,false,false,,false
8172,Ε. Συρίγος,false,false,false,,false
8173,"Αντ. Πλωμαρίτης, Χαρ. Βασιλειάδης",false,false,false,,false
8174,"Τ. Αγριανίτης, Αρίστος Βασιλειάδης",false,false,false,,false
8175,Μ. Τσιλιμίδης,false,false,false,,false
8176,Ηλ. Καραπατάκης,false,false,false,,false
8177,διασκευή Δόμνα Σαμίου,false,false,false,,false
8178,Γ. Ασλάνογλου,false,false,false,,false
8179,"Φ. Μαυράκη, Γιά. Χαλκιαδάκης",false,false,false,,false
8180,διασκευή Ν. Τζάρας,false,false,false,,false
8181,Γιά. Δαλιανίδης,false,false,false,,false
8182,Κ. Ντεϊμεντές,false,false,false,,false
8183,Μάριος Στρόφαλης,false,false,false,,false
8184,Αθ. Πλατανιάς,false,false,false,,false
8185,Γιώ. & Ν. Τζαβάρας,false,false,false,,false
8186,Σούλα Καλφοπούλου (Χ. Βασιλειάδης),false,false,false,,false
8187,Π. Βαγιόπουλος,false,false,false,,false
8188,Ν. Ξύδης,false,false,false,,false
8189,Γιά. Δημητρακόπουλος,false,false,false,,false
8190,Σπ. Βερίκης,false,false,false,,false
8191,Φ. Λιονουδάκης,false,false,false,,false
8192,"Amurri, Capuano",false,false,false,,false
8193,Νίνα Αλεξανδροπούλου,false,false,false,,false
8194,Κ. Μαυρομιχάλης,false,false,false,,false
8195,Τάκης Ρένος,false,false,false,,false
8196,Δάφνη Γεωργίου,false,false,false,,false
8197,Τ. Εσδράς (Κοφινιώτης ;),false,false,false,,false
8198,M. Simon-S. Ryssianos,false,false,false,,false
8199,Μάριος Ψιμόπουλος,false,false,false,,false
8200,Βαγγ. Ρουσέτης,false,false,false,,false
8201,"Χρ, Κυρίτσης",false,false,false,,false
8202,Ειρ. Χάλκου,false,false,false,,false
8203,Ι. Πούλος,false,false,false,,false
8204,Ν. Πετρίδης ;,false,false,false,,false
8205,Κωστής Νικολόπουλος,false,false,false,,false
8206,Σωτηρίου,false,false,false,,false
8207,Θόδ. Νάλτσας,false,false,false,,false
8208,Σαρ. Τσιλιβερδής,false,false,false,,false
8209,Αντ. Αντωνάκης,false,false,false,,false
8210,H. Giraud,false,false,false,,false
8211,Ν. Μπακούτης,false,false,false,,false
8212,ελληνικοί στίχοι Ρέτη Ζαλοκώστα,false,false,false,,false
8213,Κ. Πρωτόπαπας,false,false,false,,false
8214,Βαγγ. Κορακάκης,false,false,false,,false
8215,Κυριάκος Σφέτσας,false,false,false,,false
8216,Μ. Μενάγιας,false,false,false,,false
8217,Μιχ. Νικολούδης,false,false,false,,false
8218,R. Hernandez,false,false,false,,false
8219,Fred Rauch,false,false,false,,false
8220,Ι. Κανιαδόπουλος,false,false,false,,false
8221,Χρ. Χασάπης,false,false,false,,false
8222,Γ. Λέφας,false,false,false,,false
8223,παραδοσιακό τσιγγάνικο Ισπανίας,false,false,false,,false
8224,Γιά. Φούσκας,false,false,false,,false
8225,"Γ. Παπαγεωργίου, Δημ. Πολίτη",false,false,false,,false
8226,Δημ. Γκιούσος,false,false,false,,false
8227,Κ. Χαραλάμπους,false,false,false,,false
8228,Παπαδόπουλος ;,false,false,false,,false
8229,Ελ.Μωραΐτου (Μ. Μάτσας),false,false,false,,false
8230,Ν. Πιστόγιας,false,false,false,,false
8231,Παγιουμτζής (Παπαϊωάννου ;),false,false,false,,false
8232,Νικ. Χαραλαμπίδης,false,false,false,,false
8233,Θεοδόσης Άθας,false,false,false,,false
8234,Αγγ. Κουτουμάνος,false,false,false,,false
8235,Στρ. Βαλιάνος,false,false,false,,false
8236,Ιωάν. Χατζησόγλου,false,false,false,,false
8237,M. Remigi - απόδοση στα ελλην. Ρέτη Ζαλοκώστα,false,false,false,,false
8238,Β. Καρδής (Γκάτσος),false,false,false,,false
8239,Κ. Σεϊτανίδης (Π. Πρόγιας),false,false,false,,false
8240,Γκόγκος,false,false,false,,false
8241,παραδοσιακό - διασκευή Βαγγ. Κονιτόπουλος,false,false,false,,false
8242,Καϊζ Εμπν Μουάζ - απόδοση στα ελλην. Κ. Τρικογλίδης,false,false,false,,false
8243,Καλφόπουλος (Χ. Βασιλειάδης),false,false,false,,false
8244,Ammuri ;,false,false,false,,false
8245,Ηλ. Εσδράς,false,false,false,,false
8246,Gerard,false,false,false,,false
8247,Γιά. Έλληνας,false,false,false,,false
8248,Παλζής,false,false,false,,false
8249,Raimon Cortes,false,false,false,,false
8250,Βαγγ. Πρέκας & Μ. Παπαβραμίδου (Σαρ. Κοτομάτης / ),false,false,false,,false
8251,Πέτρος Χάλαρης,false,false,false,,false
8252,Αντ. Τσαγρής,false,false,false,,false
8253,"Γιώ. Σφακιανάκης, Τ. Αγριανίτης",false,false,false,,false
8254,Δημ. Ζέρβας (Τόλης Χάρμας),false,false,false,,false
8255,Διον. Τσιτομενέας,false,false,false,,false
8256,Στέφ. Δεκεριάν,false,false,false,,false
8257,Μαρία Καλογρίδου,false,false,false,,false
8258,O. Prudente - απόδοση στα ελλην. Αθ. Τσόγκας,false,false,false,,false
8259,"Δημ. Τζάρας, Τάσ. Νεράτζης",false,false,false,,false
8260,Σ. Μίγγας,false,false,false,,false
8261,Ζωή Παγιουμτζή,false,false,false,,false
8262,Περικλής Μουράτογλου,false,false,false,,false
8263,Specchio - απόδοση στα ελλην. Κ. Τσερώνης,false,false,false,,false
8264,Κ. Πλατής,false,false,false,,false
8265,Ανδρίκος Βρεττός,false,false,false,,false
8266,Rodgers,false,false,false,,false
8267,Τ. Πασβάντης,false,false,false,,false
8268,Παυσανίας Βακουφτσής,false,false,false,,false
8269,Γιάν Κωτσίδης,false,false,false,,false
8270,"G. Thibaux, J. Revaux, M. Sardou",false,false,false,,false
8271,Μιχ. Ερμίδης,false,false,false,,false
8272,"Πρόδρ. Καλτσίδης, Στέφ. Βογιατζής",false,false,false,,false
8273,Σπ. Μάζης,false,false,false,,false
8274,Ι. Κανελλόπουλος,false,false,false,,false
8275,Αντ. Πομώνης,false,false,false,,false
8276,Κ. Ρουμελιώτης,false,false,false,,false
8277,Mason - απόδοση στα ελλην. Λευτ. Κογκαλίδης,false,false,false,,false
8278,Blackwood - απόδοση στα ελλην. Σέβη Τηλιακού,false,false,false,,false
8279,Pierre Alain,false,false,false,,false
8280,παραδοσιακό Κούβας,false,false,false,,false
8281,Μιχ. Χριστοφορίδης (Χ. Βασιλειάδης),false,false,false,,false
8282,Δημ. Μάμασης,false,false,false,,false
8283,Γ. Τρανταλίδης,false,false,false,,false
8284,Testa,false,false,false,,false
8285,"Ναπ. Ελευθερίου, Κ. Νικολαΐδης",false,false,false,,false
8286,Σωτ. Σακελλαρόπουλος,false,false,false,,false
8287,Δημ. Πουλικάκος,false,false,false,,false
8288,Φίλ. Σμυρναίος,false,false,false,,false
8289,Κ. Καρθαίος,false,false,false,,false
8290,Ν. Πετράς (Γιά. Χανιώτης),false,false,false,,false
8291,Βιτσέντζος Κορνάρος (από τον Ερωτόκριτο),false,false,false,,false
8292,Ηρ. Βαβάτσικας,false,false,false,,false
8293,"Γιώ. Παπασιδέρης, Σέμσης",false,false,false,,false
8294,Ch. Dumoht,false,false,false,,false
8295,Αλέξ. Αλεξόπουλος,false,false,false,,false
8296,Josef Niessen,false,false,false,,false
8297,Δημ. Βαβάτσικος,false,false,false,,false
8298,S. Galnsbourg,false,false,false,,false
8299,Henry Tobias,false,false,false,,false
8300,Καλδάρας (Περιστέρης ;),false,false,false,,false
8301,Γ. Γιαννικέλης,false,false,false,,false
8302,"Γ. Κανελλόπουλος, Χ. Παναγούλης",false,false,false,,false
8303,Πανταζής Καβακόπουλος,false,false,false,,false
8304,Μάνος Βαφειάδης,false,false,false,,false
8305,-BBC records RESL 51 (Ν. Ζηλανδίας),false,false,false,,false
8306,Sulluvan Bara,false,false,false,,false
8307,Χ. Κυρίτσης,false,false,false,,false
8308,Χρ. Κοντόπουλος (Γιώ. Ανεστόπουλος),false,false,false,,false
8309,Β. Φωκάς,false,false,false,,false
8310,Cosmo,false,false,false,,false
8311,Γ. Μελέκης,false,false,false,,false
8312,Γ. Πλωμαρίτης,false,false,false,,false
8313,"Κ. Χαριτοδιπλωμένος, Vana Mare",false,false,false,,false
8314,Ηλ. Ιάκωβος,false,false,false,,false
8315,Αχιλ. Κεσίδης,false,false,false,,false
8316,Ν. Σαρρημανώλης,false,false,false,,false
8317,H. Ve Hemert - απόδοη στα ελλην. Φίλ. Νικολάου,false,false,false,,false
8318,Γιά. Ντουνιάς,false,false,false,,false
8319,Βαγγ. Ανετάκης,false,false,false,,false
8320,Τζωρτζίνα Τέμπο,false,false,false,,false
8321,Ν. Γερμανούλης,false,false,false,,false
8322,Γιά. Ντάνης,false,false,false,,false
8323,Κατίνα Παΐζη,false,false,false,,false
8324,"Γιώ. Οικονομίδης, Κ.Πρετεντέρης",false,false,false,,false
8325,Ζ. Ιακωβίδης ή Γιώ. Θίσβιος ;,false,false,false,,false
8326,Ανακ. Παπαγεωργίου,false,false,false,,false
8327,Μιχ. Νικολέρης,false,false,false,,false
8328,Jacques Revou,false,false,false,,false
8329,Τζένη Σταυρίδου,false,false,false,,false
8330,Στρ. Σταρογιάννης,false,false,false,,false
8331,Κ. Γεωργάς ;,false,false,false,,false
8332,Γ. Χαμαράτος,false,false,false,,false
8333,Σταύρος Παπαδόπουλος,false,false,false,,false
8334,Λυκ Μαρκέας,false,false,false,,false
8335,Χρυσίνης (και Γιά. Παπαδόπουλος ;),false,false,false,,false
8336,Ούρσουλα Γιόρντη,false,false,false,,false
8337,"Γιά. Βασιλόπουλος, Ε. Ζεμανίδου",false,false,false,,false
8338,διασκευή Τ. Ιερεμίας,false,false,false,,false
8339,B. Bergman - απόδοση στα ελλην. Θαν. Τσόγκας,false,false,false,,false
8340,Αθ. Ευγενικός,false,false,false,,false
8341,Θόδ. Κουτσουράκης,false,false,false,,false
8342,"Φίλ. Πλιάτσικας, Όλγα Βλαχοπούλου",false,false,false,,false
8343,Μίμης Παππάς,false,false,false,,false
8344,Μιχ. Τρανουδάκης και Δ. Παπαδημητρίου,false,false,false,,false
8345,Ν. Κασκάτης,false,false,false,,false
8346,Ν. Σωτηριάδης,false,false,false,,false
8347,"P. Delanoe, Alkizei, Μελίνα Μερκούρη",false,false,false,,false
8348,Browne,false,false,false,,false
8349,Δημ. Πολίτης,false,false,false,,false
8350,Τάκης Μπουγάς,false,false,false,,false
8351,Α. Χρυσάφης,false,false,false,,false
8352,Στέλ. Μακριδάκης,false,false,false,,false
8353,"Τάκης Κασφίκης, Βαγγ. Ρουβούλης",false,false,false,,false
8354,Χριστόδουλος Σιγανός,false,false,false,,false
8355,Π. Καμηλιέρης,false,false,false,,false
8356,Biran Biederman - απόδοση στα ελλην. Μάγδα Παπαδάκη,false,false,false,,false
8357,Παρ. Πολίτη,false,false,false,,false
8358,"Χρυσίνης (Κ. Πολίτης, Κ. Τσίγκας ή Σπ. Κεφαλλόπουλος ;)",false,false,false,,false
8359,Ανδριόπουλος,false,false,false,,false
8360,Μουστακί,false,false,false,,false
8361,Ακίμ Πιτσαλίδης,false,false,false,,false
8362,Ι. Σωτηρίου,false,false,false,,false
8363,διασκευή Καζαντζίδης,false,false,false,,false
8364,Δημ. Αναστασίου,false,false,false,,false
8365,Γιά. Τζίκας,false,false,false,,false
8366,Γιώ. Πολύζος,false,false,false,,false
8367,Σπ. Χαρώνης,false,false,false,,false
8368,J. M. Cano,false,false,false,,false
8369,Γιά. Καλαντζόπουλος,false,false,false,,false
8370,Γιώ. Τζωρτζάτος,false,false,false,,false
8371,Silviano,false,false,false,,false
8372,Περιστέρης (Μίνως Μάτσας) ;,false,false,false,,false
8373,Γκαϊφύλλιας,false,false,false,,false
8374,διασκευή Αντώνης Ξυλούρης (Ψαραντώνης),false,false,false,,false
8375,Ι. Εμμανουηλίδης,false,false,false,,false
8376,"Ροβερτάκης, Σέμσης",false,false,false,,false
8377,Γιώ. Αναγνωστόπουλος,false,false,false,,false
8378,Μαίρη Δαλάκου,false,false,false,,false
8379,Τ. Λαβίδας (Κ. Ζήτης),false,false,false,,false
8380,Μπ. Βασιλάκης,false,false,false,,false
8381,"Ζακυνθινάκης, Μίμης Καμπάνης",false,false,false,,false
8382,Ι. Αναστασιάδης,false,false,false,,false
8383,Δημ. Κωνταντάρας,false,false,false,,false
8499,Δέσπ. Νικολαΐδου,false,false,false,,false
8384,"Αντ. Πιτσολαδής, Ηλ. Ασβεστόπουλος",false,false,false,,false
8385,Κακουλίδης,false,false,false,,false
8386,παραδοσιακό τραγούδι του Ramazan Zyberi - διασκευή Dasho Kurti,false,false,false,,false
8387,"O. Vansui, S. Barbotti, C. Desano, T. Gutugno",false,false,false,,false
8388,Γιώ. Θίσβιος (παρωδία),false,false,false,,false
8389,Β. Ταμβάκης (Χ. Βασιλειάδης),false,false,false,,false
8390, Π. Πανταζής,false,false,false,,false
8391,Ι. Πρινέας,false,false,false,,false
8392,Τάσος Αθανασίου,false,false,false,,false
8393,Μίτκας Ιακωβίδης,false,false,false,,false
8394,"Ι. Καπερώνης, Μαίρη Κάζη",false,false,false,,false
8395,Απόστ. Μπόνης,false,false,false,,false
8396,Π. Κοσμέτος,false,false,false,,false
8397,Γιά. Αγγελάκας,false,false,false,,false
8398,Άγγ. Κατσίρης,false,false,false,,false
8399,Jerzy Petersburski,false,false,false,,false
8400,Σπ. Καλφόπουλος,false,false,false,,false
8401,Λιάνα Βιτσώρη,false,false,false,,false
8402,Δημ. Τσακίρης (παραδοσιακό ;),false,false,false,,false
8403,Idols,false,false,false,,false
8404,Χρ. Μαραγκός,false,false,false,,false
8405,Γιώ. Τότης,false,false,false,,false
8406,"Γιώργ. Οικονοµίδης, Κ. Πρετεντέρης",false,false,false,,false
8407,K. Richards,false,false,false,,false
8408,P. Malcor,false,false,false,,false
8409,παραδοσιακό - διασκευή Μαρία Κώτη,false,false,false,,false
8410,Φίλ. Τζαβέλας,false,false,false,,false
8411,διασκευή Στ. Κορκολής,false,false,false,,false
8412,Ευάγγ. Παντόπουλος,false,false,false,,false
8413,Ν. Λώρης,false,false,false,,false
8414,Γιώ. Δαμάσκος,false,false,false,,false
8415,Κ. Γιαννίρης,false,false,false,,false
8416,Γιώ. Βουλαλάς,false,false,false,,false
8417,Ελένη Νυμφοπούλου-Παυλίδου,false,false,false,,false
8418,Φωτάκης Χαλουλάκος,false,false,false,,false
8419,Γ. Παράσσυρος,false,false,false,,false
8420,Ε. Βρακάς,false,false,false,,false
8421,"Belfiore, Adapt, Igglesias - απόδοση στα ελλην. Σέβη Τηλιακού",false,false,false,,false
8422,Λίνος Κόκοτος,false,false,false,,false
8423,Χρυσίνης (Κ. Ζήτης ;,false,false,false,,false
8424,Αλ. Σακελλάριος,false,false,false,,false
8425,Ιωάν. Κλειάσιου,false,false,false,,false
8426,Χρ. Πύρπασος,false,false,false,,false
8427,Μαν. Πασαλής,false,false,false,,false
8428,Ξαρχάκος,false,false,false,,false
8429,Παν. Μαµάκος,false,false,false,,false
8430,Φιλ. Φιλιππίδης,false,false,false,,false
8431,Αθαν. Σκορδαλός,false,false,false,,false
8432,Β. Κατράκος,false,false,false,,false
8433,Τάσ. Κουλούρης,false,false,false,,false
8434,"Klaus Munro, Yves Dessca",false,false,false,,false
8435,Ι. Σημαιοφορίδης,false,false,false,,false
8436,"Caerts, G. Cudsi",false,false,false,,false
8437,Φοίβος Δεληβοριάς,false,false,false,,false
8438,Ν. Φύτρος (Γέμελης),false,false,false,,false
8439,"Θόδ. Κόκας, Κοτσιούλας",false,false,false,,false
8440,Ατταλίδης,false,false,false,,false
8441,Κ. Καραγεώργης,false,false,false,,false
8442,Γιά. Ηλιάδης,false,false,false,,false
8443,Σωτ. Μίμαρος (ή Ι. Τάχτας) ;,false,false,false,,false
8444,Κούλα Σαμσαρέλου,false,false,false,,false
8445,Γ. Μαρίνος,false,false,false,,false
8446,"Bees, Αλέξ. Βέης",false,false,false,,false
8447,Τ. Θεοδωρίδης,false,false,false,,false
8448,Γιά. Αγγέλου (Κολοκοτρώνης),false,false,false,,false
8449,Αργ. Αράπης,false,false,false,,false
8450,Χάρης Κωστόπουλος,false,false,false,,false
8451,Κ. Ματζουράνης,false,false,false,,false
8452,Ε. Πλωμαρίτης,false,false,false,,false
8453,Ν. Θεοφανίδης,false,false,false,,false
8454,Χρ. Πήττας,false,false,false,,false
8455,Γιώ. Βασιλόπουλος ή Αρτέμης Αξαρλής,false,false,false,,false
8456,Στέλιος Βαμβακάρης,false,false,false,,false
8457,Στ. Γραμαμτικόπουλος,false,false,false,,false
8458,Μ. Ν. Σ Αναστασιάδης,false,false,false,,false
8459,Βιτσέτζος Κορνάρος,false,false,false,,false
8460,"Νικολόπουλος, Ν. Πετρίδης",false,false,false,,false
8461,Πέτρος Πανταζής,false,false,false,,false
8462,Κ. Βρεττάκος,false,false,false,,false
8463,Γιώ. Δευτεραίος,false,false,false,,false
8464,Arto Tuncdoyaciyan,false,false,false,,false
8465,Ν. Αγγελόπουλος,false,false,false,,false
8466,Ν. Βεντρουράτος,false,false,false,,false
8467,Σπ. Κώττης,false,false,false,,false
8468,R. Argusa - απόδοση στα ελλην. Ρόνη Σοφού,false,false,false,,false
8469,Κλειώ Ανδριακοπούλου,false,false,false,,false
8470,Δανάη Χαλκιαδάκη,false,false,false,,false
8471,Ηλ. Καλαϊτζής,false,false,false,,false
8472,Τάσος Ανταίος,false,false,false,,false
8473,Τσιτσάνης (Ρούτσος ;),false,false,false,,false
8474,"Κ. Κιούσης (Κοφινιώτης), Ν. Λώρης",false,false,false,,false
8475,"Αριστείδης Θωμάς, Άδωνις Παπασωτηρίου",false,false,false,,false
8476,Prizipe - απόδοση στα ελλην. Αθ. Τσόγκας,false,false,false,,false
8477,Ι. Αλεξίου,false,false,false,,false
8478,Κυριάκος Κεραυνός,false,false,false,,false
8479,Τάσ. Δημόγλου,false,false,false,,false
8480,"Δημ. Ζαχαριουδάκης, Γιώ. Μανωλάκης",false,false,false,,false
8481,Δημήτρης Πολίτης,false,false,false,,false
8482,Κολοκοτρώνης (Δαλιάνης ;),false,false,false,,false
8483,Θ. Πολίτης,false,false,false,,false
8484,Κ. Μαρκίδης,false,false,false,,false
8485,Σταύρος Τσώνης,false,false,false,,false
8486,Μ. Grever,false,false,false,,false
8487,Γ. Πολυμενάκος,false,false,false,,false
8488,Α. Αθηναίος,false,false,false,,false
8489,Γιώ. Λεκκάκης,false,false,false,,false
8490,Γ. Τσιμπλάκης,false,false,false,,false
8491,Vikings,false,false,false,,false
8492,Apurimac,false,false,false,,false
8493,"Ralph Arnie,  - απόδοση στα ελλην. Σέβη Τηλιακού",false,false,false,,false
8494,παραδοσιακά δίστιχα,false,false,false,,false
8495,Στέλιος Ζαφειρίιου,false,false,false,,false
8496,Παντ. Τράγκας,false,false,false,,false
8497,Γιώ. Γκικοδήμος,false,false,false,,false
8498,Τζίνα Σπηλιωτοπούλου,false,false,false,,false
8500,Δημ. Τούντας,false,false,false,,false
8501,Σωτ. Κακίσης,false,false,false,,false
8502,Σπύρος Μίγκας,false,false,false,,false
8503,;,false,false,false,,false
8504,Saugust - απόδοση στα ελλην. Εύη Δτούτσα,false,false,false,,false
8505,Πέτρος Κυριακό,false,false,false,,false
8506,Γιώ. Βατουσιάδης,false,false,false,,false
8507,Αθ. Γεράκης,false,false,false,,false
8508,Ιάκωβος Ηλίας,false,false,false,,false
8509,Εύη Αξιώτου,false,false,false,,false
8510,Ζαμπέτας (Χ. Βασιλειάδης ;),false,false,false,,false
8511,"Χατζιδάκις - απόδοση στα Γαλλικά J. Fadin, A. Salvet",false,false,false,,false
8512,Θύμιος Παπαδόπουλος,false,false,false,,false
8513,Μούτσης ή Ηλ. Ανδριόπουλος,false,false,false,,false
8514,"Andrea Lo Mecchio, R. Williams",false,false,false,,false
8515,Κ. Ρώττας,false,false,false,,false
8516,Τ. Οικονόμου,false,false,false,,false
8517,Σταύρος Κουβαρής,false,false,false,,false
8518,"Γαβαλάς (Βίρβος, Τάσ. Κουλούρης)",false,false,false,,false
8519,Γιώ. Σακελλάριος,false,false,false,,false
8520,Κ. Μανδάνης,false,false,false,,false
8521,Σπ. Βλασσόπουλος,false,false,false,,false
8522,Γεώργ. Παπαδόπουλος,false,false,false,,false
8523,Δερβενιώτης (Παπαγιαννοπούλου),false,false,false,,false
8524,"L. Boyer, J. Charles",false,false,false,,false
8525,Στ. Ζαφειρίου,false,false,false,,false
8526,Cabanillas,false,false,false,,false
8527,Pierro Trombetta - απόδοση στα ελλην. Πάριος,false,false,false,,false
8528,Θαν. Βασιλάς,false,false,false,,false
8529,"Γκούτης, Γρ. Καρύδης",false,false,false,,false
8530,Μίμης Μεταξάς,false,false,false,,false
8531,Χ. Παπαδόπουλος,false,false,false,,false
8532,παραδοσιακό Σουηδίας - απόδοση στα ελλην. Φωτεινή Λαμπρίδη,false,false,false,,false
8533,Λάμπρος Ζούνης,false,false,false,,false
8534,Ηλ. Σαλέας,false,false,false,,false
8535,Mc Olan,false,false,false,,false
8536,Σπ. Σαρδέλης,false,false,false,,false
8537,Άγγ. Μαρτίνος,false,false,false,,false
8538,Α. Πετρίδης,false,false,false,,false
8539,Γιώ. Αλκαίος,false,false,false,,false
8540,Σ. Ασημένιος,false,false,false,,false
8541,"Barberis, Del Monaco",false,false,false,,false
8542,"Γιώ. Μουζάκης, Κ. Νικολαΐδης",false,false,false,,false
8543,Αστέρης Τσώτας,false,false,false,,false
8544,Ιωάν. Γεωργίου,false,false,false,,false
8545,Σπ. Παπανδρέου,false,false,false,,false
8546,Λούλα Κολεμίδου,false,false,false,,false
8547,Αντ. Ξυλούρης (Ψαραντώνης),false,false,false,,false
8548,Μ. Τραϊφόρος,false,false,false,,false
8549,Φ. στασουλάκης,false,false,false,,false
8550,Γ. Κλάδος,false,false,false,,false
8551,Ολίβια Κουΐδου,false,false,false,,false
8552,Δ. Π. Παύλοβιτς,false,false,false,,false
8553,"Ν. Μπακογιάννης, Π. Πρόγιας",false,false,false,,false
8554,Λάμπρος Κίσσας,false,false,false,,false
8555,Δημ. Κόλλιας,false,false,false,,false
8556,Αγγ. Αξιώτης,false,false,false,,false
8557,Νίκος Δ. Τριανταφυλλόπουλος,false,false,false,,false
8558,Μάκης Δήμου,false,false,false,,false
8559,Ευριπίδης - απόδοση Κ. Γεωργουσόπουλος,false,false,false,,false
8560,Ι. Κωτσόπουλος,false,false,false,,false
8561,Ευαγγ. Καρουσάκης (ή Καρουσάκη ;),false,false,false,,false
8562,Παν. Αφουξενίδης,false,false,false,,false
8563,Γιά. Βέλλας (Παπαγιαννοπούλου),false,false,false,,false
8564,Γιά. Δραγάτσης,false,false,false,,false
8565,Αφροδίτη Κεχαγιά,false,false,false,,false
8566,Μιχ. Χριστοφορίδης,false,false,false,,false
8567,Δημ. Ντάντης,false,false,false,,false
8568,Β. Βαζαίος,false,false,false,,false
8569,Ι. Μπαρδάνης,false,false,false,,false
8570,Ravel,false,false,false,,false
8571,Ψυριώτης (Σώσος Ιωαννίδης),false,false,false,,false
8572,Βασ. Μπουντούρης,false,false,false,,false
8573,Ν. Φατσέας,false,false,false,,false
8574,Δημ. Κανελλόπουλος,false,false,false,,false
8575,Μπ. Φωτιάδης,false,false,false,,false
8576,Χάρης Χατζάκης,false,false,false,,false
8577,Γιώ. Α. Γεωργιάδης,false,false,false,,false
8578,Χρ Θηβαίος,false,false,false,,false
8579,Mick Jagger,false,false,false,,false
8580,Σ. Χονδροματίδου,false,false,false,,false
8581,Γ. Παπακυριάκης,false,false,false,,false
8582,"Γιώ. Στεφανάκης, Τάσος Γκρούς",false,false,false,,false
8583,Χριστοδούλου,false,false,false,,false
8584,Γ. Φώτας,false,false,false,,false
8585,Κατερίνα Πανάγου,false,false,false,,false
8586,Β. Λαμπάρας,false,false,false,,false
8587,Γιώ. Γκικοδήμας,false,false,false,,false
8588,Δ. Μανήσαλης,false,false,false,,false
8589,Άκης Τριανταφύλλου,false,false,false,,false
8590,Φίλ. Κουκούνος,false,false,false,,false
8591,Κυρ. Κάσσης,false,false,false,,false
8592,Ι. Παυλής,false,false,false,,false
8593,Τάκης Κουμρίδης,false,false,false,,false
8594,Βασ. Σούκας,false,false,false,,false
8595,Μελ. Κολοκοτρώνη,false,false,false,,false
8596,Ι. Αραμπατζής,false,false,false,,false
8597,παραδοσιακό - διασκευή Γιώ. Αβυσσινός,false,false,false,,false
8598,Αντ. Κρητικάκης,false,false,false,,false
8599,Μαρία Μαρκάτου,false,false,false,,false
8600,Σώτος Παπαστεργίου,false,false,false,,false
8601,Μπέµπης Βουγάς,false,false,false,,false
8602,Νώντας Κάσσιτας,false,false,false,,false
8603,Φώτης Χαλκιάς (Χαλκιόπουλος),false,false,false,,false
8604,Βαγγ. Δήμου,false,false,false,,false
8605,Δ. Λιάκος,false,false,false,,false
8606,P. Mieucens,false,false,false,,false
8607,Ε. Γουναρόπουλος,false,false,false,,false
8608,Ν. Γκιζελής ή Παρ. Πολίτου ;,false,false,false,,false
8609,"Περιστέρης, Στέλιος Ζαφειρίου",false,false,false,,false
8610,Ν. Μανιάς (Μανιαδάκης),false,false,false,,false
8611,Γιά. Νικολαϊδης,false,false,false,,false
8612,Δημ. Χριστοφοράκης,false,false,false,,false
8613,"King, Johnson - απόδοση στα ελλην. Αθ. Τσόγκας",false,false,false,,false
8614,Βασ. Δήμου,false,false,false,,false
8615,Χρ. Μελίσσης,false,false,false,,false
8616,Κ. Γιαννακόπουλος,false,false,false,,false
8617,"West, Papalpardi, Collins, Fardos, Knight",false,false,false,,false
8618,Μιχ. Μικελής,false,false,false,,false
8619,Μεγαλούδης,false,false,false,,false
8620,Στέλλα Γιαχασκέλ (Χασκίλ),false,false,false,,false
8621,"Κλέων Γρηγοριάδης, Μάριος Μηλιάδης",false,false,false,,false
8622,Ν. Πετιμεζάς-Λαύρας,false,false,false,,false
8623,Βασ. Γακιόπουλος,false,false,false,,false
8624,Αλ. Τζίκας,false,false,false,,false
8625,"Γαβαλάς (Μουρκάκος, Τάσ. Κουλούρης)",false,false,false,,false
8626,Μ. Καραμάλης,false,false,false,,false
8627,Σπυριδούλα,false,false,false,,false
8628,Αντ. Βόττης,false,false,false,,false
8629,Antonio Vian,false,false,false,,false
8630,"Χ. Βασιλειάδης, Ν. Βελιώτης",false,false,false,,false
8631,Κ. Μπίγαλης (Αλέξης),false,false,false,,false
8632,Γιώ. Σκόπας ή Παν. Κοκοντίνης,false,false,false,,false
8633,T. Hendrik,false,false,false,,false
8634,R. Cordeli,false,false,false,,false
8635,"Παν. Κοκοντίνης, Γ. Κόρος",false,false,false,,false
8636,Σταύρος Κάξος (Γκούτης),false,false,false,,false
8637,Μυταράκης,false,false,false,,false
8638,Γ. Κόντος,false,false,false,,false
8639,Ν. Πανδής,false,false,false,,false
8640,"Δημ. Παρασκευόπουλος, Χρ. Προμοίρας",false,false,false,,false
8641,"Γιώ. Κόρος, Ν. Κανάκη",false,false,false,,false
8642,Σύλβιος,false,false,false,,false
8643,Καραπατάκης (Βίρβος),false,false,false,,false
8644,Ζαμπέτας (ή Περιστέρης ;),false,false,false,,false
8645,Δημ. Λαμπρόπουλος,false,false,false,,false
8646,Λάζ. Ανδρέου,false,false,false,,false
8647,Κατερίνα Γώγου,false,false,false,,false
8648,Διον. Ρουμελιώτης,false,false,false,,false
8649,Χρ. Μαροφίδης,false,false,false,,false
8650,Φίλ. Περιστέρης,false,false,false,,false
8651,Jackie Loucas ;,false,false,false,,false
8652,M. Rinder,false,false,false,,false
8653,"Χρ. Γιαννακόπουλος, Αλ. Σακελλάριος",false,false,false,,false
8654,Δημοτικό,false,false,false,,false
8655,Τάσος Πετρίδης,false,false,false,,false
8656,Δήμ. Νιόρα,false,false,false,,false
8657,Hamburger,false,false,false,,false
8658,Σπ. Δημησιάνος,false,false,false,,false
8659,Γιώ. Κολοκοτρώνης,false,false,false,,false
8660,Γιά. Κιούρκας,false,false,false,,false
8661,R. Soneville,false,false,false,,false
8662,Αθ. Κόλλιας,false,false,false,,false
8663,R. Carlos - απόδοση στα ελλην. Λήδα Χαλκιαδάκη,false,false,false,,false
8664,Θάνος Αδριανός (Εδίρνελης),false,false,false,,false
8665,Μίμης Βασιλειάδης,false,false,false,,false
8666,Τ. Ρούσσος,false,false,false,,false
8667,Γ. Γιαννούλης,false,false,false,,false
8668,"Γ. Ασηµακόπουλος, Β. Σπυρόπουλος, Π. Παπαδούκας",false,false,false,,false
8669,Fr. Gerard,false,false,false,,false
8670,"Λάμπρος Καρελάς, Λευτ. Χαψιάδης",false,false,false,,false
8671,"Γ. Ασηµακόπουλος, Βασ. Σπυρόπουλος, Π. Παπαδούκας",false,false,false,,false
8672,Ι. Αντωνόπουλος,false,false,false,,false
8673,Κ. Τζόβενος,false,false,false,,false
8674,Χριστόδ. Σιγανός,false,false,false,,false
8675,Θαν. Στράτζαλης,false,false,false,,false
8676,Ch. Aznavour - απόδοση στα ελλην. Αθ. Τσόγκας,false,false,false,,false
8677,Κ. Ριτσώνης,false,false,false,,false
8678,Ν. Βαρθακούρης,false,false,false,,false
8679,Ρ. Ταμπακοπούλου,false,false,false,,false
8680,Κ. Καρυωτάκης,false,false,false,,false
8681,Λιδάκης,false,false,false,,false
8682,Ray Evans - απόδοση στα ελλην. Πωλ Μενεστρέλ,false,false,false,,false
8683,Α. Ζέππος,false,false,false,,false
8684,Πάνος Φαλάρας,false,false,false,,false
8685,Γιώ. Χατζηαναστασίου,false,false,false,,false
8686,Lopez Marin,false,false,false,,false
8687,Τσιτσάνη,false,false,false,,false
8688,Αττίκ,false,false,false,,false
8689,Γιώ. Θέμελης,false,false,false,,false
8690,Μ. Φραγκιουδάκης,false,false,false,,false
8691,"Ι. Λεωτσάκος, Π.  Αγιασώτης",false,false,false,,false
8692,Τάσος Σαμαρτζής,false,false,false,,false
8693,Μαν. Πάππος,false,false,false,,false
8694,Leonard Choen-ελλην. στίχοι Νικολακοπούλου,false,false,false,,false
8695,"J. Augusto, R. Torres",false,false,false,,false
8696,Γρηγ. Μυλωνάς,false,false,false,,false
8697,Γιώ. Σφυρίδης,false,false,false,,false
8698,Δέσπ. Γκόγκου,false,false,false,,false
8699,Γιά. Πολίτης (Κολοκοτρώνης ;),false,false,false,,false
8700,Gerardo Matos Rodriquez,false,false,false,,false
8701,G. Dann,false,false,false,,false
8702,Μάγδα Παπαδάκη,false,false,false,,false
8703,P. Schild - απόδοση στα ελλην. Αθ. Τσόγκας,false,false,false,,false
8704,Δημ. Γαλάνης,false,false,false,,false
8705,Τάκης Ανδρούτσος,false,false,false,,false
8706,Eduardo Bianco - απόδοση στα ελλην. Μ. Τραϊφόρος,false,false,false,,false
8707,Ι. Πολιτάκης,false,false,false,,false
8708,Π. Κόκκινος,false,false,false,,false
8709,Ηλίας Βραχνός,false,false,false,,false
8710,Μπακάλης (Γκούτης ;),false,false,false,,false
8711,Παν. Τζωρτζίνης,false,false,false,,false
8712,Άγγ. Σέμπος,false,false,false,,false
8713,"Μιχ. Εμιρλής, Γιά. Γεωργαντάς",false,false,false,,false
8714,Ατταλίδης (ή Β. Κούτσης ;),false,false,false,,false
8715,Νεκτ. Μπήτρος,false,false,false,,false
8716,Πάνος Σταθόγιαννης,false,false,false,,false
8717,Ι. Δέδες,false,false,false,,false
8718,"Ward, Fallavicini, Lozito, Coudeunio, P. Delanoe, Se Lames le",false,false,false,,false
8719,S. W. Ervant - απόδοση στα ελλην. Αιμ. Δραγάτση,false,false,false,,false
8720,Morgan - απόδοση στα ελλην. Γιώ. Ρουβέλας,false,false,false,,false
8721,Τάλμποτ Κεφαλληνός,false,false,false,,false
8722,Άννα Μπιθικώτση,false,false,false,,false
8723,Α. Πετροπουλέας,false,false,false,,false
8724,Δημ.Πλαζομίτης,false,false,false,,false
8725,Osvaldo Ferres - απόδοση στα ελλην.  Πωλ Μενεστρέλ,false,false,false,,false
8726,Ascri Mogol,false,false,false,,false
8727,Α Φίφης,false,false,false,,false
8728,Κ. Γεωργακάκης,false,false,false,,false
8729,Κ. Αντωνιάδης,false,false,false,,false
8730,παραδοσιακό Άνδεων - διασκευή APURIMAC,false,false,false,,false
8731,Α. Γκαρκάσουλας,false,false,false,,false
8732,Στ. Νικίδης,false,false,false,,false
8733,Τάκ. Μωράκης,false,false,false,,false
8734,Β. Καραγιαννόπουλος,false,false,false,,false
8735,A. Maggio,false,false,false,,false
8736,Ζιώρζ Μελ,false,false,false,,false
8737,Λ. Λεονταρίδης,false,false,false,,false
8738,παραδοσιακό Καλύμνου,false,false,false,,false
8739,Sciorilli,false,false,false,,false
8740,Μάρκος Μπαλτόπουλος (Μαρκάκης),false,false,false,,false
8741,Π. Μιχαηλίδης,false,false,false,,false
8742,Gert Schmiat,false,false,false,,false
8743,W. Schloter,false,false,false,,false
8744,Ιάκ. Ηλίας ;,false,false,false,,false
8745,Θαν. Σκορδαλός,false,false,false,,false
8746,Λ. Γενιτσαριώτης ή Τ. Γενιτσαριώτης ;,false,false,false,,false
8747,Ρένος Τάλμας,false,false,false,,false
8748,παραδοσιακό Ανατολής,false,false,false,,false
8749,Φ. Μιχαλάτος;Φ. Μιχαλάτος,false,false,false,,false
8750,Θάνος Πολίτης,false,false,false,,false
8751,Θοδωρής Γραμμένος,false,false,false,,false
8752,Ντέμης Ρούσσος,false,false,false,,false
8753,Δ. Κύτταρης,false,false,false,,false
8754,Μαμαγκάκης ή Ξυδάκης,false,false,false,,false
8755,Α. Τζάφας,false,false,false,,false
8756,Ν. Ντρέλας,false,false,false,,false
8757,Μπαρμπεράκης,false,false,false,,false
8758,Δμ. Μανησαλής,false,false,false,,false
8759,Αγάπιος Τομπούλης,false,false,false,,false
8760,Σ. Κλιούμης,false,false,false,,false
8761,Αθ. Λώλος,false,false,false,,false
8762,Μ. Ροδίτης,false,false,false,,false
8763,Λεττονός,false,false,false,,false
8764,Ντίνα Χρυσοβιτσιάνου,false,false,false,,false
8765,Α. Μαστοράκης,false,false,false,,false
8766,Γ. Κωστόπουλος,false,false,false,,false
8767,"Τάσος Βάμπαρης

Τάσος Βάµπαρης",false,false,false,,false
8768,Μπακάλης (Παπαγιαννοπούλου),false,false,false,,false
8769,Π. Αλεξόπουλος,false,false,false,,false
8770,Γιά. Δερμιτζάκη (Δερμιτζογιάννης),false,false,false,,false
8771,Μιχ. Αλεξάκης ;,false,false,false,,false
8772,Γιά. Καράλης,false,false,false,,false
8773,Amendola,false,false,false,,false
8774,Τσαουσάκης,false,false,false,,false
8775,Osvaldo Ferres,false,false,false,,false
8776,Αλέκος Δήμου,false,false,false,,false
8777,Μ. Κουφιανάκης,false,false,false,,false
8778,Λ. Καρασαββίδης,false,false,false,,false
8779,Ναυσικά Φλέγκα-Παπαδάκη,false,false,false,,false
8780,Energee,false,false,false,,false
8781,Ε. Καρβούνης,false,false,false,,false
8782,παραδοσιακό Εβραίων Ισπανίας,false,false,false,,false
8783,Ελευθ. Τσαλαπατάνης,false,false,false,,false
8784,Kenny Young,false,false,false,,false
8785,Ν. Τζάκας,false,false,false,,false
8786,διασκευή Δημ. Βαρδουλάκης,false,false,false,,false
8787,Δημ. Κουζούνης,false,false,false,,false
8788,Ladi Geisler (παραδοσιακό - διασκευή Geisler),false,false,false,,false
8789,Λάκης Πατρινός,false,false,false,,false
8790,Τζών Τίκης,false,false,false,,false
8791,Ricardo Credi - απόδοση στα ελλην. Βίλμα Λαδοπούλου,false,false,false,,false
8792,M. Jourdan,false,false,false,,false
8793,Τ. Κουτσογιάννης,false,false,false,,false
8794,Έλενα Μάγγελ,false,false,false,,false
8795,Ρένα Ντάλια (Λαύκας ;),false,false,false,,false
8796,Μίμης Παπάς,false,false,false,,false
8797,Μ. Πρωτοψάλτης,false,false,false,,false
8798,A. Cabral,false,false,false,,false
8799,Ζαγοραίος (Γκούτης ;),false,false,false,,false
8800,Σωτ. Τρίγκας,false,false,false,,false
8801,Γιά. Μάτσας,false,false,false,,false
8802,Κλουβάτος (Θαν. Γελαδάκης),false,false,false,,false
8803,Διον. Κουρής,false,false,false,,false
8804,"Κ. Κιούσης (Κοφινιώτης), Σώτος Πετράς",false,false,false,,false
8805,C.A. Bixio,false,false,false,,false
8806,Μπακάλης ή Χρυσίνης ή Κολοκοτρώνης,false,false,false,,false
8807,Δημ. Ιωαννόπουλος,false,false,false,,false
8808,Douglas Sham,false,false,false,,false
8809,Τ. Κουλούρης,false,false,false,,false
8810,Γιά. Κόνσουλας,false,false,false,,false
8811,Πάνος Θεοδωρίδης,false,false,false,,false
8812,Μ. Κολοκοτρώνης,false,false,false,,false
8813,Ν. Βασιλόπουλος,false,false,false,,false
8814,Μιλτιάδης Πασχαλίδης,false,false,false,,false
8815,Γιώ. Αλεξανδρής,false,false,false,,false
8816,Σ. Ληναίος,false,false,false,,false
8817,Γιώ. Χαρτοφίλης,false,false,false,,false
8818,Μαρία Ιωάννου,false,false,false,,false
8819,Νίνα Ηλιάδου,false,false,false,,false
8820,Θανάσης Τσολερίδης,false,false,false,,false
8821,Χριστίνα Κυριάκη,false,false,false,,false
8822,"Pasquale Losito, Delanoe - απόδοση στα ελλην. Σάσα Μανέττα",false,false,false,,false
8823,Βιντσέτζος Κορνάρος,false,false,false,,false
8824,Κ. Ρούκουνας,false,false,false,,false
8825,Δημοσθένης Μήλιος,false,false,false,,false
8826,J.P. Capdevielle,false,false,false,,false
8827,Ηλ. Παπαγεωργίου,false,false,false,,false
8828,Σπ. Πιπεράκης ;,false,false,false,,false
8829,Μάρκ. Αλεξίου,false,false,false,,false
8830,Βασ. Δόικος,false,false,false,,false
8831,;Κόρος,false,false,false,,false
8832,Αθανασία Αλεξανδροπούλου,false,false,false,,false
8833,Όλγα Βλαχοπούλου,false,false,false,,false
8834,Μάρκ. Ευγενιάδης (ή Τ. Εσδράς),false,false,false,,false
8835,Καζαντζίδης (Κολοκοτρώνης),false,false,false,,false
8836,Ι. Βουτσινάς,false,false,false,,false
8837,E. Manor,false,false,false,,false
8838,Ζάχος Χατζηφωτίου,false,false,false,,false
8839,Στ. Ατταλίδης,false,false,false,,false
8840,Πετσάς (Ι. Βασιλόπουλος),false,false,false,,false
8841,Αυγή Τομπούλη,false,false,false,,false
8842,Μ. Παγίδας,false,false,false,,false
8843,Poll,false,false,false,,false
8844,Hooker,false,false,false,,false
8845,Αγ. Τομπούλης,false,false,false,,false
8846,Lucio Battisti-Mogol-ελληνικοί στίχοι Γιά. Μαύρος,false,false,false,,false
8847,Ι. Κακουλίδης,false,false,false,,false
8848,Δημ. Λάγιος,false,false,false,,false
8849,"M. Chalkitis, H. Chalkitis",false,false,false,,false
8850,Χορικό από τις Τρωάδες του Ευριπίδη - απόδοση Κωστής Κολώτας,false,false,false,,false
8851,Μ. Λοΐζος,false,false,false,,false
8852,Τσιτσάνης (Γερ. Τσάκαλος),false,false,false,,false
8853,Ρηνούλα Πετρίδου,false,false,false,,false
8854,Δώρα Μόραλη,false,false,false,,false
8855,Ν. Πιτσικόπουλος,false,false,false,,false
8856,Σοφία Καπίρη,false,false,false,,false
8857,Ευγενία Ασλανίδου,false,false,false,,false
8858,Θαν. Λώλος,false,false,false,,false
8859,Qu'A Un J (;),false,false,false,,false
8860,Μάριος Σουβατζής,false,false,false,,false
8861,Α. Ρόκκας,false,false,false,,false
8862,Αλ. Σκεύης,false,false,false,,false
8863,"Σάββας Κ























Πέτρος Χάλαρης",false,false,false,,false
8864,Γ. Γιαννακός,false,false,false,,false
8865,Herman Thime,false,false,false,,false
8866,Χ. Ζερβας,false,false,false,,false
8867,Α. Χαλκιάς (δημώδες),false,false,false,,false
8868,Γιώ. Ροβερτάκης,false,false,false,,false
8869,Ι. Κοµνηνός,false,false,false,,false
8870,Μάκ. Χρηστίδης,false,false,false,,false
8871,Μανθ. Πολύζος ή Βασ. Σούκας ;,false,false,false,,false
8872,Λάκης Τσιώλης,false,false,false,,false
8873,"Νταλγκάς, Δημ. Φραντζεσκάκης",false,false,false,,false
8874,Τάκης Μαλέογλου,false,false,false,,false
8875,Δημ. Σόμπολας (Αχ. Κεσίδης / Διον. Τσιτομενέας),false,false,false,,false
8876,Ν. Ξαγοράρης,false,false,false,,false
8877,Κ. Πρώης,false,false,false,,false
8878,Στ. Δρόσος,false,false,false,,false
8879,Χρήστος Μαρτίνος,false,false,false,,false
8880,Αλ. Παναγιωτοπούλος,false,false,false,,false
8881,"""Μπίλυ""",false,false,false,,false
8882,"Θ. Αδμαντίδης, Σούλα Χατζηαντωνίου",false,false,false,,false
8883,Δημ. Βαρδουλάκης ;,false,false,false,,false
8884,G. Lemesie - απόδοση στα ελλην. Τάκης Καρνάτσος,false,false,false,,false
8885,Ι. Ντάβος,false,false,false,,false
8886,Ε. Δαλέζιος,false,false,false,,false
8887,Αναστ. Δημόγλου,false,false,false,,false
8888,W. Veler,false,false,false,,false
8889,Ζάχος Δελμούζος,false,false,false,,false
8890,Π. Πάνου,false,false,false,,false
8891,Στ. Καλλιανός,false,false,false,,false
8892,Ευάγγ. Δήμου,false,false,false,,false
8893,Μ. Γεωργαρής,false,false,false,,false
8894,M. Panas,false,false,false,,false
8895,Endrigo,false,false,false,,false
8896,Θ. Παυλάκος,false,false,false,,false
8897,Γ. Οικονόμου,false,false,false,,false
8898,G. Apollinaire,false,false,false,,false
8899,Bertolt Brecht - απόδοση στα ελλην. Π. Μάτεσις,false,false,false,,false
8900,Γρ. Στρατικόπουλος,false,false,false,,false
8901,Riccardi,false,false,false,,false
8902,Πίνδαρος,false,false,false,,false
8903,Rahbani Brothers,false,false,false,,false
8904,Πέτρος Γιαννακός ;,false,false,false,,false
8905,Ι. Σούρλας,false,false,false,,false
8906,J. Demarny - απόδοση στα ελλην. Σέβη Τηλιακού,false,false,false,,false
8907,Κ. Στρατηγόπουλος,false,false,false,,false
8908,Η. Ρεβεζούλης,false,false,false,,false
8909,Ν. Καρβέλας,false,false,false,,false
8910,Ρ. Ταµπακοπούλου,false,false,false,,false
8911,Ν. Δέλτας (Αιμ. Σαββίδης),false,false,false,,false
8912,Παπαϊωάννου (Κολοκοτρώνης),false,false,false,,false
8913,Μιχ. Πασαρδής,false,false,false,,false
8914,Δημ. Βαρνάβας,false,false,false,,false
8915,Μπ. Τρικαλινός (Μπακάλης) (Βίρβος),false,false,false,,false
8916,Μάκης Μελέτης,false,false,false,,false
8917,Δ. Μηλιός,false,false,false,,false
8918,Peggy Lee,false,false,false,,false
8919,Γιάν. & Θόδ. Πολυκανδριώτης,false,false,false,,false
8920,Γιά. Δραγάτσης (Ογδοντάκης) (Μαρίκα Πολίτισσ)α,false,false,false,,false
8921,Ν. Θέος,false,false,false,,false
8922,J. Fogerty,false,false,false,,false
8923,Καρνέζης,false,false,false,,false
8924,Σαράντος Κοτομάτης,false,false,false,,false
8925,Eugene Record,false,false,false,,false
8926,Ξεν. Φιλέρης,false,false,false,,false
8927,Αλέκος Σπάθης,false,false,false,,false
8928,G. Lemesie-R. Dassin,false,false,false,,false
8929,Ίκαρος,false,false,false,,false
8930,Παπαγιαννοπούλου,false,false,false,,false
8931,Ευγ. Σπαθάρης,false,false,false,,false
8932,Ερµής Πόγγης,false,false,false,,false
8933,Λιμπέρης Λιζάρδος,false,false,false,,false
8934,Γιώργης Ξυλούρης,false,false,false,,false
8935,Περιστέρης ;,false,false,false,,false
8936,Φώτης Αργυρόπουλος,false,false,false,,false
8937,Ι. Μπούτσης,false,false,false,,false
8938,Ν. Κυριακίδης,false,false,false,,false
8939,Λούλα Καλδάρα,false,false,false,,false
8940,Μ. Γαβριηλίδης,false,false,false,,false
8941,Jonny Carr,false,false,false,,false
8942,"Zambrini, Enriquez - απόδοση στα ελλην. Τ. Ρυσσιάνος",false,false,false,,false
8943,Κ. Βέλλιος,false,false,false,,false
8944,Φαίδων Λιονουδάκης,false,false,false,,false
8945,T. Berlin,false,false,false,,false
8946,Στέλλα Βήττου,false,false,false,,false
8947,Ματθαίος Μουντές,false,false,false,,false
8948,"Αιµ, Σαββίδης",false,false,false,,false
8949,Γιώ. Χάλαρης,false,false,false,,false
8950,Γ. Ντότης,false,false,false,,false
8951,"J. Dassin, R. Dassin",false,false,false,,false
8952,Σπαρτιάτης,false,false,false,,false
8953,Δ. Χατζηνικολάου,false,false,false,,false
8954,"Γιά. Τσιαμπάρης, Πουλιέρης",false,false,false,,false
8955,F. Cararo,false,false,false,,false
8956,Ταμβάκης (Παπαϊωάννου),false,false,false,,false
8957, Βοσκόπουλος,false,false,false,,false
8958,Ηρ. Μπαλής,false,false,false,,false
8959,διασκευή-Γιώργου Πετσίλα,false,false,false,,false
8960,Δ. Σαββίδης,false,false,false,,false
8961, Ηλ. Μεγαλούδης,false,false,false,,false
8962,Ντ. Χριστόπουλος,false,false,false,,false
8963,Oliveira,false,false,false,,false
8964,"διασκευή Χρ. Τσιαμούλης, Ν. Γράψας",false,false,false,,false
8965,"J.Musy, Πάριος",false,false,false,,false
8966,Κωνσταντίνος Βελλιάδης,false,false,false,,false
8967,Νάντια Κωνσταντοπούλου,false,false,false,,false
8968,Πόπη Παναγιωταρά,false,false,false,,false
8969,Ηλ. Παναγιωτόπουλος,false,false,false,,false
8970,J. Leider - απόδοση στα ελλην. Φιλ. Νικολάου,false,false,false,,false
8971,Lucio Dalla,false,false,false,,false
8972,B. Roberts - απόδοση στα ελλην. Σέβη Τηλιακού,false,false,false,,false
8973,Ζ. Ιακωβίδης,false,false,false,,false
8974,Γιώ. Μανήσαλης,false,false,false,,false
8975,Τάκης Σαμαράς,false,false,false,,false
8976,Γιώ. Μάγγας,false,false,false,,false
8977,Πέτρος Χαραλαμπίδης,false,false,false,,false
8978,Γιώ. Παντελιάς,false,false,false,,false
8979,Λ. Δημόπουλος,false,false,false,,false
8980,J. Ivanovici,false,false,false,,false
8981,Κ. Λιβέρης (Ανδρ. Αγγελάκης),false,false,false,,false
8982,Nikolas,false,false,false,,false
8983,απόδοση στα ελλην. Δ. Βιτάλης,false,false,false,,false
8984,S. Regal - απόδοση στα ελλην. Σέβη Τηλιακού,false,false,false,,false
8985,Δην. Παπαδημητρίου,false,false,false,,false
8986,Fishman,false,false,false,,false
8987,Jean-Max Rivière,false,false,false,,false
8988,"Γιά. Νικολάου, Π. Ροδινός",false,false,false,,false
8989,Γ. Ζαχαρίου,false,false,false,,false
8990,R. Fransis,false,false,false,,false
8991,Donida,false,false,false,,false
8992,Ν. Λογοθέτης,false,false,false,,false
8993,Α. Διαβολίκης,false,false,false,,false
8994,διασκευή Περιστέρης,false,false,false,,false
8995,Λευτ. Κολοβός,false,false,false,,false
8996,Π. Μαυράκης (Μάνεσης ;),false,false,false,,false
8997,Σούλα Καλφοπούλου,false,false,false,,false
8998,Γ. Καστρινός,false,false,false,,false
8999,Ρεπάνης,false,false,false,,false
9000,Φώτης Ζησούλης (Παπαγιαννοπούλου ;),false,false,false,,false
9001,Ταμβάκης (Χ. Βασιλειάδης),false,false,false,,false
9002,Θόδ. Νικολαΐδης,false,false,false,,false
9003,Αντ. Βώττης,false,false,false,,false
9004,Στάθ. Τσαγκλής-Μουρκάκος,false,false,false,,false
9005,Φ. Μουστάκας,false,false,false,,false
9006,Μάρκος Κούμαρης,false,false,false,,false
9007,Chesnut - απόδοση στα ελλην. Ά. Δασκαλόπουλος,false,false,false,,false
9008,Τζ. Μακούλης,false,false,false,,false
9009,Βαγγ. Τρίγκας,false,false,false,,false
9010,Β. Ρούτης,false,false,false,,false
9011,Στ. Παπαδάκης,false,false,false,,false
9012,"Γιώ. Ασημακόπουλος, Β. Σπυρόπουλος Π. Παπαδούκας",false,false,false,,false
9013,"Βασ. Παπαδόπουλος, Βαγ. Ξύδης",false,false,false,,false
9014,"Όμ. Αθηναίος, Παύλος Πρόγιας",false,false,false,,false
9015,Ηρ. Παπασιεδέρης,false,false,false,,false
9016,Στρ. Καμμενίδης,false,false,false,,false
9017,Φώτης Αγγουλές,false,false,false,,false
9018,"Δημ. Ξανθάκης, Σ. Αγγελιδάκης",false,false,false,,false
9019,Βασιλική Μηλιώτου,false,false,false,,false
9020,Χαρίκλεια Λειβάδη,false,false,false,,false
9021,Λαύκας,false,false,false,,false
9022,"Γιώ. Κριμιζάκης, Κ. Τριπολίτης, Κλυνν",false,false,false,,false
9023,Ν. Ξυλούρης,false,false,false,,false
9024,"Βαρδής, Χάρις Αλεξίου",false,false,false,,false
9025,Π. Τζοχαδερός,false,false,false,,false
9026,Ιάκ. Καμπανέλης,false,false,false,,false
9027,"Γ. Κόρος, Παν. Κοκοντίνης",false,false,false,,false
9028,Κούλα Κονιτοπούλου-Πρωτονοτάριου,false,false,false,,false
9029,Στέφανος (Στεφάνου ;),false,false,false,,false
9030,Τ. Αγριανίτης ;,false,false,false,,false
9031,Βασ. Μπουσιώτης ;,false,false,false,,false
9032,Bruno Lomas - απόδοση στα ελλην. Αθ. Τσόγκας,false,false,false,,false
9033,Bigozzi,false,false,false,,false
9034,Μάγια Μαράτου,false,false,false,,false
9035,Μπακάλης (Βίρβος),false,false,false,,false
9036,Ν. Σαΐνης,false,false,false,,false
9037,Βαλεντίνος Πατρικίδης,false,false,false,,false
9038,Δ. Γκόγκος (Μπαγιαντέρας),false,false,false,,false
9039,Π. Σκοπελίτης,false,false,false,,false
9040,Μπακάλης,false,false,false,,false
9041,Γιώ. Σαββανίδης,false,false,false,,false
9042,Τιμ. Τζανής,false,false,false,,false
9043,Βάσω Μυρογιάννη,false,false,false,,false
9044, Γιά. Ζουγανέλης,false,false,false,,false
9045,Πολυχρ. Χαλκιάς,false,false,false,,false
9046,"Manuella Sanchez Serrapi, Santaoballa Pitto Manuel, Juan Valderrama Bianca",false,false,false,,false
9047,Άγνωστος ή Γιά. Κουγιούλης,false,false,false,,false
9048,Έλλη Λοΐζου,false,false,false,,false
9049,Θαν. Χάρος,false,false,false,,false
9050,Λάζ. Ακριτίδης,false,false,false,,false
9051,Ι. Γρηγοριάδης,false,false,false,,false
9052,Λεμονόπουλος,false,false,false,,false
9053,Έλλη Καμαρινάκη,false,false,false,,false
9054,Αναστ. Γιακουμάκης,false,false,false,,false
9055,Βίρβου,false,false,false,,false
9056,Juan Mostazo Morales,false,false,false,,false
9057,"Δ. Μανήσαλης, Περιστέρης",false,false,false,,false
9058,Παπά Άγγελος Ψυλλάκης,false,false,false,,false
9059,Ν. Φατούρος,false,false,false,,false
9060,"Γιώ. Μοσχονάς, Τσιτσάνης",false,false,false,,false
9061,Etienne Roda Gil - απόδοση στα ελλην. Γιώ. Κανελλόπουλος,false,false,false,,false
9062,Θεόφ. Σακκελαρίδης,false,false,false,,false
9063,Θ. Ανδρουλής,false,false,false,,false
9064,Ζοζέφ Τερβισασιάν,false,false,false,,false
9065,Σούλης Λιάκος,false,false,false,,false
9066,B. Canfora,false,false,false,,false
9067,Γ. Μητρόπουλος,false,false,false,,false
9068,Αλέκος Παναγιωτόπουλος,false,false,false,,false
9069,Δ. Λοΐζος,false,false,false,,false
9070,Στέλιος Καλαϊτζής,false,false,false,,false
9071,Δ. Γεωργιάδης,false,false,false,,false
9072,"Πασχάλης Αρβανιτίδης, Ξεν. Μπρουτζάκη",false,false,false,,false
9073,Σταμ. Κραουνάκης,false,false,false,,false
9074,Λ. Κανέλλη,false,false,false,,false
9075,Θεόφρ. Σακκελαρίδης,false,false,false,,false
9076,Μάκης Ερημίτης,false,false,false,,false
9077,Ανδρ. Καραγιαννόπουλος,false,false,false,,false
9078,Ζωρζ Σαρρή,false,false,false,,false
9079,Τ. ΜιχαηλίδηςΤ. Μιχαηλίδης (Βαγγ. Γκούφας),false,false,false,,false
9080,Μένη Φαρδενάλη,false,false,false,,false
9081,"Μουστακί, Θεοδωράκης",false,false,false,,false
9082,Δερβενιώτης ή Καραπατάκης,false,false,false,,false
9083,Χρ. Ζυγοβίνας ;,false,false,false,,false
9084,Ν. Παναγόπουλος,false,false,false,,false
9085,Παύλος Παυλίδης,false,false,false,,false
9086,Ν. Καζαντζάκης,false,false,false,,false
9087,Τάσος Αρχάκης,false,false,false,,false
9088,"Πρετεντέρης, Θίσβιος, Γιαλαμάς",false,false,false,,false
9089,Καμπανέλλης ;,false,false,false,,false
9090,Μάκης Αλατζάς,false,false,false,,false
9091,Σάββας Κιουλάνης,false,false,false,,false
9092,Τάσος Οικονομίδης,false,false,false,,false
9093,Αφρούλα Ντρίτσου,false,false,false,,false
9094,Διασκευή και εναρμόνηση Σπ. Καψάσκης,false,false,false,,false
9095,P. Massara,false,false,false,,false
9096,Αργυρώ Τσιακίρη,false,false,false,,false
9097,Bob Azzam,false,false,false,,false
9098,Γ. Βεντουζάς,false,false,false,,false
9099,Παν. Τριανταφυλλίδης,false,false,false,,false
9100,Ν. Γκούμας,false,false,false,,false
9101,Τούντας ή παραδοσιακό,false,false,false,,false
9102,Eldar Mansurov,false,false,false,,false
9103,Η είσοδος του χορού,false,false,false,,false
9104,Ramon Ayala,false,false,false,,false
9105,παραδοσιακό - διασκευή Βιργινία Μαγκίδου,false,false,false,,false
9106,Νικηφ. Βρεττάκος,false,false,false,,false
9107,Γιώ. Παπαδόπουλος (ή παραδοσιακό ;),false,false,false,,false
9108,Κ. Παρασκευάς,false,false,false,,false
9109,Hild,false,false,false,,false
9110,"M. Sembello, R. Waldman - διασκευή Εύη Δρούτσα",false,false,false,,false
9111,Λευτ. Τάσος,false,false,false,,false
9112,Γιώ. Σαμολαδάς,false,false,false,,false
9113,Μ. Ταξείδης (Μ. Ελευθερίου),false,false,false,,false
9114,Xατζηχρήστος,false,false,false,,false
9115,Παν. Τράμπαλης,false,false,false,,false
9116,Sergio Endrico,false,false,false,,false
9117,Γιώ. Αμαραντίδης,false,false,false,,false
9118,M. Panas (Μάριος Πανάς),false,false,false,,false
9119,Στάθης Ρίζος,false,false,false,,false
9120,Γρηγ. Βασιλείου,false,false,false,,false
9121,Μ. Μπαρμπαλιάς,false,false,false,,false
9122,Δάκης;,false,false,false,,false
9123,Μ. Μοσχόπουλος,false,false,false,,false
9124,R. Rupen,false,false,false,,false
9125,Βαγγ. Κονιτοπούλος,false,false,false,,false
9126,Mario Schisa,false,false,false,,false
9127,Δεβενιώτης,false,false,false,,false
9128,Παν. Καπίρης,false,false,false,,false
9129,Ιουλία Μητσάκη,false,false,false,,false
9130,"Δημ. Ορφανίδης, Μ. Γεωργαρής",false,false,false,,false
9131,Στυλιανή Γραμματικοπούλου,false,false,false,,false
9132,Ν. Λαρυγκάκης,false,false,false,,false
9133,Χρ. Χριστοδουλόπουλος,false,false,false,,false
9134,Θ. Κομζιά,false,false,false,,false
9135,Σπ Σαμοΐλης,false,false,false,,false
9136,Κ. Διακάτος,false,false,false,,false
9137,"Ζαμπέτας (Χ. Βασιλειάδης, Τάσ. Μαστοράκης)",false,false,false,,false
9138,Ανδρέας Γρηγορίου,false,false,false,,false
9139,Vlavianos (Βλαβιανός),false,false,false,,false
9140,Γιά. Μάλλιας,false,false,false,,false
9141,"Migliacci, Ν. Κύταρης",false,false,false,,false
9142,Μπουνέλης,false,false,false,,false
9143,Παν. Κλουβάτος,false,false,false,,false
9144,Μίκα Κοέρου,false,false,false,,false
9145,"Σακελλάριος, Βασιλειάδης",false,false,false,,false
9146,Σόφη Παπά,false,false,false,,false
9147,Παν. Μαρόκος,false,false,false,,false
9148,Battisti,false,false,false,,false
9149,Enriguez - απόδοση στα ελλην. Ρ. Ζαλοκώστα,false,false,false,,false
9150,Ν. Τουρκάκης,false,false,false,,false
9151,Τρίο Γκρέκο,false,false,false,,false
9152,"Κ. Λίβανος, Θόδ. Καμπουρίδης",false,false,false,,false
9153,Δημοσθ. Ζάττας,false,false,false,,false
9154,"Rishelle Dassin, Claude Lemesle",false,false,false,,false
9155,Δ. Γκούτης (Περπινιάδης),false,false,false,,false
9156,Παντ. Κιούλογλου,false,false,false,,false
9157,Μιχ. Αλεξάκης,false,false,false,,false
9158,Δήμος Γκιούσος,false,false,false,,false
9159,Δ. (Κούλης) Σκαρπέλης,false,false,false,,false
9160,L. Pilat,false,false,false,,false
9161,Ευ. Αγαπίου,false,false,false,,false
9162,"Γιώ. Αλουπογιάννης, Δημ. Κοτάκος",false,false,false,,false
9163,C. Fox - απόδοση στα ελλην. Γιά. Πετρίτσης,false,false,false,,false
9164,Η. Αγγελόπουλος,false,false,false,,false
9165,Γ. Κανδής,false,false,false,,false
9166,Μάριος Διολατζής,false,false,false,,false
9167,Βασ. Σαλέας (παραδοσιακό),false,false,false,,false
9168,Παπαϊωάννου (Χ. Βασιλειάδης ;),false,false,false,,false
9169,G. Canarini,false,false,false,,false
9170,Σπ. Κουρκουνάκης,false,false,false,,false
9171,Γιά. Ρώτας,false,false,false,,false
9172,Xρ. Παπαδόπουλος,false,false,false,,false
9173,Αναστ. Κοβάνης,false,false,false,,false
9174,Ηλ. Ποτοσίδης,false,false,false,,false
9175,Ορφανός,false,false,false,,false
9176,Φώντας Σπουργίτης,false,false,false,,false
9177,Γιά. Κ. Ιωάννου,false,false,false,,false
9178,Χρ. Πασιαρδής,false,false,false,,false
9179,Μαριάννα Τόλη,false,false,false,,false
9180,Κ. Σμυρνιός,false,false,false,,false
9181,Χρ. Κιμπουρόπουλος,false,false,false,,false
9182,Zoran Simganovic,false,false,false,,false
9183,Ν. Αλιφραγκής,false,false,false,,false
9184,Poll (Τουρνάς),false,false,false,,false
9185,Τίτος Παπάζογλου,false,false,false,,false
9186,Α. Λύκος,false,false,false,,false
9187,Παν. Καλύβας,false,false,false,,false
9188,Στέλιος Γεράνης,false,false,false,,false
9189,Κ. Μπέζος (Α. Κωστής),false,false,false,,false
9190,Βεατρ. Δαλαμάγκα,false,false,false,,false
9191,Γλυκερία Χασάπη,false,false,false,,false
9192,Α. Fragna,false,false,false,,false
9193,Ηλ. Λυμπερόπουλος,false,false,false,,false
9194,Μαικ Ροζάκης,false,false,false,,false
9195,Πέρης Χαμηλοθώρης,false,false,false,,false
9196,Youlis,false,false,false,,false
9197,Ι. Καπερώνης,false,false,false,,false
9198,Ηλ. Λεπενιώτης,false,false,false,,false
9199,Θ. Γεωργιάδης,false,false,false,,false
9200,Σπανομαρίδης (Γκούτης ;),false,false,false,,false
9201,Γιώ. Μίχας,false,false,false,,false
9202,Ζωή Καρέλη,false,false,false,,false
9203,Μ. Μπαλτόπουλος (Μαρκάκης),false,false,false,,false
9204,Lakshmi Shankar,false,false,false,,false
9205,"Χ. Βασιλειάδης, Τάσ. Μαστοράκης",false,false,false,,false
9206,Λ. Τσώλης,false,false,false,,false
9207,Γιώ. Μαργιολάς,false,false,false,,false
9208,Μαν. Λαγός (Λαγουδάκης),false,false,false,,false
9209,Γ. Παναγιωτάκης,false,false,false,,false
9210,Μίνως Τσάμας,false,false,false,,false
9211,S. Levy - απόδοση στα ελλην. Δημ. Ιατρόπουλος,false,false,false,,false
9212,Νίκ. Μοσχονάς,false,false,false,,false
9213,Κ. Σωτ. Γιαννακάκης ;,false,false,false,,false
9214,Π. Κρασαδάκης,false,false,false,,false
9215,Κ. Καμπίτσης,false,false,false,,false
9216,Τζών Στάκας,false,false,false,,false
9217,Κ. Θεοδωρόπουλος (Χάρης Πατρινός),false,false,false,,false
9218,Στέλιος Βαγιώτης,false,false,false,,false
9219,Νότης Κύτταρης,false,false,false,,false
9220,Γιώ. Λευτεράκης,false,false,false,,false
9221,T. Fergo - απόδοση στα ελλην. Πωλ Μενεστρέλ,false,false,false,,false
9222,"Stubbs, Benson",false,false,false,,false
9223,Παντελής Λεούσης,false,false,false,,false
9224,Κολοκοτρώνης (Χρυσίνης),false,false,false,,false
9225,"W. Linkinga, E. Quwens - απόδοση στα ελλην. Σέβη Τηλιακού",false,false,false,,false
9226,Σούλα Κόψη,false,false,false,,false
9227,Γιώ. Χουβαρδάς,false,false,false,,false
9228,Στέλιος Φραγκάκης,false,false,false,,false
9229,Πέτρος Ταμπούρης,false,false,false,,false
9230,Γιά. Κουρκουμέλης,false,false,false,,false
9231,Κατ. Κόρου,false,false,false,,false
9232,Μιχ. Πασιαρδής,false,false,false,,false
9233,Σ. Αντωνίου,false,false,false,,false
9234,J. Bock,false,false,false,,false
9235,Γ. Χαλκίδης ;,false,false,false,,false
9236,Βαγγ. Σίμου,false,false,false,,false
9237,Νάσος Ζυγογιάννης,false,false,false,,false
9238,Παν. Σκουρτέλης ή Νικολόπουλος ;,false,false,false,,false
9239,Κλωναρίδης,false,false,false,,false
9240,Smith,false,false,false,,false
9241,Τ. Σούκας (Ηρ. Παπασιδέρης ;),false,false,false,,false
9242,Ι. Κόλλιας,false,false,false,,false
9243,"Γιά. Ξυλούρης, Γρ. Χατζάκης",false,false,false,,false
9244,Μαν. Αλαγιάννης,false,false,false,,false
9245,Daniel Armando,false,false,false,,false
9246,Βαγγ. Κατσούλης,false,false,false,,false
9247,Nicola Di Bari - απόδοση στα ελλην. Νότης Κύταρης,false,false,false,,false
9248,Δ. Περιστέρης,false,false,false,,false
9249,Άκης Σμυρναίος,false,false,false,,false
9250,Χάρμας,false,false,false,,false
9251,"Carson, Thompson",false,false,false,,false
9252,Κ. Καλαμπούκας,false,false,false,,false
9253,Ιακ. Καμπανέλλης,false,false,false,,false
9254,Ιωάν. Διαμαντόπουλος,false,false,false,,false
9255,Δημ. Διαμάντης,false,false,false,,false
9256,Κ. Σώπης,false,false,false,,false
9257,Ralph Arnie - απόδοση στα ελλην. Λ. Παπαδόπουλος,false,false,false,,false
9258,Α. Πλωμαρίτης,false,false,false,,false
9259,Βασ. Μαυροφρύδης,false,false,false,,false
9260,Κλέων Γρηγοριάδης,false,false,false,,false
9261,Ν. Λεονάρδος,false,false,false,,false
9262,Παγιουμιτζής,false,false,false,,false
9263,Στ. Βαμβακάρης ;,false,false,false,,false
9264,"Στέλιος Σαλβαδόρ, Παύλος Παυλίδης, Γιά. Παπαϊωάννου",false,false,false,,false
9265,Μαρίκα Γιαννοπούλου,false,false,false,,false
9266,Κ. Καπλάνογλου,false,false,false,,false
9267,Ανδρ. Ζαφειρίου,false,false,false,,false
9268,Λήδα-Σπύρος Βλασσόπουλος,false,false,false,,false
9269,Adrian Flores,false,false,false,,false
9270,Φ. Φυλακτός,false,false,false,,false
9271,Π. Φαλάρας,false,false,false,,false
9272,διασκευή Ξυλούρης,false,false,false,,false
9273,Κ. Αναστασάκης,false,false,false,,false
9274,"Walter Reisch, Armin Robinson - απόδοση στα ελλην. Ξενοφ. Γ. Αστεριάδης",false,false,false,,false
9275,Ν. Κυπραίος,false,false,false,,false
9276,Κ. Πεΐδης,false,false,false,,false
9277,Ρεβέκκα Ρούσση,false,false,false,,false
9278,Βίβος,false,false,false,,false
9279,Πάν. Τσαπάρας,false,false,false,,false
9280,Renato Carusone,false,false,false,,false
9281,Μ. Ηλίας,false,false,false,,false
9282,Αλ. Κολλιόπουλος,false,false,false,,false
9283,"Γιαλαμάς, Θίσβιος, Πρετεντέρης",false,false,false,,false
9284,Γεωργία Βαρδάκη,false,false,false,,false
9285,Χριστάκης Ανδρέου,false,false,false,,false
9286,Ανδρ. Αλεξανδρόπουλος,false,false,false,,false
9287,Λευτ. Καμπουράκης,false,false,false,,false
9288,Χρ. Μουραμπάς,false,false,false,,false
9289,Γιά. Νάστας,false,false,false,,false
9290,Κατερ. Πανάγου,false,false,false,,false
9291,"Χαρ. Βασιλειάδης, Τάσ. Μαστοράκης",false,false,false,,false
9292,J. Zwart,false,false,false,,false
9293,Morisod,false,false,false,,false
9294,Σ. Ρυσσιάνος,false,false,false,,false
9295,Αμαλία Σακοπούλου,false,false,false,,false
9296,Μίμης Θειόπουλος,false,false,false,,false
9297,Βίκτωρ Ουγκώ,false,false,false,,false
9298,Χατζηχρήστος (Γιώ. Φωτίδας),false,false,false,,false
9299,"Βαγγ. Δεληκούρας, Χρ. Παπαδόπουλος",false,false,false,,false
9300,L. Bard - απόδοση στα ελλην. Χριστομόπουλος,false,false,false,,false
9301,Στ. Χρυσίνης (παραδοσιακό ;),false,false,false,,false
9302,Melle Weersma,false,false,false,,false
9303,Σ. Στεφανόπουλος,false,false,false,,false
9304,"Βαγγ. Ατραΐδης, Γιά. Βασιλόπουλος",false,false,false,,false
9305,Νταλάρας,false,false,false,,false
9306,B. Russell,false,false,false,,false
9307,Αγγέλα Ραφτοπούλου,false,false,false,,false
9308,Τάσος Σμαρτζής,false,false,false,,false
9309,Ανδρ. Εμπειρίκος,false,false,false,,false
9310,Παπαϊωάννου (Περιστέρης ;),false,false,false,,false
9311,Μωράκης,false,false,false,,false
9312,B. M. R. Gidd,false,false,false,,false
9313,Χρ. Κοντόπουλος,false,false,false,,false
9314,Εμ. Μπουγαδάκης,false,false,false,,false
9315,Δημ. Βαγενάς,false,false,false,,false
9316,Α. Μπατσαλιάς,false,false,false,,false
9317,"Η. Καραμούζης, Γ. Νομικός, Δ. Χωριανόπουλος",false,false,false,,false
9318,E. Polito,false,false,false,,false
9319,Ν. Μπατάγιας,false,false,false,,false
9320,Λεον. Μπουρνέλης,false,false,false,,false
9321,"Χρυσίνης, Ν. Πετράς",false,false,false,,false
9322,"B. Kaye, D. Hill, E. Lee",false,false,false,,false
9323,Fuchberger - απόδοση στα ελλην. Ν. Μαστοράκης,false,false,false,,false
9324,Κ. Ασμανίδης,false,false,false,,false
9325,S. Woods - απόδοση στα ελλην. Στ. Βλαβιανός,false,false,false,,false
9326,Κ. Μπηλίρης,false,false,false,,false
9327,Cobian,false,false,false,,false
9328,Γιά. Κατέβας,false,false,false,,false
9329,Βιολάρης,false,false,false,,false
9330,Αλέκος Ξένος,false,false,false,,false
9331,Αιμ. Δάφνη,false,false,false,,false
9332,Εμμ. Χρυσαφάκης (Φιστιξής),false,false,false,,false
9333,Μαν. Κονδύλης,false,false,false,,false
9334,Στάθης Τσαγκλής-Μουρκάκος,false,false,false,,false
9335,Λάμπρος Καρελάς,false,false,false,,false
9336,Χαΐνηδες,false,false,false,,false
9337,Ανδρέας Δαφναίος,false,false,false,,false
9338,Έφη Αργυρού,false,false,false,,false
9339,Ν. Παγιωτάτος,false,false,false,,false
9340,Μάρω Μπιζάνη,false,false,false,,false
9341,J. Barry,false,false,false,,false
9342,Τομ Τζόουνς,false,false,false,,false
9343,Κ. Αθανασίου (Γιά. Λογοθέτης),false,false,false,,false
9344,Σπ. Χρηστίδης,false,false,false,,false
9345,Π. Σακελλαρόπουλος,false,false,false,,false
9346,Τίτος Πατρίκιος,false,false,false,,false
9347,Βασ. Ροδόπουλος,false,false,false,,false
9348,Κ. Γουδής,false,false,false,,false
9349,"Γεράσιμος Σταύρου, Ν. Καζαντζάκης",false,false,false,,false
9350,Blackburn,false,false,false,,false
9351,διασκευή Αμαλίας Πατσούμη,false,false,false,,false
9352,Ν. Ταλιάς,false,false,false,,false
9353,Βούλγαρης (Βασιλάκης),false,false,false,,false
9354,Ανδ. Γρηγορίου,false,false,false,,false
9355,Ε. Αμπράζης,false,false,false,,false
9356,Παπαϊωάννου (Κ. Γόντικας),false,false,false,,false
9357,Inglesias,false,false,false,,false
9358,Αχιλ. Τζιόλας,false,false,false,,false
9359,Μάκης Καλαντζής,false,false,false,,false
9360,Δήμου,false,false,false,,false
9361,Ν. Φώσκολος,false,false,false,,false
9362,Εβραϊκό παραδοσιακό - απόδοση στα ελλην. Λ. Παπαδόπουλος,false,false,false,,false
9363,Π. Οικονόμου (Μ. Μάτσας ;),false,false,false,,false
9364,Antonio Vian - απόδοση στα ελλην. Πωλ Μενεστρέλ,false,false,false,,false
9365,Γ. Φέρρης,false,false,false,,false
9366,Δημ. Καραβάνας,false,false,false,,false
9367,J. Leider - απόδοση στα ελλην. ;,false,false,false,,false
9368,Σίμων Καρακάσης (Αγάπιος Τομπούλης ;),false,false,false,,false
9369,Θόδ. Γραμμένος,false,false,false,,false
9370,Ωρίωνες,false,false,false,,false
9371,Θάνος Φουργιώτης,false,false,false,,false
9372,ΜΠακάλης,false,false,false,,false
9373,Μαρία Μαυριτσάκη,false,false,false,,false
9374,Λ. Πασχαλίδης,false,false,false,,false
9375,Ελ. Χατζηιορδάνου,false,false,false,,false
9376,Nubar İbrahim,false,false,false,,false
9377,Πυθαγόρα,false,false,false,,false
9378,Βαγγ. Σούκας;,false,false,false,,false
9379,Ηλ.Πολύδωρος,false,false,false,,false
9380,Έντγκαρ Άλλαν Πόε - απόδοση στα ελλην. Κ. Ουράνης,false,false,false,,false
9381,Azzam C,false,false,false,,false
9382,"Ηρ. Παπασιδέρης, Γιά. Γαβαλάς",false,false,false,,false
9383,Laza Ristovski,false,false,false,,false
9384,Νάσος Πολυκανδριώτης,false,false,false,,false
9385,Ν. Λεβέντης,false,false,false,,false
9386,Elias McDaniel,false,false,false,,false
9387,Λάζ. Ρούβας,false,false,false,,false
9388,Μπ. Μπακάλης,false,false,false,,false
9389,"F. Micliacci, D. Farina",false,false,false,,false
9390,Λάκης Μουρατίδης,false,false,false,,false
9391,Πεπίνο Λιζαρδής,false,false,false,,false
9392,Χρ. Κυρίτσης,false,false,false,,false
9393,Βάιος Μαργαρίτης,false,false,false,,false
9394,Guidone,false,false,false,,false
9395,"Γιά. Βασιλόπουλος, Χαψιάδης",false,false,false,,false
9396,Ζ. Ξυθάλης,false,false,false,,false
9397,Ν Τσιμαχίδης.,false,false,false,,false
9398,Π. Ιωνάθαν,false,false,false,,false
9399,Πολύβιος Δημητρακόπουλος,false,false,false,,false
9400,Βαγγ. Κόλλιας,false,false,false,,false
9401,Κυριακάτης,false,false,false,,false
9402,Βίκτωρ Πολυδώρου,false,false,false,,false
9403,Αθ. Τσόγκας,false,false,false,,false
9404,Π. Παπαδάκης,false,false,false,,false
9405,Αντ. Σπανός,false,false,false,,false
9406,Τ. Κουτσιώλης,false,false,false,,false
9407,Α. Ανδρεόπουλος,false,false,false,,false
9408,Σ. Γιούντερης,false,false,false,,false
9409,G. and M. De Angelis - απόδοση στα ελλην. Σώτια Τσώτου,false,false,false,,false
9410,Μπενέτος (παραδοσιακό),false,false,false,,false
9411,Δ. Ναζιρίδης,false,false,false,,false
9412,Χριστόφ. Μυτκάκης,false,false,false,,false
9413,Fr. Lopez - απόδοση στα ελλην. Πωλ Μενεστρέλ,false,false,false,,false
9414,"Κ. Ρουβέλας, Ροβερτάκης",false,false,false,,false
9415,Αναστ. Καράντζης,false,false,false,,false
9416,Μπαρντόττι,false,false,false,,false
9417,Maurice Teze,false,false,false,,false
9418,Χριστάκης Μάρκου,false,false,false,,false
9419,Λεων. Τσίπης,false,false,false,,false
9420,Μιχ. Γρηγορίου,false,false,false,,false
9421,Μ. Μαρμαράς,false,false,false,,false
9422,Ξανθ. Καραθανάση,false,false,false,,false
9423,Αθ. Μπουρλιάκσος,false,false,false,,false
9424,παραδοσιακό ριζίτικο,false,false,false,,false
9425,Δερβενιώτης (Κ. Ζήτης),false,false,false,,false
9426,J. Prieto,false,false,false,,false
9427,Ν. Νομικός,false,false,false,,false
9428,ψαλμός,false,false,false,,false
9429,"Πρετεντέρης, Γιώ. Οικονομίδης",false,false,false,,false
9430,Καριοφ. Δοϊτσίδης,false,false,false,,false
9431,Σήφης Αγγελιδάκης,false,false,false,,false
9432,Paul Durand,false,false,false,,false
9433,C. Morgan,false,false,false,,false
9434,ΖαμπέταςΖαμπέτας,false,false,false,,false
9435,Μ(άρω ;). Χατζή,false,false,false,,false
9436,Γρηγόρης Γρ. Μπιθικώτσης,false,false,false,,false
9437,Τηλέμαχος Χλέκος (Χ. Βασιλειάδης ;),false,false,false,,false
9438,Κ. Βάρναλης,false,false,false,,false
9439,Roberto Carlos - απόδοση στα ελλην. Κ. Τσερώνης,false,false,false,,false
9440,Κ. Τζοργκίδης,false,false,false,,false
9441,Παντ. Κανάλες,false,false,false,,false
9442,"Μιλτ. Μάστορας, Φίλ. Ρούντας",false,false,false,,false
9443,Udo Westgard,false,false,false,,false
9444,Γιά. Κοντοκάνης,false,false,false,,false
9445,"Μπιθικώτσης, Τ. Λαβίδας",false,false,false,,false
9446,Χρ. Σερέτης,false,false,false,,false
9447,Beckmann,false,false,false,,false
9448,Κοινούσης,false,false,false,,false
9449,;;;,false,false,false,,false
9450,Α. Παπουτσής,false,false,false,,false
9451,Κολοκοτρώνης,false,false,false,,false
9452,Ν. Καλογείτονας,false,false,false,,false
9453,"Godley, Greme",false,false,false,,false
9454,"B. Sussman, J. Feldman - απόδοση στα ελλην. Σέβη Τηλιακού",false,false,false,,false
9455,J. Jacobs,false,false,false,,false
9456,Γιά. Νοητάκης,false,false,false,,false
9457,Λάζαρος Ρούβας,false,false,false,,false
9458,παραδοσιακό Ζακύνθου,false,false,false,,false
9459,Αλέξ. Δήμας,false,false,false,,false
9460,G. Bella - απόδοση στα ελλην. Σέβη Τηλιακού,false,false,false,,false
9461,Μάκης Ευσταθίου,false,false,false,,false
9462,Γ. Μίντης,false,false,false,,false
9463,Κλουβάτος (Παπαγιαννοπούλου),false,false,false,,false
9464,Ι. Διαμαντόπουλος (Μάρκος),false,false,false,,false
9465,Στέφ. Μπούρας,false,false,false,,false
9466,Ανδρ. Μάμαης,false,false,false,,false
9467,"Γ. Ασημακόπουλος, Β. Παπαδούκας, Β. Σπυρόπουλος",false,false,false,,false
9468,N. Kirsch,false,false,false,,false
9469,Αλέξης Μάνου,false,false,false,,false
9470,"Μπ. Μαρκάκης, Στέλ. Σουγιουλτζής",false,false,false,,false
9471,Βασ. Ναλμπάντης,false,false,false,,false
9472,Μάριος Κολοκοτρώνης,false,false,false,,false
9473,Δ. Σφακιανός,false,false,false,,false
9474,Μητσάκης (Σέμσης ;),false,false,false,,false
9475,Λεβ,false,false,false,,false
9476,Γ. Γεωργακόπουλος,false,false,false,,false
9477,Δημ. Νικολαΐδης,false,false,false,,false
9478,Bar Oz Abraham,false,false,false,,false
9479,Γιώ. Φλεβάρης,false,false,false,,false
9480,διασκευή Παν. Μπιλικάς,false,false,false,,false
9481,"Γερ. Λαβράνος, Ν. Σκέμπρης.",false,false,false,,false
9482,Γιώ. Χατζιδάκις,false,false,false,,false
9483,Θ. Κρυστάλης,false,false,false,,false
9484,Απόστολος Φράγκος,false,false,false,,false
9485,Γ. Γούσης,false,false,false,,false
9486,Δ. Τσιτσομενέας,false,false,false,,false
9487,Ν. Επιτροπάκης,false,false,false,,false
9488,Κ. Κοντογιώργος,false,false,false,,false
9489,Νατάσα Μεσσήνη,false,false,false,,false
9490,Γιώ. Π. Βασιλόπουλος ή Αρτέμης Αξαρλής,false,false,false,,false
9491,Ralph Arnie - απόδοση στα ελλην. Σέβη Τηλιακού,false,false,false,,false
9492,Pagand,false,false,false,,false
9493,Γιώ. Θεοδοσιάδης,false,false,false,,false
9494,Αρίστος Τριανταφυλλίδης,false,false,false,,false
9495,Κ. Χαριτάτος,false,false,false,,false
9496,Γ. Φωτίδας,false,false,false,,false
9497,Κ. Λιακάκος,false,false,false,,false
9498,Βασ. Ζαλιμίδης,false,false,false,,false
9499,Μ. Ρηγόπουλος,false,false,false,,false
9500,Αγγελική Δαμίψου,false,false,false,,false
9501,"Χρ. Γκόλιας, Μπ. Δαλιάνης",false,false,false,,false
9502,Γιά. Αρχόντης,false,false,false,,false
9503,Τιμ. Ξανθόπουλος,false,false,false,,false
9504,Δ. Γούναρης,false,false,false,,false
9505,Καζαντζίδης (Παπαγιαννοπούλου),false,false,false,,false
9506,"Αντ. Βώττης, Αιμ. Δραγάτσης",false,false,false,,false
9507,Χαριτοδιπλωμένος,false,false,false,,false
9508,Κ. Γιαννίδης,false,false,false,,false
9509,Hays - απόδοση στα ελλην. Πασχάλης Αρβανιτίδης,false,false,false,,false
9510,B. Arico - απόδοση στα ελλην. Δημ. Ιατρόπουλος,false,false,false,,false
9511,Γιά. Πετρίδης,false,false,false,,false
9512,Πετσάς (Δαλέζιος),false,false,false,,false
9513,"Λευτ. Πλιάτσικας, Πένυ Ραμαντάνη",false,false,false,,false
9514,Γ. Αλεξάκοs,false,false,false,,false
9515,Fogerty,false,false,false,,false
9516,Βαγγ. Παπαθανασίου,false,false,false,,false
9517,Γιά. Κόλιας,false,false,false,,false
9518,"Δημ. Αποστολάκης, Σ. Βουρβαχάκης",false,false,false,,false
9519,Γιώ. Σταύρου,false,false,false,,false
9520,"Μαρία Αρκουλή, Γιώ. Ζήκας",false,false,false,,false
9521,Στέλιος Φωτιάδης,false,false,false,,false
9522,Βαρδής (Γκάτσος),false,false,false,,false
9523,Κ. Αλεξάκης,false,false,false,,false
9524,Ν. Βενιανάκης,false,false,false,,false
9525,Γιώ. Αυγενάκης,false,false,false,,false
9526,Γιώ. Καραθανάσης,false,false,false,,false
9527,Κ. Καραπαναγιωτίδης,false,false,false,,false
9528,Αν. Χαρίτος,false,false,false,,false
9529,Φωτεινή Σούκα,false,false,false,,false
9530,Γιώ. Δενδουλάκης,false,false,false,,false
9531,Pallavicini - απόδοση στα ελλην. Αθ. Τσόγκας,false,false,false,,false
9532,Τασούλα Παναγιωτίδου,false,false,false,,false
9533,Ι. Παλαιολόγου,false,false,false,,false
9534,Χρ. Ντίνης,false,false,false,,false
9535,Κ. Σωτηριάδης,false,false,false,,false
9536,Ευγένιος Τριβιζάς,false,false,false,,false
9537,Fr. Lopez,false,false,false,,false
9538,Γιώ. Ακριβόπουλος,false,false,false,,false
9539,Γιώ. Τσιμπίδης,false,false,false,,false
9540,Γ. Κριμιζάκης,false,false,false,,false
9541,Μιχ. Καλλέργης ;,false,false,false,,false
9542,Ρένα Ανδρεαδάκη,false,false,false,,false
9543,"Taccani, Di Paole",false,false,false,,false
9544,Γιά. Κοζαδίνος,false,false,false,,false
9545,J. Rolnando - απόδοση στα ελλην. Ν. Ελληναίος,false,false,false,,false
9546,Μ. Αλεξάκης,false,false,false,,false
9547,Παύλος Αντωνόπουλος,false,false,false,,false
9548,Αλ. Βούβαλης,false,false,false,,false
9549,Δημ. Ψαριανός,false,false,false,,false
9550,Ζαχαρίας Ρόχας,false,false,false,,false
9551,Γιώ. Καστρινός,false,false,false,,false
9552,"Ντον Σέφερ, Πωλ Μενεστρέλ",false,false,false,,false
9553,Τάκης Αθηναίος,false,false,false,,false
9554,Γ. Ασλανίδης,false,false,false,,false
9555,Κατινάρης (Παπαγιαννοπούλου),false,false,false,,false
9556,Τένια Ακρίτα,false,false,false,,false
9557,Αχ. Κεσίδης,false,false,false,,false
9558,Cavaliere,false,false,false,,false
9559,"Πουλικάκος, Αλ. Αράπης, R. Mc Kinnon Andrew",false,false,false,,false
9560,Θεόδ. Παπαδόπουλος,false,false,false,,false
9561,Κ. Λίβανος,false,false,false,,false
9562,Πελαγίτσα,false,false,false,,false
9563,Τερψ. Παπαστεφάνου,false,false,false,,false
9564,Σώτιας Τσώτοιυ,false,false,false,,false
9565,Μάνεσης,false,false,false,,false
9566,Σωτ. Βώπης,false,false,false,,false
9567,F. Lai - απόδοση στα ελλην. Ν. Ελληναίος,false,false,false,,false
9568,"Χ. Ζέρβας, Γιά. Εμμανουηλίδης",false,false,false,,false
9569,Ελένη Κολετζάκη,false,false,false,,false
9570,Πάνος Καψοκαβάδης,false,false,false,,false
9571,Τ. Ζερβός,false,false,false,,false
9572,Παναγής Αλεξάνδρου,false,false,false,,false
9573,Ευάγγ. Τασσόπουλος,false,false,false,,false
9574,Άντζελα Γκερέκου,false,false,false,,false
9575,Γιώ. Λέφας,false,false,false,,false
9576,Γ. Μάγειρας,false,false,false,,false
9577,Ν. Πετρίδης ή Δερβενιώτης ;,false,false,false,,false
9578,Μ. Τσαρτίνογλου,false,false,false,,false
9579,Νότα Αυγουστίνου,false,false,false,,false
9580,Γ. Πέτσογλου,false,false,false,,false
9581,Σκαφίδας,false,false,false,,false
9582,Γιώ. Π. Πετρίδης,false,false,false,,false
9583,Λ. Νικολός,false,false,false,,false
9584,Λ. Μαρκέας,false,false,false,,false
9585,Αν.Ανδρόνικος,false,false,false,,false
9586,Ελπίδα Περικλάκη,false,false,false,,false
9587,Δημ. Πικριάς,false,false,false,,false
9588,Passo Doble,false,false,false,,false
9589,"Τ. Μαστοράκης, Χ. Βασιλειάδης",false,false,false,,false
9590,Σ. Φραγκάκης,false,false,false,,false
9591,Αθαν. Παύλου,false,false,false,,false
9592,Μ. Σταθακόπουλος,false,false,false,,false
9593,Σώτια Τσώτου-Εμμανουηλίδου,false,false,false,,false
9594,Ανέστης Αθανασίου,false,false,false,,false
9595,Μήτσος Παπαδόπουλος,false,false,false,,false
9596,παραδοσιακό ;,false,false,false,,false
9597,A. Barriere,false,false,false,,false
9598,P. Caras,false,false,false,,false
9599,Σεραφ. Γεροθεοδώρου,false,false,false,,false
9600,Donaldson Walter,false,false,false,,false
9601,Θοδ. Παυλάκος,false,false,false,,false
9602,Αντ. Τσαγκρής,false,false,false,,false
9603,Ν. Σκιαδόπουλος,false,false,false,,false
9604,Καρουσάκης,false,false,false,,false
9605,Καρανικόλας (Γεωργακοπούλου ;),false,false,false,,false
9606,Γιά. Ψιμόπουλος,false,false,false,,false
9607,Κ. Τιτόπουλος,false,false,false,,false
9608,Τάσ. Γεωργόπουλος,false,false,false,,false
9609,παραδοσιακό - διασκευή Χάρης Ανδρεάδης,false,false,false,,false
9610,Ι. Χατζησόγλου,false,false,false,,false
9611,"Κ. Πολίτης, Ζαφ. Παπαδόπουλος",false,false,false,,false
9612,Γιώ. Νότης,false,false,false,,false
9613,Δημ. Λυμπερόπουλος,false,false,false,,false
9614,Foulkes,false,false,false,,false
9615,Κ. Αθανασίου,false,false,false,,false
9616,Στέφ. Ιωαννίδης (Ντσάφης),false,false,false,,false
9617,Mουσαφίρης,false,false,false,,false
9618,Χανς Κρίστιαν Άντερσεν,false,false,false,,false
9619,Savio Ambrosino,false,false,false,,false
9620,Sergio Endrigo,false,false,false,,false
9621,Humphries - απόδοση στα ελλην. Ρέτη Ζαλοκώστα,false,false,false,,false
9622,Tony Del Monaco,false,false,false,,false
9623,Δημ. Παρίδης,false,false,false,,false
9624,Μάρκος Κούμαρος,false,false,false,,false
9625,Μιχ. Βούρβαχης,false,false,false,,false
9626,Ηλ. Ουρανός ;,false,false,false,,false
9627,F. G. LORCA - απόδοση στα ελλην. Κ. Ζαρούκας,false,false,false,,false
9628,Κρίστυ Στασινοπούλου,false,false,false,,false
9629,Δημ. Λοΐζος,false,false,false,,false
9630,Μοσχονάς (Παπαγιαννοπούλου),false,false,false,,false
9631,Lierman,false,false,false,,false
9632,Τ. Ανδροκλής,false,false,false,,false
9633,Θεοχ. Θεοχαράκης,false,false,false,,false
9634,Λία Χατζή,false,false,false,,false
9635,A. Amenna-M. Rouana,false,false,false,,false
9636,Σ. Τζιάγκομπε,false,false,false,,false
9637,Δημ. Βαρδουλάκης,false,false,false,,false
9638,δημώδες-παραλλαγή Κεντρ. Ελλάδας,false,false,false,,false
9639,Ε. Φώκιαλη,false,false,false,,false
9640,Φράγκ. Πιστόνης,false,false,false,,false
9641,"Levo, Renerderi",false,false,false,,false
9642,Θάν. Σοφός,false,false,false,,false
9643,Μάγια Διαμάντη,false,false,false,,false
9644,Fand M. Reitano - απόδση στα ελλην. Ρέτη Ζαλοκώστα,false,false,false,,false
9645,Ανδρ. Μεξάς,false,false,false,,false
9646,Παντ. Ασημακόπουλος,false,false,false,,false
9647,Σπ. Ανασοτζής,false,false,false,,false
9648,Σέμσης (Κ. Κανούλας),false,false,false,,false
9649,Τάκης Αλέκος,false,false,false,,false
9650,"Ι. Στρατάκης, Μπουρνέλης",false,false,false,,false
9651,Testa Sciorilli - απόδοση στα ελλην. Γιώ. Σαντοριναίος,false,false,false,,false
9652,Γιάν Συμεωνίδης,false,false,false,,false
9653,Μαν. Ζουλινός,false,false,false,,false
9654,Ορφέας Κρεούζης,false,false,false,,false
9655,"James, Pepper",false,false,false,,false
9656,Eduarto Bianco - απόδοση στα ελλην. Γιά. Τσαμαδός,false,false,false,,false
9657,A. Bereau,false,false,false,,false
9658,"Γιώ. Κόρος, Κιτσάκης",false,false,false,,false
9659,A. Ciacci,false,false,false,,false
9660,Abdala Elsayed Medgahed,false,false,false,,false
9661,George Harrison,false,false,false,,false
9662,Ζαφειρία Φούκα,false,false,false,,false
9663,Γ. Σαμολαδάς,false,false,false,,false
9664,Παύλος Μάτεσις,false,false,false,,false
9665,Α. Πανταζής,false,false,false,,false
9666,Σώβερ μεταξάς,false,false,false,,false
9667,Κ. Ρουχίτσας,false,false,false,,false
9668,Γερ. Λαβράνος,false,false,false,,false
9669,Τ. Γιαννούλης,false,false,false,,false
9670,Π. Καλυβιάρης,false,false,false,,false
9671,Γ. Μακαρούνης,false,false,false,,false
9672,Π. Ζέρβας,false,false,false,,false
9673,Στέφανος Βέζος,false,false,false,,false
9674,"Χ. Βασιλειάδης, Τάσ. Κουλούρης",false,false,false,,false
9675,Λάκης Ευαγγελάτος,false,false,false,,false
9676,Άλκης Τσάρτας,false,false,false,,false
9677,Ζ. Ζαφειρίου,false,false,false,,false
9678,Κ. Ψυχογιός,false,false,false,,false
9679,Κ. Ζήτης,false,false,false,,false
9680,Θ. Σοφός (Γιώ. Μαλλίδης ;),false,false,false,,false
9681,Ι. Περπινιάδης,false,false,false,,false
9682,Γ. Καλάργαρης,false,false,false,,false
9683,Ζ. Κορίνθιος ;,false,false,false,,false
9684,Χρ. Στίπας,false,false,false,,false
9685,Αλκ. Ιωαννίδης,false,false,false,,false
9686,D. Alchansky - απόδοση στα ελλην. Ζ. Λώρη,false,false,false,,false
9687,Σ. Κουτούλιας,false,false,false,,false
9688,Π. Λαμπρινάκος,false,false,false,,false
9689,"διασκευή Χρ. Παπαδόπουλος, Βαγγ. Δεληκούρας",false,false,false,,false
9690,Σπανός ή Γιώ. Γεωργιάδης,false,false,false,,false
9691,Μ. Μορφόπουλος,false,false,false,,false
9692,Λ. Νικολακοπούλου,false,false,false,,false
9693,Ε. Μουστακίδης,false,false,false,,false
9694,Τibor Barezi - απόδοση στα ελλην. Μίµης Γαϊτάνος,false,false,false,,false
9695,Χάρχαλης,false,false,false,,false
9696,Π. Κολεμίδης,false,false,false,,false
9697,Μάρκ. Ευγενιάδης,false,false,false,,false
9698,Ν. Βρεττός,false,false,false,,false
9699,Α. Γρηγορίου,false,false,false,,false
9700,Ιωάν. Φερμάνογλου,false,false,false,,false
9701,Χρ. Παπαδόπουλος,false,false,false,,false
9702,Afric Simone,false,false,false,,false
9703,Άρης Γκρούεζας,false,false,false,,false
9704,Κ. Προκοπίου,false,false,false,,false
9705,Λαυρ. Μαχαιρίτσας,false,false,false,,false
9706,Χρ. Αντωνόπουλος,false,false,false,,false
9707,Γιώ. Μπιλίκας,false,false,false,,false
9708,Ν. Μωραϊτόπουλος,false,false,false,,false
9709,Μπουκουβάλας,false,false,false,,false
9710,Δημ. Σφακιανός,false,false,false,,false
9711,Ν. Μάστορας,false,false,false,,false
9712,Νεκτάριος Μπήτρος,false,false,false,,false
9713,Gianfranco Fassano - ελλην. στίχοι Οδ. Ιωάννου,false,false,false,,false
9714,"Alan Gordon, Gary Bonner",false,false,false,,false
9715,"διασκευή Πετσάς, Δερβενιώτης",false,false,false,,false
9716,Chr. Valvi,false,false,false,,false
9717,Στρ. καμμενίδης,false,false,false,,false
9718,Antonio Gala,false,false,false,,false
9719,Ελένη Ζιώγα,false,false,false,,false
9720,Γιά. Ζουγανέλης ή Χρ. Λεοντής,false,false,false,,false
9721,Μιχ. Σαγανίδης,false,false,false,,false
9722,Μάριος Μορφόπουλος,false,false,false,,false
9723,Μ. Μελιέρ,false,false,false,,false
9724,Καμπανέλλης,false,false,false,,false
9725,Τάκης Καρναβάς,false,false,false,,false
9726,Γιά. Μαρκόπουλος,false,false,false,,false
9727,Μιχ. Πετρόπουλος,false,false,false,,false
9728,Γ. Νομικός,false,false,false,,false
9729,Παρισιάδης,false,false,false,,false
9730,"Κ. Μελεμενλής, Ε. Συμεωνίδης",false,false,false,,false
9731,Ν. Φακίδης,false,false,false,,false
9732,Δ. Σιαμίδης,false,false,false,,false
9733,Γαβαλάς (Χ. Βασιλειάδης),false,false,false,,false
9734,Μ. Κατσίνης,false,false,false,,false
9735,Κ.. Στρογγυλός,false,false,false,,false
9736,Χρ. Στέφος,false,false,false,,false
9737,Σ. Λαζάρου,false,false,false,,false
9738,Νταράλας ή Ρούτσος ;;;,false,false,false,,false
9739,Γιά. & Θόδ. Πολυκανδριώτης,false,false,false,,false
9740,Κ Καπνίσης,false,false,false,,false
9741,Δημ. ή Γιώ. Μαργιολάς,false,false,false,,false
9742,45άρι Zodiac ZS,false,false,false,,false
9743,Χρήστος Μίγκος,false,false,false,,false
9744,Κ. Κοφινιώτης ή Ελπ. Κοφινιώτη,false,false,false,,false
9745,G. Baker,false,false,false,,false
9746,Αν. ή Αθαν. Μαργαρίτης,false,false,false,,false
9747,Ν. Αθανασόπουλος,false,false,false,,false
9748,Αμαλία Καρζή,false,false,false,,false
9749,Β. Κατσάνης,false,false,false,,false
9750,"Μ. Παγίδας, X. Λυμπερόπουλος",false,false,false,,false
9751,Δημ. Βάγιας,false,false,false,,false
9752,Αλέκος Λιδωρίκης,false,false,false,,false
9753,Ν. Κύτταρης,false,false,false,,false
9754,Gino Cudsi - απόδοση στα ελλην. Αθ. Τσόγκας,false,false,false,,false
9755,Γιώργης Κατινάς,false,false,false,,false
9756,Άννα Χατζηαντωνίου,false,false,false,,false
9757,Λιάνα Ρουσσιάνου,false,false,false,,false
9758,Κ. Σ. Γιαννακάκης,false,false,false,,false
9759,Σιδερής Μαργούτας,false,false,false,,false
9760,Ι. Κυπαρίσσης,false,false,false,,false
9761,Τάκης Βαρύτης,false,false,false,,false
9762,Γιά. Λαουτάρης,false,false,false,,false
9763,Τέτος Δημητριάδης,false,false,false,,false
9764,Marc Roland,false,false,false,,false
9765,Τούλα Μπούρα,false,false,false,,false
9766,Abraham Paul,false,false,false,,false
9767,Πολύδωρος,false,false,false,,false
9768,Μαρίνος Σταθακόπουλος,false,false,false,,false
9769,Μιχ. Χριστοδουλίδης,false,false,false,,false
9770,Ι. Κουτσούκης,false,false,false,,false
9771,Χρυσίνης ή Χ. Βασιλειάδης,false,false,false,,false
9772,Ν. Περγιάλης,false,false,false,,false
9773,Jakob Gade,false,false,false,,false
9774,Παρ. Οικονόμου,false,false,false,,false
9775,Σαββίδης,false,false,false,,false
9776,Χρ. Κουτούλιας,false,false,false,,false
9777,"Ι. Αργύρης, Χ. Βασιλειάδης",false,false,false,,false
9778,Ο. Λυρικός (Κ. Κοφινιώτης),false,false,false,,false
9779,Jose Franca,false,false,false,,false
9780,Γ. Παυλής,false,false,false,,false
9781,Βασ. Πόππης,false,false,false,,false
9782,Φ. Κοινούση,false,false,false,,false
9783,Ντάριο Φο - απόδοση στα ελλην. Κωστής Σκαλιώρας,false,false,false,,false
9784,Δ. Γεωργίου,false,false,false,,false
9785,Δαλέζιος (Χιώτης),false,false,false,,false
9786,Horacio Gemignani Pettorossi - απόδοση στα ελλην. Γιά. Τσαμαδός,false,false,false,,false
9787,Μάκης Βασιλειάδης (Χ. Βασιλειάδης ;),false,false,false,,false
9788,Ευαγόρας Παλληκαρίδης,false,false,false,,false
9789,Α. Παπασιδέρης,false,false,false,,false
9790,Κ. Γεωργουσόπουλος,false,false,false,,false
9791,Καλφόπουλος,false,false,false,,false
9792,Κοσμάς,false,false,false,,false
9793,Αγγελική Τολμίδου,false,false,false,,false
9794,Απ. Δοξιάδης,false,false,false,,false
9795,Β. Τζουβάρας,false,false,false,,false
9796,"Βαγγ. Μαρκαντώνης, Αδαμ Αδαμόπουλος",false,false,false,,false
9797,Γ. Γεωργίου,false,false,false,,false
9798,Μ. Γεώργαρης,false,false,false,,false
9799,Ocampos - απόδοση στα ελλην. Τ. Μαστοράκης,false,false,false,,false
9800,Μ. Χαλκιάδης,false,false,false,,false
9801,Τ. Μαστοράκης (;),false,false,false,,false
9802,Ευάγγ. Κονιτόπουλος,false,false,false,,false
9803,Μ. Μπελούκας,false,false,false,,false
9804,Γιά. Παυλής,false,false,false,,false
9805,απόδοση στα ελλην. Αλ. Αλεξόπουλος,false,false,false,,false
9806,Δημ. Κοτάκος,false,false,false,,false
9807,Γ. Πολίτης,false,false,false,,false
9808,Ναζίμ Χικμέτ - απόδοση στα ελλην. Γιώργης Παπαλεονάρδου,false,false,false,,false
9809,Νάσος Νανόπουλος,false,false,false,,false
9810,V. Raynold,false,false,false,,false
9811,Α. Κιτσάκης,false,false,false,,false
9812,Μάντζαρης,false,false,false,,false
9813,"Maresca ""Miota"" - απόδοση στα ελλην. Αθ. Τσόγκας",false,false,false,,false
9814,Τηλέμαχος Χλέκος,false,false,false,,false
9815,Ηλ. Λούγκος,false,false,false,,false
9816,Σ. Προδρομίδης,false,false,false,,false
9817,Johnson,false,false,false,,false
9818,Ελπίδα Κοφινιώτη,false,false,false,,false
9819,J. Feamley,false,false,false,,false
9820,Ξενοφώντας,false,false,false,,false
9821,Κ. Βλαχόπουλος,false,false,false,,false
9822,Κ. Μπιτινής,false,false,false,,false
9823,Παν. Χρυσαφέλης,false,false,false,,false
9824,"Μπακάλης, Μουφλουζέλης",false,false,false,,false
9825,E. Bonagura,false,false,false,,false
9826,Μ. Γαβιηλίδης,false,false,false,,false
9827,Π. Ασημακοπούλου,false,false,false,,false
9828,"Robuschi, G. Cubsi",false,false,false,,false
9829,Μ. Τσιχλάκης,false,false,false,,false
9830,Παν. Πέππας,false,false,false,,false
9831,Τάκης Βαρβιτσιώτης,false,false,false,,false
9832,Μηνάς Δημάκης,false,false,false,,false
9833,Λάκης Χαλκιόπουλος,false,false,false,,false
9834,Γιώ. Σωτηρόπουλος,false,false,false,,false
9835,Άνδρος Παπαπαύλου,false,false,false,,false
9836,Κ. Αντωνάκος,false,false,false,,false
9837,De La Calva,false,false,false,,false
9838,Διαμαντής Σιδερίδης,false,false,false,,false
9839,Φιλ. Κουρίδης,false,false,false,,false
9840,Κλουβάτος (Παπαϊωάννου ;),false,false,false,,false
9841,Μάρκος Ευγενεάδης,false,false,false,,false
9842,Ν. Αρμπιλιάς,false,false,false,,false
9843,"Λεό Λέανδρος, Κλάους Μονρό",false,false,false,,false
9844, Γιά. Δέδες,false,false,false,,false
9845,Μ. Μόσχος,false,false,false,,false
9846,Αντιγόνη Χαιρέτη,false,false,false,,false
9847,Ηλ. Σούκας,false,false,false,,false
9848,A. Caruso,false,false,false,,false
9849,Νικ. Βρεττάκος,false,false,false,,false
9850,Καραστέργιος,false,false,false,,false
9851,Γ. Τζωρτζάτος,false,false,false,,false
9852,"Eva Amaral, Juan Aguirre",false,false,false,,false
9853,Λ. Παπαθανασίου,false,false,false,,false
9854,Γιά. Πουλόπουλος,false,false,false,,false
9855,Στυλ. Μαρκέας,false,false,false,,false
9856,Π. Λυμπερόπουλος,false,false,false,,false
9857,Mort Shuman,false,false,false,,false
9858,Τσομίδης,false,false,false,,false
9859,Ε. Scorilli - απόδοση στα ελλην. Πωλ Μενεστρέλ,false,false,false,,false
9860,"Cahn, Stordahi, Weston",false,false,false,,false
9861,Α. Πούλος,false,false,false,,false
9862,Κ. Κοκολής,false,false,false,,false
9863,Μαρίκα Πολίτισσα,false,false,false,,false
9864,παραδοσιακό Πόντου (επιμέλεια Μιχ. Κουταλακίδης),false,false,false,,false
9865,Χ. και Μ. Τσαγκαράκης,false,false,false,,false
9866,Γιά. Δημητρίου,false,false,false,,false
9867,Kora Michaelian,false,false,false,,false
9868,Σίμος Ιωαννίδης,false,false,false,,false
9869,Γιά. Καραμπεσίνης,false,false,false,,false
9870,Γ. Κανούτης,false,false,false,,false
9871,Θόδ. Μπουσδούκος,false,false,false,,false
9872,Γιώ. Μανωλάκης,false,false,false,,false
9873,Πέτ. Πανταζής,false,false,false,,false
9874,Λεό Μπουσκάλια - απόδοση στα ελλην. Μαρίνα Λιώνη,false,false,false,,false
9875,Μ. Αστερίδης,false,false,false,,false
9876,"Δ. Ρέντης, Λ. Χατζής",false,false,false,,false
9877,I. Μητσόπουλος,false,false,false,,false
9878,Νίνου (Μάνεσης),false,false,false,,false
9879,Φώτης Καρακώστας,false,false,false,,false
9880,Bob Barton,false,false,false,,false
9881,Σαμολαδάς (Δερβενιώτης ;),false,false,false,,false
9882,Αθ. Σκορδαλός,false,false,false,,false
9883,Γ. Κίτσος,false,false,false,,false
9884,Γιώ. Λαβράνος,false,false,false,,false
9885,Α. Κουζής,false,false,false,,false
9886,Γ. Καρράς,false,false,false,,false
9887,Γιώ. Κοινούσης,false,false,false,,false
9888,Γιά. Βλάσσης,false,false,false,,false
9889,Ξέμπαρκοι,false,false,false,,false
9890,Δημ. Μιγγίρης,false,false,false,,false
9891,Λ. Ζούνης,false,false,false,,false
9892,Κ. Nικολαΐδης,false,false,false,,false
9893,Ηρώ Τρυγώνη,false,false,false,,false
9894,Πέτρος Μηλάς,false,false,false,,false
9895,Jonson,false,false,false,,false
9896,Γιά. Ντούνας,false,false,false,,false
9897,Λευτ. Ψιλόπουλος,false,false,false,,false
9898,"Ν. Μπίστης, Δίκαιος",false,false,false,,false
9899,Λάζ. Μπίγκας,false,false,false,,false
9900,"J. Mourel, Georges Jouvin",false,false,false,,false
9901,Σπ. Κοσκινάς,false,false,false,,false
9902,Χαράλ. Χατζηνάκης,false,false,false,,false
9903,Bob Dylan,false,false,false,,false
9904,"Χ. Βασιλειάδης, Λ. Δ. Νικολαΐδης",false,false,false,,false
9905,Δημ. Μπασλάμ,false,false,false,,false
9906,Doris Fisher - απόδοση στα ελλην. Πωλ Μενεστρέλ,false,false,false,,false
9907,Μ. Ταλαγιάννης,false,false,false,,false
9908,"L. Missir, P. Carli",false,false,false,,false
9909,A. Ciltas,false,false,false,,false
9910,Α. Χαρίτος,false,false,false,,false
9911,Τάσος Χαλκιάς,false,false,false,,false
9912,Ahuva Ozeri,false,false,false,,false
9913,Δημ. Μπενέτος,false,false,false,,false
9914,Τάκης Παρισινός,false,false,false,,false
9915,Πασχαλίδης,false,false,false,,false
9916,"Χρ. Παπαδόπουλος, Βαγγ. Δεληκούρας",false,false,false,,false
9917,Στέλιος Κουτσουρέλης,false,false,false,,false
9918,Δ. Τομπούλης,false,false,false,,false
9919,Μ. Ευγενίδης,false,false,false,,false
9920,Β. Πάλλα,false,false,false,,false
9921,Σοφ. Φλώρος,false,false,false,,false
9922,Μπ. Παπαδόπουλος,false,false,false,,false
9923,Μπέμπης Θεοχάρης,false,false,false,,false
9924,C. Almaran,false,false,false,,false
9925,παραδοσιακό Αρμενίας - διασκευή Djivan Gasparyan,false,false,false,,false
9926,σάκης Τσατσαγιάς,false,false,false,,false
9927,Penn,false,false,false,,false
9928,Puma - απόδοση στα ελλην. Φίλ. Νικολάου,false,false,false,,false
9929,Σπ. Ολλανδέζος,false,false,false,,false
9930,Γ. Μιχαλόπουλος ή Αντ. Ανδρεάκος,false,false,false,,false
9931,Τομπούλης,false,false,false,,false
9932,Βίρβος ;,false,false,false,,false
9933,Κοφινιώτης,false,false,false,,false
9934,Κ. Πέτκος,false,false,false,,false
9935,Γιώ. Καρόγλου,false,false,false,,false
9936,Άντζελα Ζήλια,false,false,false,,false
9937,Π. Κοκκινόπουλος,false,false,false,,false
9938,"Κ. Κιούσης (Κοφινιώτης), Σ. Πετράς",false,false,false,,false
9939,Σωτ. (Σόβερ) Μεταξάς,false,false,false,,false
9940,Β. Κατσαούνης,false,false,false,,false
9941,Σαρ. Αλιβιζάτος ;,false,false,false,,false
9942,Sergio Endrico - απόδοση στα ελλην. Ν. Μαστοράκης,false,false,false,,false
9943,Δομένικος Βαμβακάρης,false,false,false,,false
9944,Γκάτσος,false,false,false,,false
9945,Μαριάννα Ζορμπά,false,false,false,,false
9946,Μ. Μελετίου,false,false,false,,false
9947,Δ. Παπαδημητρίου ή Λ. Πλάτωνος,false,false,false,,false
9948,Ρίκα Δεληγιαννάκη,false,false,false,,false
9949,"Κραουνάκης, Άννα Παναγιωτοπούλου",false,false,false,,false
9950,Duncan,false,false,false,,false
9951,"Γ. Κλήμεντος, Στάθης Παχίδης, Γιώ. Ανδρέου, Ιεροκλής Μιχαηλίδης, Δημ. Σταρόβας",false,false,false,,false
9952,Ιφιγ. Γιαννοπούλου,false,false,false,,false
9953,Γ. Κουγιουμτζίδης,false,false,false,,false
9954,Στελλάκης Πεπρινιάδης,false,false,false,,false
9955,Γεράσιμος Λαβράνος,false,false,false,,false
9956,Σπ. Τσουράπας,false,false,false,,false
9957,Καλδάρας (Μουφλουζέλης ;),false,false,false,,false
9958,|Στ. Κάβουρας,false,false,false,,false
9959,Δημ. Σωφρονίου,false,false,false,,false
9960,Θοδωρής Λαχανάς,false,false,false,,false
9961,"Nicolas Reyes, Tonino Baliardo, Andre Reyes",false,false,false,,false
9962,"Klaus Munro,  - απόδοση στα ελλην. Σέβη Τηλιακού",false,false,false,,false
9963,Χατζής,false,false,false,,false
9964,Σάντρα,false,false,false,,false
9965,Σεφέρης - απόδοση στα γαλλικά J. Lacarriere,false,false,false,,false
9966,Δέσποινα Αρμπατζόγλου,false,false,false,,false
9967,Σωκρ. Αρδαβάνης,false,false,false,,false
9968,(Δώρος ;) Δ. Γεωργιάδης,false,false,false,,false
9969,Γιά. Βαλαβάνης,false,false,false,,false
9970,Γιά. Γλέζος,false,false,false,,false
9971,Αθ. Καρβελάς,false,false,false,,false
9972,Γιόχαν Στράους,false,false,false,,false
9973,Βίκτωρας Αλκαλάης,false,false,false,,false
9974,"Άκης Δαούτης, Ν. Πιπινέλης",false,false,false,,false
9975,Α. Ρεμούνδος,false,false,false,,false
9976,Μιχ. Γκιουζελί,false,false,false,,false
9977,Χρ. Κουλούδης,false,false,false,,false
9978,Πελοπ. Πάνου,false,false,false,,false
9979,Ν. Κιούσης,false,false,false,,false
9980,Ισαάκ Σούσης,false,false,false,,false
9981,"Fox, Gabie",false,false,false,,false
9982,Γ. Μαντζουράνης,false,false,false,,false
9983,Κοττάκης,false,false,false,,false
9984,Ελ. Νικολαΐδου,false,false,false,,false
9985,Αντιόπη Μπατσαλιά,false,false,false,,false
9986,Klaus Munro - απόδοση στα ελλην.Ν. Ελληναίος,false,false,false,,false
9987,Θάνος Γεωργούλας,false,false,false,,false
9988,Ν. Ελληναίος,false,false,false,,false
9989,Χρ. Τεμίρογλου,false,false,false,,false
9990,Γιώ. Λευτεράκος,false,false,false,,false
9991,΄Γιώ. Μουζάκης,false,false,false,,false
9992,Γ. Μπαχαράκης,false,false,false,,false
9993,Τάκης Γενιτσαριώτης,false,false,false,,false
9994,Γιώ. Νικολάου,false,false,false,,false
9995,Στέλιος Μπικάκης,false,false,false,,false
9996,Θεολόγος Πουλίσης,false,false,false,,false
9997,"Barrera, Galleja",false,false,false,,false
9998,O. Farres,false,false,false,,false
9999,Κυρ. Κεραυνός,false,false,false,,false
10000,Lewis,false,false,false,,false
10001,Αλέξ. Καρόζας,false,false,false,,false
10002,M. Lee - απόδοση στα ελλην. Γιά. Πετρίδης,false,false,false,,false
10003,Ι. Χαριλάου,false,false,false,,false
10004,Γιώ. Νειρού,false,false,false,,false
10005,Γιώ. Δουρδουμπάκης,false,false,false,,false
10006,Φ. Χριστοδούλου,false,false,false,,false
10007,Α. Παππάς,false,false,false,,false
10008,Ιφιγένεια,false,false,false,,false
10009,"Παν. Μιχαλόπουλος, Γ. Γκάμαρης",false,false,false,,false
10010,"Ν. Κανάκη, Χ. Βασιλειάδης",false,false,false,,false
10011,L. Bailly,false,false,false,,false
10012,Χαρ. Μαρκογιαννάκης,false,false,false,,false
10013,Λαϊκό Ιρλανδέζικο,false,false,false,,false
10014,George Ressinos,false,false,false,,false
10015,Αλκίνος,false,false,false,,false
10016,B. Diddley,false,false,false,,false
10017,Canfora,false,false,false,,false
10018,Ν. Γκιζιώτης,false,false,false,,false
10019,Γ. Σαρρής (Μούτσης),false,false,false,,false
10020,Ντ. Δημόπουλος,false,false,false,,false
10021,Κώστ. Μυλωνάς,false,false,false,,false
10022,Γ. Μηλιώνης,false,false,false,,false
10023,"Ann Gregory, K.Munro",false,false,false,,false
10024,Sting,false,false,false,,false
10025,Σαμολαδάς,false,false,false,,false
10026,Ζακ. Ιακωβίδης,false,false,false,,false
10027,Ν. Καλλίνης,false,false,false,,false
10028,Γ. Στέφας,false,false,false,,false
10029,Άγγ. Γιαλέλης,false,false,false,,false
10030,Ηλ. Λυμπερόπουλος (και Ν. Ελευθερίου ;),false,false,false,,false
10031,Ν. Βασιλάκος,false,false,false,,false
10032,"Γιά. Σταυράκης (Σταύρος Παντελίδης, ''Σμυρνιός'')",false,false,false,,false
10033,Πάν. Κόκκινος,false,false,false,,false
10034,Παύλος Λιασίδης,false,false,false,,false
10035,Δανάη Χαλκιαδάκη (Στρατηγοπούλου),false,false,false,,false
10036,Στέλ. Σπεράντζας,false,false,false,,false
10037,J. Chiolfos ;,false,false,false,,false
10038,Ν. Μυλωνάς,false,false,false,,false
10039,"Γεωργία Μηττάκη, Γιώ. Φωτίδας",false,false,false,,false
10040,Α. Κυριακούλης,false,false,false,,false
10041,Γκούτης (Μπακάλης),false,false,false,,false
10042,Μενέλαος Θεοφανίδης,false,false,false,,false
10043,L/ Zappa-Ελληνικοί στίχοι Ισαάκ Σούσης,false,false,false,,false
10044,Dulce Pontes,false,false,false,,false
10045,Eddie Burclay - απόδοση στα ελλην. Βίρβος,false,false,false,,false
10046,Δ. Γενιτσαριώτης,false,false,false,,false
10047,Θόδ. Καμπουρίδης,false,false,false,,false
10048,Διότιμος - απόδοση Ηλ. Πετρόπουλος,false,false,false,,false
10049,Κορνάρος (Γιώ. Κουρουπός),false,false,false,,false
10050,Russell - απόδοση στα ελλην. Ι. Φερμάνογλου,false,false,false,,false
10051,Ελ Κωνσταντινίδης,false,false,false,,false
10052,Κάκια Μένδρη,false,false,false,,false
10053,Παπαϊωάννου (Τριαντ. Ντόβας ;),false,false,false,,false
10054,Λ. Κολεμίδης,false,false,false,,false
10055,Αλ. Παναγιωτόπουλος,false,false,false,,false
10056,Aman America,false,false,false,,false
10057,Ευθ. Σκορδάκης,false,false,false,,false
10058,Λ. Κογκαλίδης,false,false,false,,false
10059,Γ. Θέμελης,false,false,false,,false
10060,Μπιθικώτσης ή Γκούτης ;,false,false,false,,false
10061,Πάνος Μαρόκος,false,false,false,,false
10062,"Π. Κυριακός, Γιώ. Καµβύσης",false,false,false,,false
10063,Les Reed,false,false,false,,false
10064,Ζαφείρης Παπαδόπουλος,false,false,false,,false
10065,Α. Ράιλας,false,false,false,,false
10066,F. Migliacci R. Gigli,false,false,false,,false
10067,Δημ. Γιαννικόπουλος,false,false,false,,false
10068,Γ. Καλογήρου,false,false,false,,false
10069,Μάνος Τσιλιμίδης,false,false,false,,false
10070,Άγγελος Ραφτόπουλος,false,false,false,,false
10071,Α. Δημοπούλου,false,false,false,,false
10072,Janis Κουτουβός,false,false,false,,false
10073,V. Palavicini - απόδοση στα ελλην. Αθ. Τσόγκας,false,false,false,,false
10074,Λάζ. Κουλαξίζης,false,false,false,,false
10075,Χάρης Σακελλαρίου,false,false,false,,false
10076,Γιά. Τσελέπης,false,false,false,,false
10077,Ν. Ρήγας,false,false,false,,false
10078,Κ. Τσανάκας,false,false,false,,false
10079,Κ. Παπαδάκης (Ναύτης),false,false,false,,false
10080,Κ. Δαμουλής,false,false,false,,false
10081,"Κ. Φερεντίνος., Βασ. Χρυσανθόπουλος",false,false,false,,false
10082,Donaggio,false,false,false,,false
10083,Ν. Κολιακουδάκης,false,false,false,,false
10084,διασκευή Νταλγκάς,false,false,false,,false
10085,Ζωή Καραϊσκάκη ;,false,false,false,,false
10086,"Ν. Καρύδης, Θάν. Σοφός",false,false,false,,false
10087,Caerts,false,false,false,,false
10088,Δημ. Κόκκος,false,false,false,,false
10089,Κ. Τσάμης,false,false,false,,false
10090,Αλ. Θεοχάρης,false,false,false,,false
10091,Θαν. Ιωαννίδης,false,false,false,,false
10092,Μαμαγκάκης και Χ. & Π. Κατσιμίχας,false,false,false,,false
10093,Σωτ. Καλυμνάκης,false,false,false,,false
10094,Βαγγ. Κονιτόπουλος ;,false,false,false,,false
10095,Λάκ. Συμεωνίδης,false,false,false,,false
10096,W. Wetter,false,false,false,,false
10097,P. Leka - απόδοση στα ελλην. Σέβη Τηλιακού,false,false,false,,false
10098,Σταμ. Κόκοτας,false,false,false,,false
10099,Ηλ. Κωνσταντίνου,false,false,false,,false
10100,Δ. Ρουμελιώτης,false,false,false,,false
10101,Γενίτσαρης,false,false,false,,false
10102,Χασκίλ (Χ. Βασιλειάδης ;),false,false,false,,false
10103,Balsamo - απόδοση στα ελλην. Ν. Ελληναίος,false,false,false,,false
10104,Bruno Canfora - απόδοση στα ελλην. Νότης Κύταρης,false,false,false,,false
10105,Κοερός,false,false,false,,false
10106,Χ. Βαριανός,false,false,false,,false
10107,Ι. Κανελλίδης,false,false,false,,false
10108,Χαρίκλεια Κουτούλια,false,false,false,,false
10109,Χρ. Λέντζας,false,false,false,,false
10110,"Στ. Βλαβιανός, Χ. Χαλκίτης",false,false,false,,false
10111,Κ. Παλαιολόγου,false,false,false,,false
10112,Δημ. Χατζηγιακουμής,false,false,false,,false
10113,Βασ. Μαστροκώστας,false,false,false,,false
10114,"Lucio Battisti, Mogol",false,false,false,,false
10115,L. Matalon,false,false,false,,false
10116,B. Holland - απόδοση στα ελλην. Γιώ. Μίτσιγκας,false,false,false,,false
10117,Γιώργος Κουτσουρέλης,false,false,false,,false
10118,Σπ. Κόγκας,false,false,false,,false
10119,Αρτέμης Καλαϊτζάκης,false,false,false,,false
10120,Σωτ. Ζωιόπουλος,false,false,false,,false
10121,Danny Small,false,false,false,,false
10122,Δημ. Φιλιππόπουλος,false,false,false,,false
10123,George Harrison - απόδοση στα ελλην. Σέβη Τηλιακού,false,false,false,,false
10124,Wisner - απόδοση στα ελλην. Κ. Τσερώνης,false,false,false,,false
10125,O. Kosta - απόδοση στα ελλην. Τ. Αντωνιάδης,false,false,false,,false
10126,Ι. Μωραΐτης,false,false,false,,false
10127,Τάσος Μπουλμέτης - απόδοση στα Τούρκικα Ντιλέις Κοτς,false,false,false,,false
10128,Βαγγ. Στεργιούλης,false,false,false,,false
10129,E. B. Caceras,false,false,false,,false
10130,Β. Γεωργιάδης,false,false,false,,false
10131,Ι. Φίτσιος,false,false,false,,false
10132,Δ. Βερτεούρης,false,false,false,,false
10133,Μιχ. Τουτουντζής,false,false,false,,false
10134,J. Crecher ;,false,false,false,,false
10135,Τάσος Κουτσοθανάσης,false,false,false,,false
10136,Δημ. Συμεωνίδης,false,false,false,,false
10137,Ηλ. Καρβούνης,false,false,false,,false
10138,Μαν. Γιγουρτάκης,false,false,false,,false
10139,Σταματούλα Κυργίδου,false,false,false,,false
10140,Δ. Τσακίρης,false,false,false,,false
10141,Κατερίνα Κόρου,false,false,false,,false
10142,Καραπατάκης,false,false,false,,false
10143,"M. Panas (Μάριος Πανάς), Klaus Munro",false,false,false,,false
10144,Κυριάκος Δασκαλόπουλος,false,false,false,,false
10145,Κ. ΠΟλίτης,false,false,false,,false
10146,Ι. Μεταξάς,false,false,false,,false
10147,Αντ. Μιτζέλος,false,false,false,,false
10148,Τ. Αθανασίου,false,false,false,,false
10149,Νίκος Λάβδας,false,false,false,,false
10150,Μ. Μπιζάνη,false,false,false,,false
10151,"Χρ. Γιαννακόπουλος, Σακελλάριος",false,false,false,,false
10152,Θαν. Καψάλης,false,false,false,,false
10153,Σπύρος Σούλας,false,false,false,,false
10154,Θοδ. Τζίφας,false,false,false,,false
10155,Mc Guinn,false,false,false,,false
10156,Walther Colin - απόδοση στα ελλην. Αντ. Πλωµαρίτης,false,false,false,,false
10157,Bruno Zambrini - απόδοση στα ελλην. Γιώ. Παπαστεφάνου,false,false,false,,false
10158,Ι. Λαγός,false,false,false,,false
10159,Γιώ. Ατραΐδης,false,false,false,,false
10160,Γιώ. Γεωργόπουλος,false,false,false,,false
10161,Αναστάσιος Κοβάνης,false,false,false,,false
10162,Καλ. Χατζηκοτάκη,false,false,false,,false
10163,Θαν. Καμπαφλής,false,false,false,,false
10164,Γιά. Σαλτάρης,false,false,false,,false
10165,Γ. Μυλωνάς,false,false,false,,false
10166,Μίμης Μπουρδαντωνάκης,false,false,false,,false
10167,"Mogol, Ascri",false,false,false,,false
10168,Ζαχ. Κασιμάτης (Μίνως Μάτσας ;),false,false,false,,false
10169,Αγγ. Μαρτίνο,false,false,false,,false
10170,Petru Guelfucci,false,false,false,,false
10171,Ανδρ. Παπαζατζής,false,false,false,,false
10172,"Ν. Πανόπουλος, Π. Φαλάρας",false,false,false,,false
10173,Δ. Μηνάς,false,false,false,,false
10174,Σοφία Γκόνου,false,false,false,,false
10175,Γιώ. Λευκαδίτης,false,false,false,,false
10176,Θύμιος Στουραΐτης (Ε. Γιγουρτάκης),false,false,false,,false
10177,Μιχ. Γκιουζελής,false,false,false,,false
10178,Αν. Αθανασίου (Κολοκοτρώνης ;),false,false,false,,false
10179,Δ. Βασιλειάδης,false,false,false,,false
10180,Μαμαγκάκης,false,false,false,,false
10181,Χρ. Μουζακίτης,false,false,false,,false
10182,Τσακνής,false,false,false,,false
10183,Μιχ. Σιγανίδης,false,false,false,,false
10184,Ιω. Κομνηνός,false,false,false,,false
10185,Αν. Βασιλείου,false,false,false,,false
10186,Γιώ. Έξαρχος,false,false,false,,false
10187,Ζ. Ζωϊοπούλου,false,false,false,,false
10188,Ζακ lακωβίδης,false,false,false,,false
10189,Καραμπεσίνης,false,false,false,,false
10190,Ηλ.Κατσούλης,false,false,false,,false
10191,Χάρης Κατσιμίχας,false,false,false,,false
10192,Τσάμας (Μίνως Μάτσας),false,false,false,,false
10193,Angelipue Ioanatos,false,false,false,,false
10194,Luis Ayroo,false,false,false,,false
10195,Κ. Τομπούλης,false,false,false,,false
10196,Gensi,false,false,false,,false
10197,"Γιώ. Παπαδόπουλος, Σωτ. Πρίτσης",false,false,false,,false
10198,Ν. Πετρίδης ή Θαν. Πολυκανδριώτης,false,false,false,,false
10199,Αθ. Παπουτσής,false,false,false,,false
10200,Lordan,false,false,false,,false
10201,Θεόφραστος Σακελλαρίδης,false,false,false,,false
10202,Γιά. Μπιθικώτσης,false,false,false,,false
10203,Irving Fields,false,false,false,,false
10204,Λιάνα Ρουσιάνου,false,false,false,,false
10205,Ρόνη Σοφού ή Θάν. Σοφός,false,false,false,,false
10206,Π. Νικολάου,false,false,false,,false
10207,Γιώ. Ποταμιάνος,false,false,false,,false
10208,Frondel Josalito,false,false,false,,false
10209,"Joao De Barro, A. Ribeiro",false,false,false,,false
10210,"Ι. Φούσκας

Ι,
Ι. Φούσκας",false,false,false,,false
10211,διασκευή Νέστωρ Δάνας,false,false,false,,false
10212,Γιά. Κωτσίδης,false,false,false,,false
10213,Φούλη Τσόγκα,false,false,false,,false
10214,"H. R. Barnes, R. Bernet",false,false,false,,false
10215,Γιώ. Κατάρας (Σπετσιέρης),false,false,false,,false
10216,Roger Atkins,false,false,false,,false
10217,"M. Simlle, D. Rivetti",false,false,false,,false
10218,Τυπάλδος,false,false,false,,false
10219,"Πυθαγόρας, Γιά. Βογιατζής",false,false,false,,false
10220,Μ. Σβίγγος,false,false,false,,false
10221,Πέτρος Ζέρβας,false,false,false,,false
10222,Α. Κατράνος,false,false,false,,false
10223,Γιώ. Μοντεχρήστος,false,false,false,,false
10224,Τερτελής (αγνώστων στοιχείων),false,false,false,,false
10225,Ηρακλής Τριανταφυλλίδης ;,false,false,false,,false
10226,Γ. Σαρίδης,false,false,false,,false
10227,Γιώ. Αρίων,false,false,false,,false
10228,Φώτης Χαλκιόπουλος (Χαλκιάς),false,false,false,,false
10229,C. Sig - απόδοση στα ελλην. Πωλ Μενεστρέλ,false,false,false,,false
10230,Χρ. Βρεττός ή Βερεστώντας,false,false,false,,false
10231,Β. Τζαβάρας,false,false,false,,false
10232,"Χ. Βασιλειάδης, Νίντα Κανάκη",false,false,false,,false
10233,Bowen - απόδοση στα ελλην.  Ν. Ελληναίος,false,false,false,,false
10234,Γιώ. Καλογρίδης,false,false,false,,false
10235,"Ν. Ιγνατιάδης, Κική Σεγδίτσα",false,false,false,,false
10236,Μ. Χατζή (Μάρω ;),false,false,false,,false
10237,Γιώ. Τσακαλίδης,false,false,false,,false
10238,Κυριάκος Ντούμος,false,false,false,,false
10239,"Θόδ. Γελαδάκης, Ι. Παπαδόπουλος",false,false,false,,false
10240,Μ. Λυγίζος,false,false,false,,false
10241,Ι. Τσιλιβερδής (Σαρ. Τσιλιβερδής ;),false,false,false,,false
10242,Κώστας Νικολαΐδης,false,false,false,,false
10243,Ν. Λάπας ;,false,false,false,,false
10244,Γιώ. Στεφάνου,false,false,false,,false
10245,Τατασόπουλος (;),false,false,false,,false
10246,Π. Τζαβέλλας,false,false,false,,false
10247,Διασκευή Μ. Μαλλιάρας,false,false,false,,false
10248,"Νάνος Βαλαωρίτης (απόσπασμα από το ποίημά του ""Η τιμωρία των μάγων""",false,false,false,,false
10249,Γιώ. Λέγκας,false,false,false,,false
10250,Μαρία Καπετανάκη,false,false,false,,false
10251,Χρ. Γιαννακόπουλος,false,false,false,,false
10252,διασκευή Ά. Σμυρναίος,false,false,false,,false
10253,ΧΡυσίνης,false,false,false,,false
10254,"Κ. Νίτσος, Δ. Πολίτης",false,false,false,,false
10255,Ελ. Πολυμέρου,false,false,false,,false
10256,Κ. Αμπατζής,false,false,false,,false
10257,Γκούτης (και Θ. Θωμάς),false,false,false,,false
10258,"Race, Panzeri, Schinitzke (διασκευή Σωτ. Αρνής)",false,false,false,,false
10259,"Γιώ. Ασημακόπουλος, Βασ. Σπυρόπουλος, Π. Παπαδούκας",false,false,false,,false
10260,Νάκης Πετρίδης,false,false,false,,false
10261,Αχιλλέας Μαντζίρης,false,false,false,,false
10262,Σταύρος Ζούμπας,false,false,false,,false
10263,Χριστόφ. Κροκίδης,false,false,false,,false
10264,Στελ. Περπινιάδης,false,false,false,,false
10265,"Αλ. Αδαμάκης, Δ. Φάντης",false,false,false,,false
10266,Ν. Κλαπής,false,false,false,,false
10267,Βασ. Τζατζαλής,false,false,false,,false
10268,Ροβερτάκης (Γιορταμάκης),false,false,false,,false
10269,Στέλιος Ρόκκος,false,false,false,,false
10270,Carr - απόδοση στα ελλην. Πωλ Μενεστρέλ,false,false,false,,false
10271,Agustin Lara - απόδοση στα ελλην. Πωλ Μενεστρέλ,false,false,false,,false
10272,Θεόκλεια Μπιθικώτση,false,false,false,,false
10273,Ηρ. Παπασιδέρης ;,false,false,false,,false
10274,ριζίτικο,false,false,false,,false
10275,Στ. Κάβουρας ή Ν. Αράχωβας,false,false,false,,false
10276,Μάριος Σκούταρης,false,false,false,,false
10277,E. Marnay,false,false,false,,false
10278,Μιχ. Μαρμαράς,false,false,false,,false
10279,Λαβράνος,false,false,false,,false
10280,Ν. Πατίδης,false,false,false,,false
10281,Goran Bregovic,false,false,false,,false
10282,"Δημ. Χιονάς, Βασ. Ζουμπούλης",false,false,false,,false
10283,Θέμος Γρηγοριάδης,false,false,false,,false
10284,Ν. Κομποθέκλας,false,false,false,,false
10285,Ξυδάκης,false,false,false,,false
10286,G. Loukas,false,false,false,,false
10287,Ν. Μαγκαφάς,false,false,false,,false
10288,"Ξυδάκης, Κ. Γουδής",false,false,false,,false
10289,Λ. Πλάτωνος,false,false,false,,false
10290,Βασ. Σούκας (Λ. Τσώλης),false,false,false,,false
10291,Στεφ. Βαρτάνης,false,false,false,,false
10292,F. Cilvio,false,false,false,,false
10293,Γιάγκος Παππάς,false,false,false,,false
10294,Αντρέας Πρέζας,false,false,false,,false
10295,Soffici - απόδοση στα ελλην. Θαν. Τσόγκας,false,false,false,,false
10296,Δημ. Σκαμάγκας,false,false,false,,false
10297,Κ. Δρακούλης,false,false,false,,false
10298,Θεοφ. Βαλαβάνης,false,false,false,,false
10299,Γιά. Γαβαλάς,false,false,false,,false
10300,R. Arnie - απόδοση στα ελλην.Λ. Παπαδόπουλος,false,false,false,,false
10301,Δήμ. Πολίτη,false,false,false,,false
10302,Κουγιουμτζής ;,false,false,false,,false
10303,"Πάνος Φαλάρας, Νίκος Πανόπουλος",false,false,false,,false
10304,"Στ. Μιχαλόπουλος, (Μιχάλης Σουγιούλ)",false,false,false,,false
10305,Μπάμπης Θεοδωράνος,false,false,false,,false
10306,Μάριος Πανάς,false,false,false,,false
10307,Χρυσίνης ;,false,false,false,,false
10308,Αντ. Νικολαρέας,false,false,false,,false
10309,Άννα Λαουτάρη,false,false,false,,false
10310,Θ. Ζαρίμπας,false,false,false,,false
10311,Paul Nor,false,false,false,,false
10312,Γιώ. Λαμπράκης,false,false,false,,false
10313,Θ. Γκαϊφύλλιας,false,false,false,,false
10314,Γ. Σμπήλης,false,false,false,,false
10315,Δ. Ευσταθίου,false,false,false,,false
10316,Κ. Κοντοβάς,false,false,false,,false
10317,Πέτρος Ιγγλέσης,false,false,false,,false
10318,Ηλ. Καλύβας,false,false,false,,false
10319,Μακριδάκης,false,false,false,,false
10320,Τάκης Μπούρος,false,false,false,,false
10321,McCartney,false,false,false,,false
10322,Γιώ. Κοτρώνης,false,false,false,,false
10323,"Bruno Zambrini, R. Cini - διασκευή Νότης Κύταρης",false,false,false,,false
10324,"Μελ. Τανάγρη, Γιά. Κούσουλας",false,false,false,,false
10325,Θέμης Αρίστος,false,false,false,,false
10326,Ralph Bernet,false,false,false,,false
10327,The Spies,false,false,false,,false
10328,Γιώ. Παπακώστας,false,false,false,,false
10329,G. Mardel - απόδοση στα ελλην. Αθ. Τσόγκας,false,false,false,,false
10330,Τέρπανδρος,false,false,false,,false
10331,Κ. Βρέντζος,false,false,false,,false
10332,Θεόφρ. Σακελλαρίδης,false,false,false,,false
10333,Ρούλα Ψωράκη,false,false,false,,false
10334,Σωτηρία Ιατρίδου,false,false,false,,false
10335,Μαν. Λαγός,false,false,false,,false
10336,Βαγγ. Σίμος,false,false,false,,false
10337,Θεόδ. Τριανταφυλλίδης,false,false,false,,false
10338,Μ. Κυριακίδης,false,false,false,,false
10339,"Δημ. Πουλικάκος, το φινάλε είναι Αντ. Τριαντάφυλλος",false,false,false,,false
10340,Ξένια Καλογεροπούλου,false,false,false,,false
10341,"Mogol, Gerard - απόδοση στα ελλην. Ν. Κύτταρης",false,false,false,,false
10342,Γιώ. Μαργιολάς (Χρυσίνης),false,false,false,,false
10343,De........,false,false,false,,false
10344,Γιαννακός Σωτηρίου,false,false,false,,false
10345,J. Kluge - διασκευή Τουρνάς,false,false,false,,false
10346,Βασιλειάδης,false,false,false,,false
10347,Ν. Απειρανθίτης,false,false,false,,false
10348,"Χαρά Πομώνη, Φράγκος Φατούρος",false,false,false,,false
10349,Ανδρ. Γεωργίου,false,false,false,,false
10350,Βάγιας Ζιάκα,false,false,false,,false
10351,Κ. Πασσάς,false,false,false,,false
10352,Dico Vasin (Domenico Νίνο Ravasini),false,false,false,,false
10353,Σοφία Βόσσου,false,false,false,,false
10354,Π. Ανέμελης,false,false,false,,false
10355,Π. Γιαλελής,false,false,false,,false
10356,Παναγιώτης Χατζηκουτσέλης,false,false,false,,false
10357,Χριστ. Μπαλαμπανίδης,false,false,false,,false
10358,Κ. Μπιλήρης,false,false,false,,false
10359,Ι. Μπερνιδάκης (Μπαξεβάνης),false,false,false,,false
10360,Σωτ. Κολοκοτρώνης,false,false,false,,false
10361,Γαβαλάς (Βίρβος ;),false,false,false,,false
10362,Λεωνίδας Παγγαλής,false,false,false,,false
10363,Θέσια Παναγιώτου,false,false,false,,false
10364,David Carroll,false,false,false,,false
10365,Αθαν. Βασιλόπουλος,false,false,false,,false
10366,Γ. Βαμβάκος,false,false,false,,false
10367,Θαν. Αγαπίου,false,false,false,,false
10368,Γιά. Βέλλας (Κοφινιώτης ;),false,false,false,,false
10369,"Ευάγγ. Σκουρτανιώτης, Ν. Κυριακόπουλος",false,false,false,,false
10370,Στέλιος Χριστοφορίδης,false,false,false,,false
10371,Χρ. Κολοκοτρώνης,false,false,false,,false
10372,Αρ. Μυτιληνιός,false,false,false,,false
10373,Μ. Λεκοδημητράκος,false,false,false,,false
10374,Ελευθ. Καραμούζος,false,false,false,,false
10375,E. Garrosa - απόδοση στα ελλην. Α. Αγγελάκης,false,false,false,,false
10376,πραδοσιακό,false,false,false,,false
10377,Jack Brel,false,false,false,,false
10378,"Δ. Γεωργίου, Τ. Ζούνης",false,false,false,,false
10379,C. Morgan - απόδοση στα ελλην. Σέβη Τηλιακού,false,false,false,,false
10380,Δήμος Σιροκάκης,false,false,false,,false
10381,Μ. Χριστοδουλόπουλος,false,false,false,,false
10382,Χρ. Τσιαμούλης (παραδοσιακό Συρίας),false,false,false,,false
10383,Ε. Τασόπουλος,false,false,false,,false
10384,Γιά. Μπαγουλής,false,false,false,,false
10385,Σ. Καμενίδης,false,false,false,,false
10386,Ι. Συμεωνίδης,false,false,false,,false
10387,Χρ. Βασιλειάδης,false,false,false,,false
10388,Φ. Σούκας,false,false,false,,false
10389,Τάκ. Σωτήρχος,false,false,false,,false
10390,Δ. Πικρίδης (εννοεί Δημ. Πικριδάς ;) ή Βίρβος ;,false,false,false,,false
10391,C. Minellono,false,false,false,,false
10392,Ευάγγ. Κωτάκης,false,false,false,,false
10393,Βαγγ. Δεληκούρας,false,false,false,,false
10394,Α. Παπαδημητρίου,false,false,false,,false
10395,Στρ. Βαλλλιάνος,false,false,false,,false
10396,Ηλ. Παπασιδέρης,false,false,false,,false
10397,Ν.Άσιμος,false,false,false,,false
10398,Γ. Δρυμωνάκος,false,false,false,,false
10399,Άγγ. Σκορδίλης,false,false,false,,false
10400,Ν. Γιαννάλης,false,false,false,,false
10401,Τεύκρος Ανθίας,false,false,false,,false
10402,"Ι. Λεστράκης, Μ. Μύτικας",false,false,false,,false
10403,Sopen,false,false,false,,false
10404,Αθαν. Τσόγκας,false,false,false,,false
10405,Σ. Καραΐνδρος,false,false,false,,false
10406,Π. Βαϊνδιρλής,false,false,false,,false
10407,Λευτ. Τσαγκάρης,false,false,false,,false
10408,Φώτης Ζησούλης,false,false,false,,false
10409,Κ. Καπετάνιος (Χ. Βασιλειάδης),false,false,false,,false
10410,Γιά. Τρίμμης,false,false,false,,false
10411,Βασ. Ρώτας,false,false,false,,false
10412,Παπαϊωάννου,false,false,false,,false
10413,"Θαν. Γελαδάκης, Γιά. Παπαδόπουλος",false,false,false,,false
10414,Σταμ. Δαγδελένης,false,false,false,,false
10415,Λίνα Δημοπούλλου,false,false,false,,false
10416,Ε. Καρουσάκη,false,false,false,,false
10417,Massara,false,false,false,,false
10418,Τ. Ζέρβας,false,false,false,,false
10419,Σ. Παπαδόπουλος,false,false,false,,false
10420,Τόκας,false,false,false,,false
10421,Δημ. Κουτουρίνης,false,false,false,,false
10422,Στ. Κάξοπς,false,false,false,,false
10423,Γκόγκος (Δέσποινα Αραμπατζόγλου),false,false,false,,false
10424,Σάσα Μανέττα,false,false,false,,false
10425,Αλ. Κιτσάκης,false,false,false,,false
10426,Μιχαήλ Αντωνιάδης,false,false,false,,false
10427,Γ. Δημητριάδης,false,false,false,,false
10428,Π. Αποστολίδης,false,false,false,,false
10429,Γιωργάκης Χρηστίδης,false,false,false,,false
10430,Αλέξης Παπαδημητρίου,false,false,false,,false
10431,Κατσαρός ;,false,false,false,,false
10432,Domenico Modugno,false,false,false,,false
10433,Δ. Χατζηγιακουμής,false,false,false,,false
10434,"Γιώ. Κουρουπός, Κ. Πολυμετάκης",false,false,false,,false
10435,Λ. Ρίτσι,false,false,false,,false
10436,Έλλη Αμπραβανέλ,false,false,false,,false
10437,Ε. Μαντζώρος,false,false,false,,false
10438,Μάνος Ζαχαράκης,false,false,false,,false
10439,H. Pogani,false,false,false,,false
10440,Κ. Πετρίτσης,false,false,false,,false
10441,Στρ. Βαλλιάνος ;,false,false,false,,false
10442,Βεατρίκη Δαλαμάνκα,false,false,false,,false
10443,Γιώ. Βλάχος,false,false,false,,false
10444,Γιώ. Μαρκογιαννάκης,false,false,false,,false
10445,Βαγγ. Κωνσταντινίδης,false,false,false,,false
10446,"Mary Earl (Robert A. ""Bobo"" King)",false,false,false,,false
10447,Λ. π[απαθανασίου,false,false,false,,false
10448,Στυλιανός,false,false,false,,false
10449,Χαρ. Μαργέλης,false,false,false,,false
10450,Λεων. Κουλίτσης,false,false,false,,false
10451,Νικολόπουλος (Παπαγιαννοπούλου),false,false,false,,false
10452,Θεμ. Αγγελής,false,false,false,,false
10453,"Joe Broussard, Ralph Williams",false,false,false,,false
10454,Burton Cummings,false,false,false,,false
10455,G. Lightfot - διασκευή Βαγγ. Γερμανός,false,false,false,,false
10456,Χ. Κουλουμπής,false,false,false,,false
10457,Jacks - απόδοση στα ελλην. Ν. Ελληναίος,false,false,false,,false
10458,"N. Romano, Gay Magenta",false,false,false,,false
10459,Α. Δημόπουλος,false,false,false,,false
10460,Κωστής Κριτσωτάκης ή Λ. Πλάτωνος,false,false,false,,false
10461,Δώρα Σιτζάνη,false,false,false,,false
10462,Μπ. Βασιλειάδης,false,false,false,,false
10463,Ν. Χατζηαποστόλου,false,false,false,,false
10464,Πέτρος Γιαννακός,false,false,false,,false
10465,"Βασ. Σπυρόπουλος, Πάνος Παπαδούκας",false,false,false,,false
10466,Αντρέας Νικολής,false,false,false,,false
10467,Λάκης Ηλιάδης,false,false,false,,false
10468,"M. Panas, K. Munro",false,false,false,,false
10469,Λεων. Βελής,false,false,false,,false
10470,Βαγγ. Ρουβούλης ;,false,false,false,,false
10471,Δημ. Παντελάκης,false,false,false,,false
10472,Κ. Σιόζος,false,false,false,,false
10473,Γιά. Πολίτης (Παπαγιαννοπούλου),false,false,false,,false
10474,Γιώ. Στρούζας,false,false,false,,false
10475,Μ. Παπαποστόλου,false,false,false,,false
10476,Ι. Βλασταρίδης,false,false,false,,false
10477,Μ. Γεωργακόπουλος,false,false,false,,false
10478,Μ. Βεντούρης,false,false,false,,false
10479,Παύλος Πρόγιας,false,false,false,,false
10480,"Αγγελόπουλος, Θωμόπουλος ;",false,false,false,,false
10481,Γρ. Βαξεβανέλης,false,false,false,,false
10482,Στέφ. Καρπούζας,false,false,false,,false
10483,Γιά. Βαφειάδης,false,false,false,,false
10484,Μούτσης,false,false,false,,false
10485,Παντ. θαλασσινός,false,false,false,,false
10486,Avram Naum,false,false,false,,false
10487,Βαγγ. Κουζέλης,false,false,false,,false
10488,Γιά. Κέρπελεης,false,false,false,,false
10489,Μαν. Θεοδώρου,false,false,false,,false
10490,Πυθαγόρας-Βασιλειάδης,false,false,false,,false
10491,Bertini,false,false,false,,false
10492,Yamagani - απόδοση στα ελλην. Αθ. Τσόγκας,false,false,false,,false
10493,Κορίνθιος,false,false,false,,false
10494,Ίων Νταϊφάς,false,false,false,,false
10495,Μαρία Πλυτά,false,false,false,,false
10496,Mogal ;,false,false,false,,false
10497,Θαν. Γελαδάκης,false,false,false,,false
10498,Δημ. Βύζας,false,false,false,,false
10499,απόδοση στα ελλην. Κ. Ασημακόπουλος,false,false,false,,false
10500,Τούλα Ρήτου,false,false,false,,false
10501,Γ. Σαββίδης,false,false,false,,false
10502,Ι. Νταϊφάς,false,false,false,,false
10503,Σπύρος Κουρκουνάκης,false,false,false,,false
10504,Θοδ. Καμπουρίδης,false,false,false,,false
10505,C. Louvin,false,false,false,,false
10506,Λάμπρ. Σκανδάλης,false,false,false,,false
10507,Κραουνάκη,false,false,false,,false
10508,Κ. Νούρος,false,false,false,,false
10509,Ιάκ. Αυλητής,false,false,false,,false
10510,Γιά. Φραγκίσκος,false,false,false,,false
10511,Σ. Ρόκος (Μάρκος),false,false,false,,false
10512,Μάκης Μπέκος,false,false,false,,false
10513,A. Kaplan,false,false,false,,false
10514,Τάκης Χατζηπαναγιώτου,false,false,false,,false
10515,A. Ammurrl,false,false,false,,false
10516,Π. Φώσκολος & Λ. Ζάνετ (Πάν. Λειβαδάρος / ),false,false,false,,false
10517,Χαρ. Βασιλειάδης (Χ. Βασιλειάδης ;),false,false,false,,false
10518,"Γ. Τόγκας, Δημ. Ξανθάκης",false,false,false,,false
10519,Λουκάς Στρογγυλός,false,false,false,,false
10520,Θαν. Καρακώστας,false,false,false,,false
10521,Μαρία Κουγιουμτζή,false,false,false,,false
10522,Ανδ. Στεφανάκης,false,false,false,,false
10523,Α. Σιδηρόπουλος,false,false,false,,false
10524,"Ηλ. Λυμπερόπουλος, Ναπ. Ελευθερίου",false,false,false,,false
10525,Α. Γιαννακόπουλος,false,false,false,,false
10526,Σ. Μιχαηλίδης,false,false,false,,false
10527,Γιά. Χαλκιαδάκης,false,false,false,,false
10528,Bod Azzam - διασκευή Δερβενιώτης,false,false,false,,false
10529,Προσπέρ Μεριμέ,false,false,false,,false
10530,Παν. Στεργίου,false,false,false,,false
10531,Λαζ. Ρούβας,false,false,false,,false
10532,"Γιά. Βέλλας, Δερβενιώτης",false,false,false,,false
10533,Τσιτσάνης (Ταμβάκης ή Τσάντας),false,false,false,,false
10534,Ν. Πάνου,false,false,false,,false
10535,Δημ. Ιατρόπουλος,false,false,false,,false
10536,Σπανός ή Μαμαγκάκης,false,false,false,,false
10537,Θαν. Βούτσινος,false,false,false,,false
10538,Λ. Παππάς,false,false,false,,false
10539,Β. Δερέμπεη (Μάνεσης),false,false,false,,false
10540,"Race, Panzeri, Schinitzke - απόδοση στα ελλην. Γιώ. Παπαστεφάνου",false,false,false,,false
10541,Κυρ. Γρυπαίος,false,false,false,,false
10542,Μ. Θωμαδάκη,false,false,false,,false
10543,"Ορέστε Μπιάνκολι, Ντίνο Φαλκόνι",false,false,false,,false
10544,Μ. Γαϊτάνος,false,false,false,,false
10545,Εμμανουήλ Τζινεβράκης,false,false,false,,false
10546,Παν. Κανελλόπουλος,false,false,false,,false
10547,Γιώ. Βάσαλος,false,false,false,,false
10548,Χ. Μαρίνος,false,false,false,,false
10549,Διασκευή Χρ. Εμμανουήλ,false,false,false,,false
10550,Σουγιούλ (Αιμ. Σαββίδης ;),false,false,false,,false
10551,Μιχ. Βασιλίμης,false,false,false,,false
10552,"Γιώ. Ασημακόπουλος, Σακελλάριος",false,false,false,,false
10553,Γ. Δευτεραίος,false,false,false,,false
10554,Κώστας Κοσμίδης,false,false,false,,false
10555,Μ. Βασιλειάδης,false,false,false,,false
10556,Απ. Τριανταφύλλου,false,false,false,,false
10557,Στάθης Νικολαΐδης,false,false,false,,false
10558,Ι. Κυριαζής,false,false,false,,false
10559,Δημ. Κοντόπουλος,false,false,false,,false
10560,Θαν. Βλαχόπουλος,false,false,false,,false
10561,Μαντινάδες και στίχοι Κ. Λειβαδάς,false,false,false,,false
10562,Πασχάλης Αρβανιτίδης,false,false,false,,false
10563,Δημ. Χιονάς ;,false,false,false,,false
10564,Artaki Candan,false,false,false,,false
10565,Αριστείδης Θωμάς,false,false,false,,false
10566,Ντιβανίδης,false,false,false,,false
10567,Πλέσσας ή Χιώτης,false,false,false,,false
10568,Αθ. Χρόνης,false,false,false,,false
10569,Ταμπούρης,false,false,false,,false
10570,Μαν. Λιδάκης,false,false,false,,false
10571,Niyazi Ali,false,false,false,,false
10572,Βούλη Μεγαλοοικονόμου,false,false,false,,false
10573,Μετάφραση και ελεύθερη απόδοση Μαίρη Βιδάλη,false,false,false,,false
10574,Ελένη Τσώλη,false,false,false,,false
10575,Πάν. Φαλάρας,false,false,false,,false
10576,Αθ. Καλαζάς,false,false,false,,false
10577,Χρ. Παρμενίδης,false,false,false,,false
10578,Μαρία Φερεντίνου,false,false,false,,false
10579,Τρίο Λατίνο,false,false,false,,false
10580,Χρυσίνης (Χ. Βασιλειάδης),false,false,false,,false
10581,R. Granata,false,false,false,,false
10582,Δ. Κουτουρίνης,false,false,false,,false
10583,Θεοδωράκης ή Κωστής Κριτσωτάκης,false,false,false,,false
10584,Τέρης Μοράγεμος,false,false,false,,false
10585,Θεοδωράκης ή Γιώ. Σφυρίδης,false,false,false,,false
10586,Αθηναία,false,false,false,,false
10587,Β. Καλαβρός,false,false,false,,false
10588,Τζίνης,false,false,false,,false
10589,Σταύρος Μπακάλης,false,false,false,,false
10590,Ηλ. Χάλης,false,false,false,,false
10591,"Γ. Κολυβάς, Ε. Βεντούρας",false,false,false,,false
10592,Appeli,false,false,false,,false
10593,Ν. Καψιάνης,false,false,false,,false
10594,Μαριάννα Παντελοπούλου,false,false,false,,false
10595,Σταύρος Κάξος,false,false,false,,false
10596,Χρ. Μαρτίνος,false,false,false,,false
10597,Ρήγας Σαρτζιώτης,false,false,false,,false
10598,Ν. Τάλιας,false,false,false,,false
10599,Ουρ. Μελαμπιανάκη,false,false,false,,false
10600,Λουκάς Νταράλας,false,false,false,,false
10601,Daniele Pace,false,false,false,,false
10602,Φ. Πανούσης,false,false,false,,false
10603,Γιά. Γούβαλης,false,false,false,,false
10604,Χ. Καρανάσος,false,false,false,,false
10605,Θάνος Μπούρας,false,false,false,,false
10606,"Ν. Μάτσας, Κ. Ασημακόπουλος",false,false,false,,false
10607,Ν. Γύρας,false,false,false,,false
10608,Βασ. Χρυσανθόπουλο,false,false,false,,false
10609,Περιστέρης (Μάτσας ;),false,false,false,,false
10610,παραδοσιακό Δωδεκανήσου,false,false,false,,false
10611,Γιοβάν Τσαούς,false,false,false,,false
10612,Β. Δαμιανάκη,false,false,false,,false
10613,Διονυσίου (Βούλα Γκίκα),false,false,false,,false
10614,Σοφία Χονδροματίδου,false,false,false,,false
10615,Μπρένταν Μπήαμ - Ελλην. απόδοση Βασ. Ρώτας,false,false,false,,false
10616,Joe Cooker,false,false,false,,false
10617,Φ. Μεσθεναίος,false,false,false,,false
10618,Ελ. Δασκαλάκη,false,false,false,,false
10619,Μάκης Χασιώτης,false,false,false,,false
10620,Ε. Πολίτης,false,false,false,,false
10621,"Περιστέρης, Ζακ Ιακωβίδης, Μάτσας",false,false,false,,false
10622,J. Magenta,false,false,false,,false
10623,Ξανθ. Καραθανάση (Ξανθ. Καραθανάση / ),false,false,false,,false
10624,Ι. Παπακυριάκης,false,false,false,,false
10625,Ν. Γκάτσος,false,false,false,,false
10626,Γιώ. Κουτσουρέλης,false,false,false,,false
10627,Μίμης Πρ;;;;;;,false,false,false,,false
10628,Schreier-Bottero,false,false,false,,false
10629,παραδοσιακός Μακεδονίας,false,false,false,,false
10630,Pueca,false,false,false,,false
10631,Βάκης Γιανούλης,false,false,false,,false
10632,Χρυσάφη (ή Παπαγιαννοπούλου ;),false,false,false,,false
10633,Όμικρον Ωμέγα,false,false,false,,false
10634,Δημ. Χρημπάκης,false,false,false,,false
10635,Χρήστος Δάντης,false,false,false,,false
10636,Αφροδίτη Πουλάκη,false,false,false,,false
10637,Ρόζα (Σέμσης),false,false,false,,false
10638,ΚαίτηΡαζή,false,false,false,,false
10639,Σπ. Παπουτσής,false,false,false,,false
10640,Ετεοκλής (Λάκης) Τσώλης,false,false,false,,false
10641,Παν.Μπουσδούκος,false,false,false,,false
10642,Βαγγ. Πιστιλαδής,false,false,false,,false
10643,Αλ. Λασκαρίδης,false,false,false,,false
10644,"Βαγγ. Γκούφας, Βασ. Ανδρεόπουλος",false,false,false,,false
10645,Στ. Μαυβρίας,false,false,false,,false
10646,Μ. Λουντέμης,false,false,false,,false
10647,Θ. Μικρούτσικος,false,false,false,,false
10648,Γιά. Γκούμας,false,false,false,,false
10649,Θάνος Ζάχος (Ζαχαρίας Νοταράκης),false,false,false,,false
10650,Μάλαμας,false,false,false,,false
10651,F. Bracardi - απόδοση στα ελλην. Σόφη Παππά,false,false,false,,false
10652,Γιώ. Τράκης (παραδοσιακό ;),false,false,false,,false
10653,Σταματίου,false,false,false,,false
10654,Μπέρτολ Μπρέχτ-ελεύθερη απόδοση Κωστής Τριανταφύλλου,false,false,false,,false
10655,Βάκης (;) Γιαννούλης,false,false,false,,false
10656,Γιώ. Παυριανός,false,false,false,,false
10657,Biorn Ulvaeus - απόδοση στα ελλην. Μαν. Ιορδανόπουλος (Λ. Τζορντανέλλι),false,false,false,,false
10658,διασκευή Ζάχος,false,false,false,,false
10659,Ευάγγ. Ανδριάς,false,false,false,,false
10660,Άκης Μαυρίδης,false,false,false,,false
10661,Μπραχόπουλος ;,false,false,false,,false
10662,Θόδ. Βίλμας,false,false,false,,false
10663,Γιά. Οικονομίδης,false,false,false,,false
10664,Ν. Μαστοράκης,false,false,false,,false
10665,Σουγιούλ (Ν. Φατσέας ;),false,false,false,,false
10666,Χαρ. Κώστας,false,false,false,,false
10667,Γ. Δήμας,false,false,false,,false
10668,Γιά. Αγγελάκης,false,false,false,,false
10669,Λία Βίσση,false,false,false,,false
10670,Κ. σούκας,false,false,false,,false
10671,"Μάριος Πανάς, E. Bader, A. Flor",false,false,false,,false
10672,Τ. Σπανός,false,false,false,,false
10673,Ηλ. Λυμπερόπουλος ή Λ. Παπαδόπουλος,false,false,false,,false
10674,Eduarto Bianco - απόδοση στα ελλην. Πωλ Μενεστρέλ,false,false,false,,false
10675,Σ. Γελαδάκης,false,false,false,,false
10676,Tolchard Evans,false,false,false,,false
10677,Ευθ. Παινέσης,false,false,false,,false
10678,Χρ. Σούκας,false,false,false,,false
10679,Στέλλα Παπαδάκη,false,false,false,,false
10680,Βίρβος,false,false,false,,false
10681,"Γιά. Βέλλας, Ζ. Ιακωβίδης",false,false,false,,false
10682,Κάκη Γεωργαλή,false,false,false,,false
10683,Ελένη-Λίλιαν Μουστάκη,false,false,false,,false
10684,Κ. Αρβανιτάκης,false,false,false,,false
10685,Αποστ. Λάμπρου,false,false,false,,false
10686,Θέμης Δημητρακόπουλος,false,false,false,,false
10687,Πλωμαρίτης,false,false,false,,false
10688,Μαρία Νιφόρου,false,false,false,,false
10689,Αντ. Πρέζας,false,false,false,,false
10690,B. Bergman - απόδοση στα ελλην. Βάσω Δαλαμάγκα,false,false,false,,false
10691,Valmir Lima,false,false,false,,false
10692,Στέλ. Φουσταλιεράκης (Φουσταλιέρης),false,false,false,,false
10693,Richards Evans - απόδοση στα ελλην. Ρέτη Ζαλοκώστα,false,false,false,,false
10694,Παν. Μιχαλόπουλος,false,false,false,,false
10695,Lope de Vega - απόδοση στα ελλην. Γιώ. Μιχαηλίδης,false,false,false,,false
10696,Κ. Μαίανδρος,false,false,false,,false
10697,Παν. Μαρουλίδης,false,false,false,,false
10698,Μάκης Γιαπράκας,false,false,false,,false
10699,Γ. Μάμμος,false,false,false,,false
10700,Έλλη Γκόγκου,false,false,false,,false
10701,F. Isola - απόδοση στα ελλην. Αθ. Τσόγκας,false,false,false,,false
10702,Δημ. Γκούτης,false,false,false,,false
10703,Γιά. Αργύρης,false,false,false,,false
10704,Ανώνυμος,false,false,false,,false
10705,C. Assous,false,false,false,,false
10706,Γ. Ιωσηφέλης,false,false,false,,false
10707,Ηλ. Σούκας-Σαγάνης,false,false,false,,false
10708,Στρ. Παππάς,false,false,false,,false
10709,Δημ. Παπανικολάου,false,false,false,,false
10710,Μακριδάκης (Ηρ. Παπασιδέρης ;),false,false,false,,false
10711,Κ. Τσιρίγος,false,false,false,,false
10712,N. Gimbel,false,false,false,,false
10713,Βαγγ. Ζολωτάκης,false,false,false,,false
10714,Ε. Ευαγγελάτος,false,false,false,,false
10715,Μ. Λαμπράκης,false,false,false,,false
10716,Κ. Ουράνης,false,false,false,,false
10717,ΚΛολοκοτρώνης,false,false,false,,false
10718,M. Legrant,false,false,false,,false
10719,Δ. Ορφανίδης,false,false,false,,false
10720,Αλ. Γαλανός,false,false,false,,false
10721,Δ. Στάικος,false,false,false,,false
10722,Γ. Πηλιούρης,false,false,false,,false
10723,Luigi Tenco,false,false,false,,false
10724,Μιχ. Γκανάς,false,false,false,,false
10725,Περιστέρης (Μινως Μάτσας),false,false,false,,false
10726,"G. Da Carlo, D. Frohuer",false,false,false,,false
10727,Ι. Τσακασιάνος,false,false,false,,false
10728,Μιχ. Χριστοδουλιδης,false,false,false,,false
10729,Μανησαλής,false,false,false,,false
10730,Ηλ. Ερίνης,false,false,false,,false
10731,Νικήτας Κλιντ,false,false,false,,false
10732,Δημ. Σαντοριναίος,false,false,false,,false
10733,Ευθ. Καμπάνης,false,false,false,,false
10734,"Τούλα Ρήτου, Λ. Πεπόνη",false,false,false,,false
10735,Περπινάδης,false,false,false,,false
10736,"H. Chalkitis, M. Swirid",false,false,false,,false
10737,Αυτοσχεδιαστικό,false,false,false,,false
10738,Π. Τόγιας,false,false,false,,false
10739,Χρυσίνης (Κ. Ζήτης),false,false,false,,false
10740,Βασ. Σαλέας,false,false,false,,false
10741,Ι. Ναννίνου,false,false,false,,false
10742,Μ. Θεοφανίδης,false,false,false,,false
10743,Θ. Σοπίδης,false,false,false,,false
10744,Γιώ. Κωνσταντίνου,false,false,false,,false
10745,Παπαϊωάννου (Τούρκικο),false,false,false,,false
10746,Ανδρ. Βάσιος,false,false,false,,false
10747,Nick Raftis,false,false,false,,false
10748,Σωτ. Ζωϊόπουλος,false,false,false,,false
10749,"Ανδρ, Οικονόμου",false,false,false,,false
10750,Ιωάν. Βέλλας,false,false,false,,false
10751,"Γιώ. Παντελιάς, Αλέξανδρος Παντελιάς",false,false,false,,false
10752,Ευσ. Σούκας,false,false,false,,false
10753,Στρ. Βαλλιάνος,false,false,false,,false
10754,Αθηνά Βασιλειάδου,false,false,false,,false
10755,Τσιτσάνης (παραδοσιακό),false,false,false,,false
10756,Στρ. Παλαιολόγου,false,false,false,,false
10757,"Δ. Ευαγγελίδης, Σακελλάριος",false,false,false,,false
10758,Λ. Παπαδόπουλος ;,false,false,false,,false
10759,Ι. Μαντζουράνης,false,false,false,,false
10760,Γιά. Ρωτάς,false,false,false,,false
10761,Μαρ. Μαχαίρας,false,false,false,,false
10762,Θ. Βύζας,false,false,false,,false
10763,Fowlkes,false,false,false,,false
10764,Henning - απόδοση στα ελλην. Σέβη Τηλιακού,false,false,false,,false
10765,Ί. Νταϊφάς,false,false,false,,false
10766,Γιά. Φασουλάκης,false,false,false,,false
10767,Σ. Αρδαβάνης,false,false,false,,false
10768,Τάκης Ανδρούτσος ή Δημ. Ψαριανός,false,false,false,,false
10769,Πάνος Μαυρουλίδης,false,false,false,,false
10770,Ζαφ. Παπαδόπουλος (ή Γιώ. Βασιλόπουλος ;),false,false,false,,false
10771,Γιά. Αρμάος,false,false,false,,false
10772,;;; - απόδοση στα ελλην. Γιά. Πετρίδης,false,false,false,,false
10773,Βασσ. Δημητρίου,false,false,false,,false
10774,L. Bardo,false,false,false,,false
10775,Γιά. Γωνιανός,false,false,false,,false
10776,Κ. Κρητικάκης,false,false,false,,false
10777,Λάκης Σκαμάγκας,false,false,false,,false
10778,Σπ. Χατζηνικολάου,false,false,false,,false
10779,Ελ. Δαρειώτου,false,false,false,,false
10780,Δ. Καλατζής - διασκυεή Θοδ. Μανίκας,false,false,false,,false
10781,Βυζαντινός ύμνος της Μ. Πέμπτης. Ήχος πλάγιος Β' - διασκευή Νταλάρας,false,false,false,,false
10782,Βασ. Σούκς,false,false,false,,false
10783,Σοφία Αργυροπούλου,false,false,false,,false
10784,Καρβέλας,false,false,false,,false
10785,Λίλυ Βαρίνου,false,false,false,,false
10786,Η. Van Hemert,false,false,false,,false
10787,Τάκης Αγριανίτης ;,false,false,false,,false
10788,Σπ. Καρδάμης,false,false,false,,false
10789,Ι. Μαϊκαντής,false,false,false,,false
10790,Φαίδρος Μπάρλας,false,false,false,,false
10791,Κ. Ραψωδός (Κ. Κοφινιώτης),false,false,false,,false
10792,Γιώ. Γιαννακόπουλος ή Βαγγ. Γκούφας,false,false,false,,false
10793,|Σπ. Κεφαλλόπουλος,false,false,false,,false
10794,Μαρκέας,false,false,false,,false
10795,Bob Vitulli,false,false,false,,false
10796,Χρ. Εμμανουήλ,false,false,false,,false
10797,Αναστ. Ρεμούνδος,false,false,false,,false
10798,Άννας Καραμπεσίνη,false,false,false,,false
10799,Παναγιώτης,false,false,false,,false
10800,Π. Σκουρτέλης,false,false,false,,false
10801,Otis Redding,false,false,false,,false
10802,Δημ. Γκόγκος (Μπαγιαντέρας),false,false,false,,false
10803,Ηλ Περγαντής,false,false,false,,false
10804,Στ. Καψάλης,false,false,false,,false
10805,Κίμ. Μακρής,false,false,false,,false
10806,Αντ. Κυρίτσης,false,false,false,,false
10807,Σπ. Παπαδημητρίου,false,false,false,,false
10808,Γιά. Σταύρου,false,false,false,,false
10809,Savio,false,false,false,,false
10810,Χαράλ. Κ. Βραχνός,false,false,false,,false
10811,Βαγγ. Λυκιαρδόπουλος,false,false,false,,false
10812,R. Arnie (;),false,false,false,,false
10813,Κ. Μπιλίρης,false,false,false,,false
10814,Δερβενιώτης (Χ. Βασιλειάδης),false,false,false,,false
10815,Η. Ερίνης,false,false,false,,false
10816,Ρούλης Μακρίδης,false,false,false,,false
10817,Λευτ. Παπαδόπουλος,false,false,false,,false
10818,"Καραπατάκης, Πετσάς",false,false,false,,false
10819,Ηλ. Καραμανέας,false,false,false,,false
10820,αφοί Βασ. Μόρφη,false,false,false,,false
10821,Γιά. Β. Παπαϊωάννου,false,false,false,,false
10822,Καλή Φέρρη,false,false,false,,false
10823,Δ. Κάσσιος,false,false,false,,false
10824,Αντ. Παπαϊωάννου,false,false,false,,false
10825,Λέων Ρηγίδης,false,false,false,,false
10826,Τίτος Ξηρέλης,false,false,false,,false
10827,Μάρ. Σκούταρης,false,false,false,,false
10828,Παπαϊωάννου (και Κασιμάτης ;),false,false,false,,false
10829,Τάκης Σιμώτας,false,false,false,,false
10830,Ηλ. Ορφανός,false,false,false,,false
10831,Μοντανάρης,false,false,false,,false
10832,Σωτ. Κόρδας,false,false,false,,false
10833,Ν. Γαβριηλίδης,false,false,false,,false
10834,Α. Λέριος,false,false,false,,false
10835,Ι. Σακελλαρίδης,false,false,false,,false
10836,Σπ. Κορώνης,false,false,false,,false
10837,V. Pallavicini - απόδοση στα ελλην. Ν. Κύταρης,false,false,false,,false
10838,Μιχ. Κλεάνθης,false,false,false,,false
10839,Μπα,false,false,false,,false
10840,Λυκ. Μαρκέας ;,false,false,false,,false
10841,παραδοσιακόπαραδοσιακό,false,false,false,,false
10842,Κ. Γιαννίδης (	Αιμ. Σαββίδης ;),false,false,false,,false
10843,Γιώ. Φλιούκας,false,false,false,,false
10844,Chapman - απόδοση στα ελλην. Ρέτη Ζαλοκώστα,false,false,false,,false
10845,Μπ. Λαυρεντιάδης,false,false,false,,false
10846,Κερομύτης (Μάνεσης),false,false,false,,false
10847,Γκάτσος ;,false,false,false,,false
10848,Ασημίνα Σταμπολή,false,false,false,,false
10849,I. Louvin,false,false,false,,false
10850,Ν. Πάπογλου,false,false,false,,false
10851,Τσιτσάνης (Στάθ. Τσαγκλής-Μουρκάκος),false,false,false,,false
10852,Ν. Καλογερόπουλος,false,false,false,,false
10853,Γ. Χατζής,false,false,false,,false
10854,"Ν. Κανάκη, Α. Βασιλειάδου",false,false,false,,false
10855,Ν. Φαναρτζής,false,false,false,,false
10856,Γ. Περγαμηνός,false,false,false,,false
10857,Καραμπεσίνης (Γκούτης ;,false,false,false,,false
10858,Φώντας Θεοδώρου,false,false,false,,false
10859,Τσιτσάνης (Ν. Λούπας),false,false,false,,false
10860,Αικατ. Αλεξάκη,false,false,false,,false
10861,Γιώ. Ν. Ζουριδάκης,false,false,false,,false
10862,Βασ. Παππάς,false,false,false,,false
10863,Τσαουσάκης (Τατασόπουλος),false,false,false,,false
10864,Πάνος Πανάγος,false,false,false,,false
10865,Δημ. Τσεκούρας,false,false,false,,false
10866,Μαρίκα Νίνου,false,false,false,,false
10867,Jaromír Vejvoda,false,false,false,,false
10868,Θαν. Παπουτσής,false,false,false,,false
10869,A. Glykas,false,false,false,,false
10870,Ρόμπερτ Ουΐλιαμς,false,false,false,,false
10871,Γιώ. Καλογήρου,false,false,false,,false
10872,Ν. Παραστρατίδης,false,false,false,,false
10873,Λένα Παππά,false,false,false,,false
10874,"Σταύρος Εκιζόγλου, Μπ. Δαλιάνης",false,false,false,,false
10875,Ν. Λούπας,false,false,false,,false
10876,"Ναπ. Ελευθερίου, Λάκης Μιχαηλίδης",false,false,false,,false
10877,Χρ. Μουραμπάς ;,false,false,false,,false
10878,Στέφ. Κυπριώτης,false,false,false,,false
10879,Α. Ατζεμόπουλος,false,false,false,,false
10880,Θεόδ. Δερβενιώτης,false,false,false,,false
10881,Γιώ. Μάμμος,false,false,false,,false
10882,Τάκης Μπινιάρης,false,false,false,,false
10883,Y. Onagana - απόδοση στα ελλην. Σέβη Τηλιακού,false,false,false,,false
10884,Κ. Γιοβάννης,false,false,false,,false
10885,διασκευή Β. Gratsi,false,false,false,,false
10886,Rafick Khoury,false,false,false,,false
10887,Τόλης Εσδράς (ή Ηλ. Μεγαλούδης),false,false,false,,false
10888,Π. Τσιλιμάγκος,false,false,false,,false
10889,Κ. Σταμούλης,false,false,false,,false
10890,Στ. Τσολακάκης,false,false,false,,false
10891,Μπ. Θεσσαλός (Κολοκοτρώνης),false,false,false,,false
10892,παραδοσιακό Κυπριακό - διασκευή Βιολάρης,false,false,false,,false
10893,Silvano Ramos,false,false,false,,false
10894,"L. Ravel, Webb",false,false,false,,false
10895,Μ. Καρράς,false,false,false,,false
10896,Μ. Αργυρόπουλος,false,false,false,,false
10897,Μοιρολόι,false,false,false,,false
10898,Δ. Δούμας,false,false,false,,false
10899,Fowlkes - απόδοση στα ελλην. Ν. Ελληναίος,false,false,false,,false
10900,Π. Παπαζαχαριάδης,false,false,false,,false
10901,Θέμης Ανδρεάδης,false,false,false,,false
10902,F. G. LORCA - απόδοση στα ελλην. Β. Πετρής,false,false,false,,false
10903,"Γιά. Ρώτας, Θόδ. Βίλμας",false,false,false,,false
10904,Βασ. Σδούκος,false,false,false,,false
10905,παραδοσιακό τραγούδι του Τομ Κελιμπάρι - απόδοση στα ελλην. Dasho Kurti,false,false,false,,false
10906,Α. Αλεξανδράτος-Τυπάλδος,false,false,false,,false
10907,Benny Andersson,false,false,false,,false
10908,Γ. Κουτσούκης,false,false,false,,false
10909,Ιωσήφ Κέρπελης,false,false,false,,false
10910,Κ. Κοφινιώτης,false,false,false,,false
10911,Χρ. Σερδινιάρης,false,false,false,,false
10912,Β. Μπουσιώτης,false,false,false,,false
10913,Κ. Τσακατάκης,false,false,false,,false
10914,"Γιά. Κυπαρίσσης, Αντ. Βώττης",false,false,false,,false
10915,Κολοκοτρώνης (Ζαμπέτας),false,false,false,,false
10916,Γ. Μπραχόπουλος,false,false,false,,false
10917,Γιά. Σκαρίμπας,false,false,false,,false
10918,Γ. Οργαντζίδης,false,false,false,,false
10919,Ζάχος,false,false,false,,false
10920,Θ. Σοφός,false,false,false,,false
10921,Παπαγιαννοπούλου (ή Παγιουμτζής ;),false,false,false,,false
10922,"Ν. Ιγνατιάδης, N. Barder",false,false,false,,false
10923,Μιχ. Καπηλίδης,false,false,false,,false
10924,Δημ. Κομνηνός,false,false,false,,false
10925,"P. Lemaitre, J. Demarny - απόδοση στα ελλην. Δημ. Ιατρόπουλος",false,false,false,,false
10926,Εμ. Αλλιγιάννης,false,false,false,,false
10927,Ν. Νικολαϊδης,false,false,false,,false
10928,Φώτης Ζερβόπουλος,false,false,false,,false
10929,"διασκευή Β. Τσώκος, Χ. Σαραγώτης",false,false,false,,false
10930,διασκευή Τάσ. Καρακατσάνης,false,false,false,,false
10931,Σταύρος Δέδες ή Μπ. Καζαντζόγλου,false,false,false,,false
10932,Μύριαμ Χαλκίτη,false,false,false,,false
10933,Quirage,false,false,false,,false
10934,Άννα Καραμπεσίνη,false,false,false,,false
10935,Γιώργ. Οικονοµίδης,false,false,false,,false
10936,Βασ. Φιλέρης,false,false,false,,false
10937,Θόσ. Παπαδόπουλος,false,false,false,,false
10938,"Γιώ. Ασημακόπουλος, Βασ. Σπυρόπουλος, Παν. Παπαδούκας",false,false,false,,false
10939,Mogol,false,false,false,,false
10940,Τζουανάκος (Ν. Γκούμας ;),false,false,false,,false
10941,Φ. Σούκα,false,false,false,,false
10942,Παν. Λειβαδάρος,false,false,false,,false
10943,Δημ. Μαραγκόπουλος,false,false,false,,false
10944,Γρηγ. Σιμιτζής,false,false,false,,false
10945,Bruno Leuzi,false,false,false,,false
10946,"Κ. Πρετεντέρης, Γιώ. Οικονομίδης",false,false,false,,false
10947,"Ζ. Ιακωβίδης, Γιώ. Ασημακόπουλος",false,false,false,,false
10948,"F. Farian, Reyam, F. Jay",false,false,false,,false
10949,Ι. Κομνηνός,false,false,false,,false
10950,Γ. Πάγκαλης,false,false,false,,false
10951,Πέτρος Νικολάου,false,false,false,,false
10952,Barry Mason - απόδοση στα ελλην. Λ. Κογκαλίδης,false,false,false,,false
10953,Stewart - απόδοση στα ελλην. Ρέτη Ζαλοκώστα,false,false,false,,false
10954,Κ. Μαλκότσης,false,false,false,,false
10955,"από την ""Ερωφίλη"" του Γ. Χορτάτζη",false,false,false,,false
10956,Β. Χαϊδαρίδης,false,false,false,,false
10957,Π. Κονδύλης,false,false,false,,false
10958,Σταύρος Τσάκος ή Λάκης Παπαδόπουλος,false,false,false,,false
10959,Βαγγ. Αδαμόπουλος,false,false,false,,false
10960,Γιώργης Κουτσουρέλης,false,false,false,,false
10961,"Γενίτσαρης, Χιώτης, Μάθεσης",false,false,false,,false
10962,Μ. Μωραΐτου,false,false,false,,false
10963,Κ. Καραγιώργος,false,false,false,,false
10964,Παν. Πασβάντης,false,false,false,,false
10965,Γιά. Σπάρτακος,false,false,false,,false
10966,G. Berger,false,false,false,,false
10967,Ανδρ. Πόγγης,false,false,false,,false
10968,R. Zalokosta (Ρέτη Ζαλοκώστα),false,false,false,,false
10969,Μαρίζα Κωχ - διασκευή από δημοτικό,false,false,false,,false
10970,Μαρίζα Κωχ ή Θ. Μικρούτσικος,false,false,false,,false
10971,Μαρία Έλενα,false,false,false,,false
10972,Σοφία. Πολίτη,false,false,false,,false
10973,Γαλάτια Τσώτα,false,false,false,,false
10974,M. Cucciarra,false,false,false,,false
10975,Κονδριάνης,false,false,false,,false
10976,Στάθης Νατσιός,false,false,false,,false
10977,Δ. Φαρμάκης,false,false,false,,false
10978,Λένα Ρακιντζή,false,false,false,,false
10979,Κώστας Κωστούλας,false,false,false,,false
10980,Χατζηχρήστος (Μάνεσης),false,false,false,,false
10981,Πλ. Ρεμπούστικας,false,false,false,,false
10982,Ελύτης,false,false,false,,false
10983,Μάκης Γιαπράκης,false,false,false,,false
10984,Ν. Δανίκας,false,false,false,,false
10985,Eduarto Bianco - απόδοση στα ελλην. Ζ. Κορίνθιος,false,false,false,,false
10986,Μ. Μελκόν,false,false,false,,false
10987,Λευτ. Χαψιάδης,false,false,false,,false
10988,Κατ. Ζωγράφου,false,false,false,,false
10989,"Ι. Φερμάνογλου, Γ. Κώνστας",false,false,false,,false
10990,Μ. Γεωργακοπούλου,false,false,false,,false
10991,Α. Λευκαρίτης,false,false,false,,false
10992,Ν. Κολοκοτρώνης,false,false,false,,false
10993,Gassia,false,false,false,,false
10994,Μάρκ. Μπαλτόπουλος (Μπ. Μαρκάκης),false,false,false,,false
10995,Γρηγ. Σουρμαΐδης,false,false,false,,false
10996,"Κ. Κουκούλης, Σπ. Λυκούρης",false,false,false,,false
10997,Αλ. Παπαδόπουλος,false,false,false,,false
10998,Ηλ. Μεγαλούδης (Θαν. Λώλος ;),false,false,false,,false
10999,Ι. Γιαννακούρας,false,false,false,,false
11000,Sebastian,false,false,false,,false
11001,Άγγελος,false,false,false,,false
11002,Ροβερτάκης (και Περιστέρης ;),false,false,false,,false
11003,Χαράλ. Λαμιώτης,false,false,false,,false
11004,Γ. Λεωτσάκος,false,false,false,,false
11005,"Pilat, Conti - απόδοση στα ελλην. Σέβη Τηλιακού",false,false,false,,false
11006,Άννα Ιωαννίδου,false,false,false,,false
11007,Α. Σπάθης,false,false,false,,false
11008,Franco & Domenico Reitano - απόδοση στα ελλην. Ν. Κύταρης,false,false,false,,false
11009,Σ. Πλειανθίδης,false,false,false,,false
11010,Πόλυ Πελέλη,false,false,false,,false
11011,Πετσάς (Παπαγιαννοπούλου),false,false,false,,false
11012,Σπ. Σούλας,false,false,false,,false
11013,D'Errico - απόδοση στα ελλην. Ν. Κύτταρης,false,false,false,,false
11014,Τ. Σούκας ;,false,false,false,,false
11015,Γερ. Σκλαβενίτης,false,false,false,,false
11016,Allan Roberts,false,false,false,,false
11017,Ζαχαρίας Μουζάκης,false,false,false,,false
11018,Ι. Ποντίκης,false,false,false,,false
11019,R. Bernet,false,false,false,,false
11020,Τσιτσάνης (Αλ. Τόσκας),false,false,false,,false
11021,Καφάσης,false,false,false,,false
11022,"Βαγγ. Γκούφας, Β. Ανδρεόπουλος",false,false,false,,false
11023,P. Massaro,false,false,false,,false
11024,Στρατηγός Μακρυγιάννης,false,false,false,,false
11025,Ν. Λουκόπουλος,false,false,false,,false
11026,Ατταλίδης (Άκης Πάνου),false,false,false,,false
11027,Σταύρος Χρυσομάλλης,false,false,false,,false
11028,Αργ. Αρβανιτάκης,false,false,false,,false
11029,Έφη Σαρρή,false,false,false,,false
11030,Εμμ. Νικολουδάκης,false,false,false,,false
11031,Βάντα Ντάνη,false,false,false,,false
11032,Κ. Μπιτίνης,false,false,false,,false
11033,Σταύρος Μουφλουζέλης,false,false,false,,false
11034,Βάσος Βενιζέλος,false,false,false,,false
11035,Σπ. Βασιλόπουλος,false,false,false,,false
11036,Ζωή Τηγανούρια,false,false,false,,false
11037,Γιά. (Μπαχ) Σπυρόπουλος,false,false,false,,false
11038,Danny Brillant (ελληνικοί στίχοι: Θόδ. Ποάλας),false,false,false,,false
11039,"Savio, Cavalloro - απόδοση στα ελλην. Ν. Κύταρης",false,false,false,,false
11040,Κ. Μακρής ή Σαμιωτάκης,false,false,false,,false
11041,Γ. Μποσινάς,false,false,false,,false
11042,Χρ. Κελεπούρης,false,false,false,,false
11043,Διασκευή: Βαγγ. Δεληκούρας,false,false,false,,false
11044,Εύη Δρούτσα,false,false,false,,false
11045,διασκευή Ν. Τσιλίφης,false,false,false,,false
11046,G. Bella,false,false,false,,false
11047,Π. Ορφανός,false,false,false,,false
11048,Aznavour,false,false,false,,false
11049,αφοί Γ. Ν. Η. Καλαϊτζή ή Μυτιληναίου,false,false,false,,false
11050,απόδοση στα ελλην. Ρίτσος,false,false,false,,false
11051,Τάκης Τσώνης,false,false,false,,false
11052,L. Bartotti,false,false,false,,false
11053,Ανδ. Χατζηαποστόλου,false,false,false,,false
11054,"Δημ. Πουλικάκος, εκτός από τα δυο σόλα κιθάρας που είναι του Αντ. Τριανταφύλλου",false,false,false,,false
11055,Oldham,false,false,false,,false
11056,Μαν. Δεστούνης,false,false,false,,false
11057,Γ. Δεσίπρης,false,false,false,,false
11058,Λευτερομανώλης,false,false,false,,false
11059,Ν. Β. Αντωνίου,false,false,false,,false
11060,M. Zelinotti,false,false,false,,false
11061,Τ. Σούκας ; ή Γιώ. Μπούρας ;,false,false,false,,false
11062,Ά. Σμυρναίος,false,false,false,,false
11063,Λ. Μιχαηλίδης,false,false,false,,false
11064,"Framario, Borigillo",false,false,false,,false
11065,Νίκυ Γιάκοβλεφ,false,false,false,,false
11066,Sultze Norbert,false,false,false,,false
11067,Σωτ. Ιωάννου,false,false,false,,false
11068,Αντ. Βώττη,false,false,false,,false
11069,Μάρκος Μπαλτόπουλος (Μπ. Μαρκάκης),false,false,false,,false
11070,Τ. Λαβίδας (Μάνεσης),false,false,false,,false
11071,Α. Φουντουλάκης,false,false,false,,false
11072,Τσαουσάκης (Τατασόπουλος ;),false,false,false,,false
11073,Ι. Μπόνης,false,false,false,,false
11074,Μ. Γεωργάρης,false,false,false,,false
11075,Ε. Ασημακόπουλος,false,false,false,,false
11076,Α. Τουρκογιώργης,false,false,false,,false
11077,Γιάν. Παπαϊωάννου,false,false,false,,false
11078,Κ. Κανάκη,false,false,false,,false
11079,Ιωάννα Κωστοπούλου,false,false,false,,false
11080,Γ. Τσίχλας,false,false,false,,false
11081,Σταύρος Παντελίδης,false,false,false,,false
11082,Στέφ. Ιωαννίδης,false,false,false,,false
11083,Λυκούργος Μαρκέας,false,false,false,,false
11084,Τάσος Ιωαννίδης,false,false,false,,false
11085,Μ. Δέδες,false,false,false,,false
11086,Βιτάλη,false,false,false,,false
11087,Κυρ. Κεραυνός ή Λευτ. Κολεμίδης ;,false,false,false,,false
11088,R. Soffici - απόδοση στα ελλην. Ρέτη Ζαλοκώστα,false,false,false,,false
11089,Ά. Χρυσάφη,false,false,false,,false
11090,"Γιώ. Καρράς, Μπ. Παπαδόπουλος",false,false,false,,false
11091,"Νίκος Δ. Τριανταφυλλόπουλος, Ορφέας Περίδης",false,false,false,,false
11092,Αργ. Βαμβακάρης,false,false,false,,false
11093,Θέμις Μουμουλίδη,false,false,false,,false
11094,Γ. Σούτσος,false,false,false,,false
11095,Δημ. Οικόνου (ή Δημ. Οικονόμου),false,false,false,,false
11096,Ανδρ. Θωμόπουλος,false,false,false,,false
11097,Στρ. Κύπριος,false,false,false,,false
11098,Θ. Γκόρπας,false,false,false,,false
11099,Παυλάκης Δραμινός,false,false,false,,false
11100,Γιά. Διδίλης,false,false,false,,false
11101,Μέλπω Ζαρόκωστα,false,false,false,,false
11102,Prizipe,false,false,false,,false
11103,"Ιερόθεος Σχίζας, Ορ. Λάσκος",false,false,false,,false
11104,Σύλβιος (Ανδρέας Παπαδόπουλος),false,false,false,,false
11105,Μ. Μαχαίρας,false,false,false,,false
11106,Γιά. Κωνσταντινίδης,false,false,false,,false
11107,Ηλ. Κωνσταντόπουλος,false,false,false,,false
11108,Αγγ. Δαμίγου,false,false,false,,false
11109,Bernstein,false,false,false,,false
11110,Yani Spanos,false,false,false,,false
11111,Σωτ. Πρίτσης,false,false,false,,false
11112,David Bowie,false,false,false,,false
11113,Ξεν. Σπουργίτης,false,false,false,,false
11114,Χριστίνα Αλεξιάδου,false,false,false,,false
11115,Εξαδάκτυλος,false,false,false,,false
11116,Σ. Αγγελιδάκης,false,false,false,,false
11117,Ινδική μελωδία,false,false,false,,false
11118,Τάσ. Μπουγάς,false,false,false,,false
11119,Γ. Λάζος,false,false,false,,false
11120,Δημ. Κατσαούνης,false,false,false,,false
11121,Goglfardi,false,false,false,,false
11122,Π. Τζαβέλλας ή Μπακαλάκος ή Μαρκόπουλος,false,false,false,,false
11123,Πόπη Αλαφούζου,false,false,false,,false
11124,R. Vatro,false,false,false,,false
11125,"Θ. Σοφός, Ι. Αγγελής",false,false,false,,false
11126,Πέτρος Δουρδουμπάκης,false,false,false,,false
11127,Cavallaro - απόδοση στα ελλην. Αθ. Τσόγκας,false,false,false,,false
11128,Γιώ. Κεφαλάς,false,false,false,,false
11129,Λάζαρος Κοζάρης,false,false,false,,false
11130,"Μιχ. Εμιρλής, Γιάν Γεωργαντάς",false,false,false,,false
11131,"Γιώ. Βρούβας, Γιώ. Παπαγιαννόπουλος",false,false,false,,false
11132,Στ. Μακρής,false,false,false,,false
11133,Θοδ. Πολυκανδριώτης,false,false,false,,false
11134,Κ. Καρίπης,false,false,false,,false
11135,Αντ. Μιντζέλος,false,false,false,,false
11136,J. Rech,false,false,false,,false
11137,Ν. Πάνος,false,false,false,,false
11138,"Σουγιούλ, Μωράκης",false,false,false,,false
11139,Ελ. Τσώλη,false,false,false,,false
11140,Κ. Ρουβινέτης,false,false,false,,false
11141,Σταύρος Νικολαΐδης,false,false,false,,false
11142,Nemo,false,false,false,,false
11143,διασκευή Στέλ. Βαμβακάρης,false,false,false,,false
11144,Δήμος Βαλσάμης,false,false,false,,false
11145,"Σακελλάριος, Σουγιούλ",false,false,false,,false
11146,Ανδρ. Στεφανάκης,false,false,false,,false
11147,Γ. Καρατζαφέρης,false,false,false,,false
11148,Σπ. Γεωργίου,false,false,false,,false
11149,Μπ. Ποιμενίδης,false,false,false,,false
11150,Περδικόπουλος (Τσιτσάνης ;),false,false,false,,false
11151,Χαρ. Πετράκη,false,false,false,,false
11152,Δημ. Σέμσης,false,false,false,,false
11153,Jacques Brell,false,false,false,,false
11154,Ν. Κατσάλας,false,false,false,,false
11155,Καμμενίδης (Ανδρ. Οικονόμου) ;,false,false,false,,false
11156,Απ. Κλαπαδώρος,false,false,false,,false
11157,Eduarto Bianco - απόδοση στα ελλην. Αλ. Σακελλάριος,false,false,false,,false
11158,Στ. Κάξος ;,false,false,false,,false
11159,Γιά. Μπερνιδάκης (Μπαξεβάνης),false,false,false,,false
11160,Στ. Μαρκίδου,false,false,false,,false
11161,Σ. Καστοριανός,false,false,false,,false
11162,Ξανθίππη Καλοστύπη,false,false,false,,false
11163,A. Ozdemitoglu,false,false,false,,false
11164,Γιώ. Θεοφιλόπουλος,false,false,false,,false
11165,Θόδ. Κολοκοτρώνης,false,false,false,,false
11166,Θ. Μπουτάκογλου ;,false,false,false,,false
11167,Γιά. Τσουκαλάς,false,false,false,,false
11168,Σ. Αποστόλου,false,false,false,,false
11169,Μ. Winkler,false,false,false,,false
11170,Μπέττυ Κομνηνού,false,false,false,,false
11171,D. Jobe,false,false,false,,false
11172,Παν. Σαλίχος,false,false,false,,false
11173,Hayes,false,false,false,,false
11174,"διασκευή Ν. Γούναρης, Σουγιούλ",false,false,false,,false
11175,Πέτρος Επιτροπάκης,false,false,false,,false
11176,"Σουγιούλ, Θόδ. Παπαδόπουλος",false,false,false,,false
11177,Γιά. Πολιτάκης,false,false,false,,false
11178,Ατταλίδης (Δερβενιώτης ;),false,false,false,,false
11179,Π. Σιδηρόπουλος,false,false,false,,false
11180,Γιώ. Τζουβελέκης,false,false,false,,false
11181,Ανδρ. Κλεισιάρης,false,false,false,,false
11182,αγνώστου,false,false,false,,false
11183,Black Blood,false,false,false,,false
11184,Βασ. Παϊτέρης,false,false,false,,false
11185,Κερκυραϊκό,false,false,false,,false
11186,Ν.Μυλωνάς,false,false,false,,false
11187,Καρανικόλας (Βούλα Γκίκα ;),false,false,false,,false
11188,Juan Llossas - απόδοση στα ελλην. Αντ. Πλωμαρίτης,false,false,false,,false
11189,Σωτ. Παπαϊωάννου,false,false,false,,false
11190,"Γιά. Γούβαλης, Βασ. Χρυσανθόπουλος",false,false,false,,false
11191,Γιά. Δραγάτσης (Μαρίκα Φραντζεσκοπούλου),false,false,false,,false
11192,Σ. Λυκίδης,false,false,false,,false
11193,Μίμης Νικολαΐδης,false,false,false,,false
11194,Σταμ. Χατζιδάκης,false,false,false,,false
11195,Μιχ. Αβατάγγελος,false,false,false,,false
11196,Δημ. (Μίμης) Καραμπής,false,false,false,,false
11197,Winfield Scott,false,false,false,,false
11198,Σωτηρία Μπαβέλου,false,false,false,,false
11199,Τίτος Ξηρέλλης,false,false,false,,false
11200,Βάσω Αλαγιάνη,false,false,false,,false
11201,Γιώ. Τσαγκάρης,false,false,false,,false
11202,Α. Σέμπος,false,false,false,,false
11203,Gear Publlshing - απόδοση στα ελλην. Λίνα Δημοπούλου,false,false,false,,false
11204,Τηλέμαχος Χλέκος (Κλουβάτος ;),false,false,false,,false
11205,Α. Τσιβγούλης,false,false,false,,false
11206,Βαγγ. Τσίχλας,false,false,false,,false
11207,διασκευή Λ. Λεονταρίδης,false,false,false,,false
11208,Ι. Περγαντάς,false,false,false,,false
11209,Στάθης Λεονάρδος,false,false,false,,false
11210,Φίλ. Πλακιάς,false,false,false,,false
11211,Δερβενιώτης (Βίρβος),false,false,false,,false
11212,Serge Gainsbourg,false,false,false,,false
11213,Ιωσήφ Παναγιωτάκης ;,false,false,false,,false
11214,Γ. Γεραντζόπουλος,false,false,false,,false
11215,Hays,false,false,false,,false
11216," Χρ. Γιαννακόπουλος, Αλ. Σακελλάριος",false,false,false,,false
11217,Βασ. Ορφανός,false,false,false,,false
11218,Αλεξάνδρα Ζαχαριά,false,false,false,,false
11219,Μητσάκης (Γιώ. Γιαννακόπουλος ;),false,false,false,,false
11220,Πάνος Περδικάκης,false,false,false,,false
11221,Θόδ. Καμπουρίδης (ή Χρ. Κοτσώνης ;),false,false,false,,false
11222,"Θαν. Καρακώστας, Θ. Κρυστάλλης",false,false,false,,false
11223,Αν. Ανδρόνικος,false,false,false,,false
11224,Στ. Λαζάρου,false,false,false,,false
11225,Γ. Βασιλόπουλος,false,false,false,,false
11226,Στέλ. Σωτηρίου (Καλλιόπη Μαρμαρινού),false,false,false,,false
11227,Γερ. Σταματογιαννάκης,false,false,false,,false
11228,Γιώ. Πετροπουλέας (Κ. Καρίπης),false,false,false,,false
11229, Θ. Στουραΐτης ;,false,false,false,,false
11230,Μπιθικώτσης (Γκούτης),false,false,false,,false
11231,P. Soffici,false,false,false,,false
11232,Σ. Δημακόπουλος,false,false,false,,false
11233,"Μάτσας, Περιστέρης",false,false,false,,false
11234,(Βασ. Καρδής) Γκάτσος,false,false,false,,false
11235,José Luis Perales,false,false,false,,false
11236,Βασ. Αρχιτεκτονίδης,false,false,false,,false
11237,Julie R. Dennis,false,false,false,,false
11238,διασκευή Τζον Γιάνναρος,false,false,false,,false
11239,Κ. Κουκουτάρας,false,false,false,,false
11240,Μενέλαος Λουντέμης,false,false,false,,false
11241,"C. Lemesle, Βαγγ. Γκούφας",false,false,false,,false
11242,Σάκης Τσιλίκης,false,false,false,,false
11243,Φ. Κουνουνάς,false,false,false,,false
11244,Ανδρ. Αθανασίου (Ανδρ. Τσαταλμπάσης),false,false,false,,false
11245,Γιώ. Αγγελίδης,false,false,false,,false
11246,Πέτρος Κολακλίδης,false,false,false,,false
11247,"Γιά. Βασιλόπουλος, Γιά. Γαβαλάς",false,false,false,,false
11248,Πάν. Παπαδούκας,false,false,false,,false
11249,Στέφ. Στεφανής,false,false,false,,false
11250,"Χιώτης, Ρούτσος",false,false,false,,false
11251,Αντ. Πανταζής,false,false,false,,false
11252,Αθαν. Μπουρλιάσκος,false,false,false,,false
11253,"Ν. Βίλλας, Στέλ. Χρυσίνης",false,false,false,,false
11254,Λ. Πλέσσα,false,false,false,,false
11255,ROAD PROJECT,false,false,false,,false
11256,Μαριάντζελα Παπακωνσταντίνου,false,false,false,,false
11257,Χαρούλα Δρίγκου,false,false,false,,false
11258,Ο. Fares,false,false,false,,false
11259,Γιώ. Κεσίδης,false,false,false,,false
11260,Γιά. Παπανικολόπουλος,false,false,false,,false
11261,Malgoni,false,false,false,,false
11262,Δημ. Βουνάς,false,false,false,,false
11263,Π. Χρυσαφέλης,false,false,false,,false
11264,Μ. Μαργαρίτης (Μίνως Μάτσας),false,false,false,,false
11265,Ελ. Ταμπακοπούλου,false,false,false,,false
11266,διασκευή Μιχ. Δασκαλάκη,false,false,false,,false
11267,Χάρης Καλέας,false,false,false,,false
11268,Σ. Φαλιέρος,false,false,false,,false
11269,Κολοκοτρώνης (Καραπατάκης ;),false,false,false,,false
11270,Τριαντάφυλλος Ντόβας,false,false,false,,false
11271,Κ. Γρυπαίος,false,false,false,,false
11272,Αντ. Πολίτης,false,false,false,,false
11273,Εύανδρος Παπαδόπουλος,false,false,false,,false
11274,Τ. Εσδράς,false,false,false,,false
11275,Mabel Wayne,false,false,false,,false
11276,Dalano,false,false,false,,false
11277,Μ. Μωυσίδης,false,false,false,,false
11278, Ι. Κωτσόπουλος,false,false,false,,false
11279,Άκης Πάνου,false,false,false,,false
11280,J. Fogerty - απόδοση στα ελλην. Ν. Κύτταρης,false,false,false,,false
11281,Κ. Μουνρό,false,false,false,,false
11282,Γιαν. Αγγέλου,false,false,false,,false
11283,Χ. Λυμπερόπουλος,false,false,false,,false
11284,Λ. Ιακωβίδης,false,false,false,,false
11285,Σώτια Τσώτου,false,false,false,,false
11286,Γιά. Νταντάκης,false,false,false,,false
11287,παραδοσικό Κούβας,false,false,false,,false
11288,Marcos A. Himenez,false,false,false,,false
11289,Άννα Παναγιωτοπούλου,false,false,false,,false
11290,Δ. Σωφρονίου,false,false,false,,false
11291,Γιά. Μήτσης,false,false,false,,false
11292,Paul,false,false,false,,false
11293,Άγγ. Χριστόπουλος,false,false,false,,false
11294,Αλ. Καμπάς,false,false,false,,false
11295,Κ. Σκουλαρίκος,false,false,false,,false
11296,"Ναπ. Ελευθερίου, Ηλ. Λυμπερόπουλος",false,false,false,,false
11297,D. Jose Feliciano,false,false,false,,false
11298,Κάλια Σπυριδάκη,false,false,false,,false
11299,Κ. Καρελής,false,false,false,,false
11300,Ανδρ. Νεοφυτίδης,false,false,false,,false
11301,A. Jacobs,false,false,false,,false
11302,Caro Banjarian,false,false,false,,false
11303,Κ. Ασημακόπουλος,false,false,false,,false
11304,Ευάγγ. Σκουρτανιώτης (Μητσάκης ;),false,false,false,,false
11305,Ι. Πετρόπουλος,false,false,false,,false
11306,Γιώ. Σαρρής,false,false,false,,false
11307,Γ. Ρέμη-Γεωργιάδη,false,false,false,,false
11308,Μπουρνέλλης,false,false,false,,false
11309,Γ. Λημνιός,false,false,false,,false
11310,Σοφία Μαυροειδή-Παπαδάκη,false,false,false,,false
11311,Γιώ. Σκαρλάτος,false,false,false,,false
11312,Σπήλιος Μεντής,false,false,false,,false
11313,Ατταλίδου,false,false,false,,false
11314,"Γ. Ασηµακόπουλος, Β. Σπυρόπουλος, Π. Παπαδούκος",false,false,false,,false
11315,Γεωργακοπούλου (Τσιτσάνης ;),false,false,false,,false
11316,Η. Τικοζόγλου,false,false,false,,false
11317,R. Marino Atria - απόδοση στα ελλην. Πυθαγόρας,false,false,false,,false
11318,Δ. Ατραΐδης,false,false,false,,false
11319,Γιώ. Βρούβας,false,false,false,,false
11320,Σώτος Μίμαρος,false,false,false,,false
11321,Γ. Γκίνης,false,false,false,,false
11322,Βαγγ. Πρέκας,false,false,false,,false
11323,Β. Γιαννούλης,false,false,false,,false
11324,Γ. Φαντίδης,false,false,false,,false
11325,Καρακώστας,false,false,false,,false
11326,J. Larue,false,false,false,,false
11327,Βασ. Αναστασίου,false,false,false,,false
11328,Γ. Κελίδης,false,false,false,,false
11329,Αθ. Καρακώστας,false,false,false,,false
11330,Β. Μποφίλιος (ή Ταμπακίδης),false,false,false,,false
11331,Πάνος Ιωαννίδης,false,false,false,,false
11332,Pantros,false,false,false,,false
11333,Χρ. Αηδονίδης,false,false,false,,false
11334,Παπαϊωάννου (Γιώ. Φωτίδας ;),false,false,false,,false
11335,Μπακάλης (Μπ. Μαρκάκης),false,false,false,,false
11336,Αρ. Σταθόπουλος,false,false,false,,false
11337,Ευάγγ. Φύλης,false,false,false,,false
11338,Τούντας (παραδοσιακό),false,false,false,,false
11339,Καπνίσης,false,false,false,,false
11340,Γ. Τσουκαντάς,false,false,false,,false
11341,Ι. Ορφανός,false,false,false,,false
11342,Κλαδάρας (Βίρβος),false,false,false,,false
11343,Χρ. Χαρίδημος,false,false,false,,false
11344,Κ. Φερεντίνος,false,false,false,,false
11345,Μωυσής Κοϊνόγλου (Ν. Γιαννακός ;),false,false,false,,false
11346,Ν. Τσίγκος,false,false,false,,false
11347,Χαρούλα Πετράκη,false,false,false,,false
11348,Λένα Γιάννα,false,false,false,,false
11349,Γ. Κοζατσάς,false,false,false,,false
11350,Μ. Καϊνόγλου,false,false,false,,false
11351,Χρ. Μποζίκης,false,false,false,,false
11352,Ε. Δήμου,false,false,false,,false
11353,Σ. Γιαννακάκος,false,false,false,,false
11354,Πάνος Ζαχαρίου,false,false,false,,false
11355,Στ. Κορσαβίδης,false,false,false,,false
11356,Παπασιδέρης (Στελ. Περπινιάδης ;),false,false,false,,false
11357,Μιχ. Κονιτόπουλος,false,false,false,,false
11358,"Αδρ. Χατζηαποστόλου, Κ. Πρέντας",false,false,false,,false
11359,Στελλάκης Περπινιάδης,false,false,false,,false
11360,Αργ. Βεργόπουλος,false,false,false,,false
11361,Αχιλλέας Λυμπουρίδης,false,false,false,,false
11362,Björn Ulvaeus - απόδοση στα Ιταλικά C. Minellono,false,false,false,,false
11363,Στέλιος Κεφάλας,false,false,false,,false
11364,"W. Laurent, Πασχάλης",false,false,false,,false
11365,Μάκης Μαυρομιχάλης,false,false,false,,false
11366,Θανάσης Καραπατάκης,false,false,false,,false
11367,L. Conald,false,false,false,,false
11368,Δημ. Κωστελένος,false,false,false,,false
11369,Stewart,false,false,false,,false
11370,Πάνος Στεργίου,false,false,false,,false
11371,Γιώ. Ανεστόπουλος (Χρ. Κοντόπουλος),false,false,false,,false
11372,	Κ. Γιαννίδης,false,false,false,,false
11373,Γ. Απιδιώτης,false,false,false,,false
11374,Πόπη Καμπάνη,false,false,false,,false
11375,Τούρκικο παραδοσιακό,false,false,false,,false
11376,Β. Χαλκιάς,false,false,false,,false
11377,Michael Fennelly - απόδοση στα ελλην. Ρέτη Ζαλοκώστα,false,false,false,,false
11378,Γιώ. Βιδάλης,false,false,false,,false
11379,διάφοροι,false,false,false,,false
11380,Ν. Στάθμας (Μάρκος),false,false,false,,false
11381,παραδοσιακό Κρήτης - διασκευή μουσικό σχήμα Πέτρος Βλαστός,false,false,false,,false
11382,Γιά. Κυπαρίσσης,false,false,false,,false
11383,Φίλ. Κούκουνας,false,false,false,,false
11384,Παπαγιαννοπούλου ή Κ. Γόντικας,false,false,false,,false
11385,Θόδ. Πουλίσης,false,false,false,,false
11386,Α. & Ν. Παναγόπουλος,false,false,false,,false
11387,Στ. Μπαλαγούρας,false,false,false,,false
11388,Καλδάρας (Μάνεσης),false,false,false,,false
11389,Γιώ. Μουζάκης,false,false,false,,false
11390,Χ. Παπαϊωάννου,false,false,false,,false
11391,Tom Delsney,false,false,false,,false
11392,"Γενίτσαρης, Π. Καπλάνογλου",false,false,false,,false
11393,Θ. Καλπαδώρος,false,false,false,,false
11394,"R. Barouh, N. Croisilie",false,false,false,,false
11395,Αλ. Σπάθη,false,false,false,,false
11396,Χρ. Παγώνης,false,false,false,,false
11397,Ζαγοραίος,false,false,false,,false
11398,Ευριπίδης - απόδοση Γιώ. Χειμωνάς,false,false,false,,false
11399,Xαρ. Ευφραιμίδης,false,false,false,,false
11400,Wilson Picket,false,false,false,,false
11401,Άκος Δασκαλόπουλος,false,false,false,,false
11402,Κυρ. Καλλέργης,false,false,false,,false
11403,"Werau, Loehner, Leandros, Munro",false,false,false,,false
11404,Β. Νικολέσκο,false,false,false,,false
11405,Σταμ. Χατζόπουλος,false,false,false,,false
11406,Βασ. Νικολαϊδης,false,false,false,,false
11407,Ιωάν. Καλονάρος,false,false,false,,false
11408,C. Otis - απόδοση στα ελλην. Ρέτη Ζαλοκώστα,false,false,false,,false
11409,Κ. Παπαχρήστου,false,false,false,,false
11410,Μιχ. Εμιρλής,false,false,false,,false
11411,Ζωρζ Μέλλοντυ,false,false,false,,false
11412,Βιβή Κανουσοπούλου,false,false,false,,false
11413,Ελένη Βαρδουνιώτη,false,false,false,,false
11414,Νάσος Νάκος (Νανόπουλος),false,false,false,,false
11415,Ν. Καρατάσος,false,false,false,,false
11416,Λ.(ουκάς ;) Χατζής,false,false,false,,false
11417,Ν. Τσαλδάρης,false,false,false,,false
11418,Μύρμα,false,false,false,,false
11419,Μιχ. Σκουλούδης,false,false,false,,false
11420,Μαρίζα Κωχ,false,false,false,,false
11421,Λ. Παπαλέξης,false,false,false,,false
11422,Ι. Καστρινός,false,false,false,,false
11423,παιδικό παραδοσιακό,false,false,false,,false
11424,Γιά. Χανιωτάκης,false,false,false,,false
11425,Γ. Κόρος,false,false,false,,false
11426,Σιδ. Αντωνίου,false,false,false,,false
11427,Α. Καράμπελας / Βασ. Σκαλιώτης),false,false,false,,false
11428,παραδοσιακό Κρήτης,false,false,false,,false
11429,Α. Καραβασιλείου,false,false,false,,false
11430,Σπ. Μεταξάς,false,false,false,,false
11431,Bigezzi,false,false,false,,false
11432,Δημ. Σταμούλος,false,false,false,,false
11433,Αργ. Νικολέσκο,false,false,false,,false
11434,Σ. Τηλιακός,false,false,false,,false
11435,Ν. Τσαχτίρης,false,false,false,,false
11436,Απ. Μαγγανάρης,false,false,false,,false
11437,Χρ. Διαμαντόπουλος,false,false,false,,false
11438,Williams,false,false,false,,false
11439,Τάσος Κόρφης,false,false,false,,false
11440,Μιχ. Μανταράκης,false,false,false,,false
11441,Γιώ. Βαρουξής,false,false,false,,false
11442,Ν. Βαξεβανέλης,false,false,false,,false
11443,Περ. Μουράτογλου,false,false,false,,false
11444,"Meccia, Guardabassi, Capuano",false,false,false,,false
11445,Ι. Κωτσίδης,false,false,false,,false
11446,Θ. Παπαδόπουλος,false,false,false,,false
11447,"Παν. Μπιλικάς, Ιωάν. Αντωνόπουλος",false,false,false,,false
11448,E. Maciaw - απόδοση στα ελλην. Φίλ. Νικολάου,false,false,false,,false
11449,Γιάννη Φούσκας,false,false,false,,false
11450,Β. Παπασωτηρίου,false,false,false,,false
11451,Μιχ. Φακίνος,false,false,false,,false
11452,"L. Bailly, Gino Cudsi",false,false,false,,false
11453,Μαμαγκάκης ή Σπήλιος Μεντής,false,false,false,,false
11454,Παν. Μπεσλεμπές,false,false,false,,false
11455,Γ. Αρχοντίδης,false,false,false,,false
11456,Στέλιος Μακριδάκης,false,false,false,,false
11457,Βαμβακάς,false,false,false,,false
11458,Πετσάς (Κ. Ζήτης ;),false,false,false,,false
11459,Γιώ. Στάντζος ;,false,false,false,,false
11460,Μ. Κατριβάνος,false,false,false,,false
11461,Σταύρος Κονδύλης,false,false,false,,false
11462,Reyam - απόδοση στα ελλην. Σέβη Τηλιακού,false,false,false,,false
11463,"Μαχαιρίτσας, Αντ. Μιτζέλος",false,false,false,,false
11464,Ευάγγ. Πορτούλιας,false,false,false,,false
11465,Ψαλμός,false,false,false,,false
11466,Ν. Βλυσίδης,false,false,false,,false
11467,Κ. Ρουμελιώτης (Κ. Φαλτάιτς),false,false,false,,false
11468,Αν. Αναγνώστου,false,false,false,,false
11469,Σώτια Τσώτου ή Τασούλα Θωμαΐδου ;,false,false,false,,false
11470,Α. Μανώλου ;,false,false,false,,false
11471,S. Endrigo - απόδοση στα ελλην. Ρέτη Ζαλοκώστα,false,false,false,,false
11472,Ανδρ. Βαλάσης ;,false,false,false,,false
11473,Mogol - απόδοση στα ελλην. Ν. Κύτταρης,false,false,false,,false
11474,Ιφιγένεια Ευθυμιάτου,false,false,false,,false
11475,Δ. Καψωμένος,false,false,false,,false
11476,Βαλλιάνος,false,false,false,,false
11477,Νίκος Γούναρης,false,false,false,,false
11478,Α. Παπαγιαννάκης,false,false,false,,false
11479,Choucho Navarro,false,false,false,,false
11480,"Arnie, Lloyd",false,false,false,,false
11481,Γ. Κιούσης,false,false,false,,false
11482,Sergio Endrigo - απόδοση στα ελλην. Ν. Μαστοράκης,false,false,false,,false
11483,Θαν. Γκαϊφύλλιας,false,false,false,,false
11484,Ευσταθίου,false,false,false,,false
11485,Gaby Wagenheim,false,false,false,,false
11486,Ευγ. Τριβιζάς,false,false,false,,false
11487,Ροβερτάκης,false,false,false,,false
11488,Στ. Βήττου,false,false,false,,false
11489,Denver - απόδοση στα ελλην. Σέβη Τηλίακού,false,false,false,,false
11490,Θ. Χρυσοβέργης,false,false,false,,false
11491,Rustu Demirci,false,false,false,,false
11492,Θοδ. Γελαδάκης,false,false,false,,false
11493,Χρ. Λυμπερόπουλος,false,false,false,,false
11494,Αθ. Σημαιόπουλος,false,false,false,,false
11495,Sebastian de Iradier,false,false,false,,false
11496,Λουκ. Κολεμίδης,false,false,false,,false
11497,Ευγ. Θεοδοσιάδης,false,false,false,,false
11498,Τατιάνα Λύγαρη,false,false,false,,false
11499,Στελλάκης Περπνιάδης,false,false,false,,false
11500,Παρ. Πολίτου,false,false,false,,false
11501,διασκευή-Γεώργ. Καρράς,false,false,false,,false
11502,Έλσα Λίτρα,false,false,false,,false
11503,Μπουρνέλης (Τ. Εσδράς),false,false,false,,false
11504,Νάσια Δαφιώτη,false,false,false,,false
11505,Δευκαλίων Ιακωβίδης,false,false,false,,false
11506,Τάσος Μπουρμάς,false,false,false,,false
11507,Αργυρώ Μαρκέα,false,false,false,,false
11508,Θεοδωράκης ή Γιώ. Κυριαζής,false,false,false,,false
11509,παραδοσιακό Πορτογαλίας,false,false,false,,false
11510,Γ. Διδήλης,false,false,false,,false
11511,Ν. Ντόντης,false,false,false,,false
11512,"Γιά. Λεωτσάκος, Τσόκας",false,false,false,,false
11513,Γ. Ερίνης,false,false,false,,false
11514,"R. Conz, P. Massara",false,false,false,,false
11515,Α. Πούλιος,false,false,false,,false
11516,Δ. Δημόπουλος,false,false,false,,false
11517,Κυριάκος Χατζηπετρής,false,false,false,,false
11518,Mc Lellan - απόδοση στα ελλην. Σ. Τηλιακού,false,false,false,,false
11519,Δ. Ομηρίδης,false,false,false,,false
11520,Ν. Τάτσης,false,false,false,,false
11521,"Λιζ. Καλημέρη, Φωτεινή Λαμπρίδη",false,false,false,,false
11522,"Βασ. Σπυρόπουλος, Π. Παπαδούκας",false,false,false,,false
11523,Φ. Κανέλλος,false,false,false,,false
11524,Χ. Χαλκίτης,false,false,false,,false
11525,Μπέττυ Πουλοπούλου,false,false,false,,false
11526,Γιώ. Τσελές,false,false,false,,false
11527,Ατταλίδης (Χ. Βασιλειάδης ;),false,false,false,,false
11528,Ιωάννα Φάσσου (Γιοβάννα),false,false,false,,false
11529,Βαμβακάρης,false,false,false,,false
11530,"Fontana, Pes - απόδοση στα ελλην. Ν. Ελληναίος",false,false,false,,false
11531,"Γιώ. Ασημακόπουλος, Β. Σπυρόπουλος, Π. Παπαδούκας",false,false,false,,false
11532,C. MORGAN,false,false,false,,false
11533,Γιάμ. Καπλάνογλου,false,false,false,,false
11534,L. Albertelli - ελλην. στίχοι: Δημ. Ιατρόπουλος,false,false,false,,false
11535,Π. Χριστοδούλου,false,false,false,,false
11536,Διασκευή Δημοσθένης Ζάττας,false,false,false,,false
11537,Γερ. Σταύρου,false,false,false,,false
11538,Δημ. Μπατάγιας,false,false,false,,false
11539,Αγγελική Μακρυνιώτη,false,false,false,,false
11540,Θ. Καραπατάκης,false,false,false,,false
11541,Ρίτα,false,false,false,,false
11542,Δημ. Παππάς,false,false,false,,false
11543,Locomondo,false,false,false,,false
11544,Μιχ. Γαϊτάνος,false,false,false,,false
11545,Κ.. Γόντικας,false,false,false,,false
11546,Ι. Παπαδόπουλος (Χρυσίνης),false,false,false,,false
11547,Χρ. Κωνσταντίνου,false,false,false,,false
11548,Δ. Ευαγγελίδης,false,false,false,,false
11549,Θεοδώρα Ντάκου,false,false,false,,false
11550,"Κίμων Καπετανάκης, Βασ. Σπυρόπουλος, Παν. Παπαδούκας",false,false,false,,false
11551,Ν. Γιουλάκης,false,false,false,,false
11552,Αλ. Αλεξάνδρου (Θόδ. Ποάλας),false,false,false,,false
11553,Arian Flores,false,false,false,,false
11554,Evans - απόδοση στα ελλην. Δημ. Ιατρόπουλος,false,false,false,,false
11555,S. Endrigo - απόδοση στα ελλην. Σάσα Μανέτα,false,false,false,,false
11556,Hertha - απόδοση στα ελλην. Σώτια Τσώτου,false,false,false,,false
11557,Παν. Κοσμαδόπουλος,false,false,false,,false
11558,Φώτης Σούκας,false,false,false,,false
11559,"Π. Πολλάτος, Μάικ Ροζάκις",false,false,false,,false
11560,Ν. Γράψας,false,false,false,,false
11561,"Jo Michat, Maik",false,false,false,,false
11562,"Αγγελόπουλος, Μιχ. Αλεξάκης",false,false,false,,false
11563,Γρ. Κλιούμης,false,false,false,,false
11564,Θ. ΜΠουτάκογλου ;,false,false,false,,false
11565,Σ. Κολοκοτρώνης,false,false,false,,false
11566,"R. Siegel, B. Meinunger",false,false,false,,false
11567,Νένα Βενετσάνου,false,false,false,,false
11568,H. Ve Hemert,false,false,false,,false
11569,Διονυσίου (Καρανικόλας),false,false,false,,false
11570,Λάκης Παπαδόπουλος,false,false,false,,false
11571,Παν. Ανεμελής,false,false,false,,false
11572,Κων. Σωτ. Γιαννακάκης,false,false,false,,false
11573,Παντ. Κρασαδάκης,false,false,false,,false
11574,Δημ. Μητρόπουλος,false,false,false,,false
11575,Λάκης Σούρας,false,false,false,,false
11576,G. Tilgert - H. Contet,false,false,false,,false
11577,Θέμης Νάλτσας,false,false,false,,false
11578,Κ. Σταματάκης,false,false,false,,false
11579,Φ. Αγγελίνας,false,false,false,,false
11580,"Δ. Γκιούσος, Αν. Βλάχος",false,false,false,,false
11581,Μαν. Φάρκωνας,false,false,false,,false
11582,Θωμάς Καμμένος,false,false,false,,false
11583,Ευθυμία Πανταζοπούλου,false,false,false,,false
11584,Νικήτας Τσιενές,false,false,false,,false
11585,Παν. Βίχος,false,false,false,,false
11586,Β. Τζήκας,false,false,false,,false
11587,Αμπούλ Χασάν ελ Νουρί-μετάφρ. από τα γαλλικά Ε. Ζάχος-Παπαζαχαρίου,false,false,false,,false
11588,Δέσποινα Αραμπατζόγλου,false,false,false,,false
11589,Κ. Ανάτσαλος,false,false,false,,false
11590,Layani,false,false,false,,false
11591,"Chris Stainton, πρόσθετα λόγια: Πουλικάκος, A. Mackinnon-Andrew",false,false,false,,false
11592,"Παν. Μιχαλόπουλος, Π. Καπλάνογλου",false,false,false,,false
11593,Τ. Μαλέογλου,false,false,false,,false
11594,Βίκτωρας Γιαννούλης,false,false,false,,false
11595,Μ. Λαμπρόπουλος,false,false,false,,false
11596,Fransis Lai,false,false,false,,false
11597,Λένα Πλάτωνος,false,false,false,,false
11598,"Σακελλάριος, Γ. Βασιλειάδης",false,false,false,,false
11599,"Μ. Αλεξάκης, Κ. Καρουσάκης",false,false,false,,false
11600,Ηλ. Τόμης,false,false,false,,false
11601,Θόδ. Ποάλας,false,false,false,,false
11602,Ι. Πολέμης,false,false,false,,false
11603,Ν. Παπακώστας,false,false,false,,false
11604,Γιώ. Βιτάλης,false,false,false,,false
11605,Ελίζα Κορνάρου,false,false,false,,false
11606,"Γώγος Πετρίδης, Ν. Σπανίδης",false,false,false,,false
11607,Ν. Μπιμπλής,false,false,false,,false
11608,Charly Niessen,false,false,false,,false
11609,Σπ. Λινάρδος,false,false,false,,false
11610,C. Carmone,false,false,false,,false
11611,Θρασύβουλος Σταύρου,false,false,false,,false
11612,διασκευή Ν. Χουλιάρας,false,false,false,,false
11613,Θ. Αδαμαντίδης,false,false,false,,false
11614,Εμμ. Τομάζος,false,false,false,,false
11615,Ανδρ. Ιωαννίδης,false,false,false,,false
11616,Giovanni Raimondo - απόδοση στα ελλην. Πωλ Μενεστρέλ,false,false,false,,false
11617,Σ. Βαλσαμάκης,false,false,false,,false
11618,Άρης Καραντάνης,false,false,false,,false
11619,Π. Καψοκαβάδης,false,false,false,,false
11620,Ν. Αντωνόπουλος,false,false,false,,false
11621,Ben Molar,false,false,false,,false
11622,Χρ. Ευθυμίου,false,false,false,,false
11623,Ρόζα Εσκενάζυ,false,false,false,,false
11624,"Daniele Pace, Pilat - απόδοση στα ελλην. Αθ. Τσόγκας",false,false,false,,false
11625,Άγγ. Αξιώτης,false,false,false,,false
11626,Δ. Σίμος (ή Σέμσης ;),false,false,false,,false
11627,Laip Hans,false,false,false,,false
11628,"Μ. Τραϊφόρος, Χρ. Γιαννακόπουλος",false,false,false,,false
11629,Καραπατάκης (Χ. Βασιλειάδης),false,false,false,,false
11630,Francesco Sastori,false,false,false,,false
11631,P. Jabara,false,false,false,,false
11632,Νίτσα Παπαγεωργίου,false,false,false,,false
11633,W. THEUNISSEN,false,false,false,,false
11634,παλιά καντάδα,false,false,false,,false
11635,M. Gallardo - απόδοση στα ελλην. Δημ. Ιατρόπουλος,false,false,false,,false
11636,Β. Κατσικά,false,false,false,,false
11637,Δήμος Χολέβας,false,false,false,,false
11638,Ι. Κιούρκας,false,false,false,,false
11639,"Ν. Πετρίδης, Χρ. Νικολόπουλος",false,false,false,,false
11640,Ελισσάβετ Σταμούλη,false,false,false,,false
11641,RasceI Renato,false,false,false,,false
11642,Γιώ. Κωνσταντινίδης,false,false,false,,false
11643,Γιά. Σπάθας,false,false,false,,false
11644,Baldazzi,false,false,false,,false
11645,Παν. Σκουρτέλης,false,false,false,,false
11646,Ν. Μωραΐτης,false,false,false,,false
11647,Γ. Βαρθακούρης (Πάριος ;),false,false,false,,false
11648,Βασ. Κιτσόπουλος,false,false,false,,false
11649,Μηστάκης,false,false,false,,false
11650,Κ. Τσίπας,false,false,false,,false
11651,Γιά. Βασιλείου,false,false,false,,false
11652,"Π. Κατσιμάνης, Ενδελέχεια",false,false,false,,false
11653,Ιάκ. Μοντανάρης,false,false,false,,false
11654,Γ. Ελευθέρογλου,false,false,false,,false
11655,Περιστέρης (Ε. Μωραΐτη),false,false,false,,false
11656,R. Rupeni,false,false,false,,false
11657,Agricor ;,false,false,false,,false
11658,C. Delecluse,false,false,false,,false
11659,Gilles Param,false,false,false,,false
11660,"Βύρων Μακρίδης, Σταμ. Φιλιπούλης",false,false,false,,false
11661,Γ. Χονδρογιάννης,false,false,false,,false
11662,Τζων Γιάνναρος,false,false,false,,false
11663,Γεωργία Δεληγιάννη-Αναστασιάδη,false,false,false,,false
11664,Εσδράς,false,false,false,,false
11665,Γιώ. Μαργαρίτης,false,false,false,,false
11666,P. McCartney,false,false,false,,false
11667,Μ. Κοϊνόγλου,false,false,false,,false
11668,"Νίκι Γιάκοβλεφ, Ζ. Ιακωβίδης",false,false,false,,false
11669,Κ. Νικολόπουλος,false,false,false,,false
11670,Μίμης Φωτόπουλος,false,false,false,,false
11671,Γιώ. Οικονομίδης ;,false,false,false,,false
11672,Ποτοσίδης,false,false,false,,false
11673,Νίκος Παταβούκας,false,false,false,,false
11674,Γιώ. Παρωδής,false,false,false,,false
11675,Μιχ. Ρακιντζής,false,false,false,,false
11676,"Ν. Ελευθερίου, Δ. Βασιλειάδης",false,false,false,,false
11677,Π. Ζαρντινίδης,false,false,false,,false
11678,Αργ. Αντιβάχης,false,false,false,,false
11679,Χιώτης (Τατασόπουλος),false,false,false,,false
11680,διασκευή Τρίο Γκρέκο,false,false,false,,false
11681,Άλκης Αλκαίος,false,false,false,,false
11682,Δ. Ρ. Κουτρούκαλης,false,false,false,,false
11683,A. Tornberg,false,false,false,,false
11684,Περιστέρης (Μάτσας),false,false,false,,false
11685,Μάκης Ζαππίδης,false,false,false,,false
11686,Φρ. Ζουριδάκης,false,false,false,,false
11687,Αιμ. Σαββαΐδης,false,false,false,,false
11688,Donna,false,false,false,,false
11689,Κ. Καπετάνος,false,false,false,,false
11690,Zulfi Livaneli,false,false,false,,false
11691,Jean Pierre Calve,false,false,false,,false
11692,Διον. Γούναρης,false,false,false,,false
11693,Μ. Βελιώτης. Ι. Γαβαλάς,false,false,false,,false
11694,Ανδρ. Αδαμόπουλος,false,false,false,,false
11695,Rahbani Brothers (Assi & Mansour Rahbani),false,false,false,,false
11696,Πολιανίτης (Γιώ. Πετροπουλέας),false,false,false,,false
11697,Γεώργιος Λαμπελέτ,false,false,false,,false
11698,Γιά. Αραπάκης,false,false,false,,false
11699,Γιώ. Κατσαρός,false,false,false,,false
11700,Γ. Λοΐζος,false,false,false,,false
11701,Χρ. Λεοντής,false,false,false,,false
11702,Ν. Λαπαθιώτης,false,false,false,,false
11703,Αθ. Κυριαζής,false,false,false,,false
11704,Μάρκ. Ευγενιάδης (ή Ι. Δημητρακόπουλος),false,false,false,,false
11705,Σπανός ή Βασ. Αρχιτεκτονίδης,false,false,false,,false
11706,Λώλος Γεωργαλέτος,false,false,false,,false
11707,Δέσποινα Γλέζου,false,false,false,,false
11708,Χρ. Πλατανιάς,false,false,false,,false
11709,Σωτ. Λεμονίδης,false,false,false,,false
11710,διασκευή-Βαγγ. Παπαθανασίου,false,false,false,,false
11711,Κ. Τσαντές,false,false,false,,false
11712,Σπ. Μαυρόφτας,false,false,false,,false
11713,Bancompagni,false,false,false,,false
11714,Σώσος Ιωαννίδης,false,false,false,,false
11715,Γ. Πετσίλας,false,false,false,,false
11716,Άννα Κουτούβαλη,false,false,false,,false
11717,Γιώ. Φωτίδας (Μ. Μάτσας),false,false,false,,false
11718,Μελέαγρος-μετάφρ. Ηλ. Πετρόπουλος,false,false,false,,false
11719,Νταράλας,false,false,false,,false
11720,F. & Mino Reitano - απόδοση στα ελλην. Αθ. Τσόγκας,false,false,false,,false
11721,D. Barbelivion,false,false,false,,false
11722,Γ. Βουτυράκης,false,false,false,,false
11723,Βίρβος (Μπακάλης ;),false,false,false,,false
11724,Χατζιδάκις,false,false,false,,false
11725,Ν. Παταβούκας,false,false,false,,false
11726,Π. Μπεσλεμές,false,false,false,,false
11727,Ν. Γαλανιάδης,false,false,false,,false
11728,Δημ. Ευσταθιάδης,false,false,false,,false
11729,Μάκης Καλατζής,false,false,false,,false
11730,Pierre Cour,false,false,false,,false
11731,Ανδρέας Κατσιγιάννης,false,false,false,,false
11732,Τάκης Νατσούλης,false,false,false,,false
11733,Ιφ. Γιαννοπούλου,false,false,false,,false
11734,Γ. Φανουριάκης,false,false,false,,false
11735,Ευάγγ. Μωραΐτης,false,false,false,,false
11736,Μαν. Αναγνωστάκης,false,false,false,,false
11737,Κ. Μόντης,false,false,false,,false
11738,Δασκαλάκη,false,false,false,,false
11739,Στάθης Καλυβιώτης,false,false,false,,false
11740,P. Delanoe - απόδοση στα ελληνικά Γιώ. Κανελλόπουλος,false,false,false,,false
11741,Σίμος Καρδαμίτσης,false,false,false,,false
11742,Ουρ. Λιαρδάκη,false,false,false,,false
11743,"Αλ. Σακελλάριος, Γιώ. Γιαννακόπουλος",false,false,false,,false
11744,"Αντ. Φραγκιαδάκης, Μιχ. Φραγκιαδάκης",false,false,false,,false
11745,Δημ. Μπαρμπαγάλας,false,false,false,,false
11746,Αντ. Ανδρεάκος,false,false,false,,false
11747,Χ. Εμμανουήλ,false,false,false,,false
11748,Γιά. Ζουγανέλης,false,false,false,,false
11749,Ιωάν. Καλαντζής,false,false,false,,false
11750,Καρανικόλας (Χαρ. Παναγιωτάτος ;),false,false,false,,false
11751,Danny Brillant,false,false,false,,false
11752,Φρειδ. Γιαούζου,false,false,false,,false
11753,Παπαϊωάννου (Χ. Βασιλειάδης),false,false,false,,false
11754,Α. Μαυρωτά,false,false,false,,false
11755,Γιά. Καλατζής,false,false,false,,false
11756,Harry Warren - απόδοση στα ελλην. Πωλ Μενεστρέλ,false,false,false,,false
11757,Ηλ. Μεγαλούδης ;,false,false,false,,false
11758,Δημ. Καββαδάτος,false,false,false,,false
11759,Ηλίας Ερίνης,false,false,false,,false
11760,Μ.Κασόλας,false,false,false,,false
11761,"Πουλόπουλος (Μούτσης, Χατζιδάκις)",false,false,false,,false
11762,Σέμσης (Ρόζα ;),false,false,false,,false
11763,Γιά. Μαρίνος,false,false,false,,false
11764,Θ. Χαλκιόπουλος,false,false,false,,false
11765,Α. Πιτσολάντης,false,false,false,,false
11766,Τζίμυ Λινάρδος,false,false,false,,false
11767,Λαύκας (Αργ. Αντιβάκης ;),false,false,false,,false
11768,Πέτρ. Γιαννακός,false,false,false,,false
11769,Α. Νικολαΐδης,false,false,false,,false
11770,Σκαρβέλης,false,false,false,,false
11771,Δημ. Καραστάθης,false,false,false,,false
11772,Σαράντης Κασσάρας,false,false,false,,false
11773,"Γιώ. Μίτσιγκας, Χαριτοδιπλωμένος",false,false,false,,false
11774,Δ. Ιακωβίδης,false,false,false,,false
11775,Carrol Washington,false,false,false,,false
11776,Μανίνα Ζουμπουλάκη,false,false,false,,false
11777,D'angelis - απόδοση στα ελλην. Σπ. Μεταξάς,false,false,false,,false
11778,Λούσης Καραγεωργίου,false,false,false,,false
11779,Καρανικόλας (Κ. Σιμόπουλος ;),false,false,false,,false
11780,Γιώ. Παυλίδης,false,false,false,,false
11781,Λέοντας Κουκούλας,false,false,false,,false
11782,"Βαγγ. Κονιτόπουλος, Ειρ. Μαστοροπούλου",false,false,false,,false
11783,Eddie Werner,false,false,false,,false
11784,Δημ. Σοροβόλας,false,false,false,,false
11785,Ηλ. Βεράνης,false,false,false,,false
11786,Άντζελα Λουκέρη,false,false,false,,false
11787,New York Rock & Roll Ensemble,false,false,false,,false
11788,Ν. Μπακογιάννης,false,false,false,,false
11789,Γιώ. Κανελλόπουλος,false,false,false,,false
11790,Albertelli - απόδοση στα ελλην. Αθ. Τσόγκας,false,false,false,,false
11791,Ματθαίςο Μουντές,false,false,false,,false
11792,"Βλ. Μπονάτσος, Λάκης Ζώης",false,false,false,,false
11793,Γιώ. Φιλιππάκης,false,false,false,,false
11794,Σοφοκλής Καπνιάς,false,false,false,,false
11795,Μίμης Γεωργιόπουλος,false,false,false,,false
11796,Γιώ. Γιαννακόπουλος,false,false,false,,false
11797,"Μιχ. Ρακιντζής, Α. Μουτσάτσου",false,false,false,,false
11798,Τάσος Κουτσιώλης,false,false,false,,false
11799,Κ. Χαριτοδιπλωμένος,false,false,false,,false
11800,Αθ. Παύλου,false,false,false,,false
11801,Νάσος Παναγιώτου,false,false,false,,false
11802,Μ. Σπανός,false,false,false,,false
11803,Μάρκος Μακριδάκης,false,false,false,,false
11804,Βασ. Μπεσίρης (Τουρκοβασίλης),false,false,false,,false
11805,D. Alschansky-Dimitroff,false,false,false,,false
11806,Διον. Καψάλης,false,false,false,,false
11807,Παν. Λευκός,false,false,false,,false
11808,Χρ. Γκάρτζος,false,false,false,,false
11809,Ελ. Λιάκου,false,false,false,,false
11810,Π. Κασιδόκωστας,false,false,false,,false
11811,Ε. Μωραΐτη,false,false,false,,false
11812,δημοτικά δίστιχα,false,false,false,,false
11813,Ν. Ζαρίδου,false,false,false,,false
11814,Ευάγγ. Μουστακίδης,false,false,false,,false
11815,Sheldon,false,false,false,,false
11816,Πάνος Σαββόπουλος,false,false,false,,false
11817,Ν. Καρύδης,false,false,false,,false
11818,Μαν. Πρωτόπαπας,false,false,false,,false
11819,Shimrit Or - απόδοση στα ελλην. Πάριος,false,false,false,,false
11820,Κ. Διαλεκτός,false,false,false,,false
11821,M. Marrocchi - απόδοση στα ελλην. Θαν. Τσόγκας,false,false,false,,false
11822,G. Bigazzi - απόδοση στα ελλην. Ν. Κύταρης,false,false,false,,false
11823,Alice Maywood,false,false,false,,false
11824,Μιχ. Δεριτζής,false,false,false,,false
11825,"Δημ. Ορφανίδης, Κ. Ρουβέλας",false,false,false,,false
11826,Βαγγ. Δαρζέντας,false,false,false,,false
11827,Μητσάκης (Ορ. Μακρής),false,false,false,,false
11828,Κάρολος Μιλάνος,false,false,false,,false
11829,Β. Τρυφωνόπουλος,false,false,false,,false
11830,Π. Αφουξενίδης,false,false,false,,false
11831,Σπ. Παππάς,false,false,false,,false
11832,Σταύρος Παπασταύρου,false,false,false,,false
11833,Μακεδόνας,false,false,false,,false
11834,J. Rae - απόδοση στα ελλην. Τζ. Μακούλης,false,false,false,,false
11835,Μάριος Μπλέτας,false,false,false,,false
11836,Ν. Τσισκάκης,false,false,false,,false
11837,Μαυρουδής,false,false,false,,false
11838,Βάρναλης,false,false,false,,false
11839,Κορκολής,false,false,false,,false
11840,Δημ. Καλλίνικος (Αραπάκης),false,false,false,,false
11841,Χρ. Αποστολίδης (Κοινούσης),false,false,false,,false
11842,Γ. Κοτσαμπάσογλου,false,false,false,,false
11843,Παντ. Γεμελίαρης,false,false,false,,false
11844,Περίδης,false,false,false,,false
11845,Γιούλα Σίμου,false,false,false,,false
11846,Ν. Κοπανός (Ν. Πάνος),false,false,false,,false
11847,Βύρων Λεονταρής,false,false,false,,false
11848,Γιώ. Κυριαζής,false,false,false,,false
11849,Σ. Καπετανάκης,false,false,false,,false
11850,Βασ. Μαρκόπουλος ;,false,false,false,,false
11851,Α. Αλεξόπουλος,false,false,false,,false
11852,Γιά. Τάχτας,false,false,false,,false
11853,Κ. Ντουρούντζης,false,false,false,,false
11854,Κ. Βλουτής,false,false,false,,false
11855,Cavallaro - απόδοση στα ελλην. Λευτ. Κογκαλίδης,false,false,false,,false
11856,Δημ. Λοΐζος-Φράττης (ή Μητσάρας),false,false,false,,false
11857,"Ηρ. Παπασιδέρης, Γαβαλάς",false,false,false,,false
11858,Τ. Ζουμπάς,false,false,false,,false
11859,Meilhac,false,false,false,,false
11860,Χαράλ. Μαργέλης,false,false,false,,false
11861,Μιχ. μαρματάκης,false,false,false,,false
11862,Φίλ. Φιλιππίδης,false,false,false,,false
11863,Κυριαζής,false,false,false,,false
11864,Jose Franca - απόδοση στα ελλην. Ν. Χατζαρούλας,false,false,false,,false
11865,Κ. Σκαφίδας,false,false,false,,false
11866,D. C. Thomas,false,false,false,,false
11867,Λουκάς Στρογγυλός (ή Κ. Μακρής),false,false,false,,false
11868,Τ. Σούκας (Λ. Τσώλης),false,false,false,,false
11869,Αντ. Βαμβακάρης (Δημ. Μπαρούσης),false,false,false,,false
11870,Κώστ. Ανατσελόπουλος,false,false,false,,false
11871,Μ. Καζή,false,false,false,,false
11872,Ν. Βλασσόπουλος,false,false,false,,false
11873,Διον Τζεφρώνης,false,false,false,,false
11874,Στ. Βαρτάνης,false,false,false,,false
11875,Δάφνη Ζούνη ή Δ. Γεωργίου ;,false,false,false,,false
11876,C. Lemesle - απόδοση στα ελλην. Θαν. Τσόγκας,false,false,false,,false
11877,Ξυλούρης,false,false,false,,false
11878,Αργ. Μπακιρτζής,false,false,false,,false
11879,Γιώ. Κόρος,false,false,false,,false
11880,Θοδ. Κοτονιάς,false,false,false,,false
11881,Ευάγγ. Αττραΐδης,false,false,false,,false
11882,Armani Abderahmane,false,false,false,,false
11883,Θ. Γρηγοριάδης,false,false,false,,false
11884,Χατζιδάκις (Γκάτσος),false,false,false,,false
11885,Νάνσυ Κανέλλη,false,false,false,,false
11886,"Δ. Μορφέτας (ψευδώνυμο, Σπ. Περιστέρης)",false,false,false,,false
11887,Γιώ. Μαντάς,false,false,false,,false
11888,Μάριος Πάνας,false,false,false,,false
11889,"Βασ. Σπυρόπουλος, Παν. Παπαδούκας",false,false,false,,false
11890,Επ. Καρυώτης,false,false,false,,false
11891,Ianis Kastrinos (Ι. Καστρινός),false,false,false,,false
11892,Π. Μαράτος,false,false,false,,false
11893,Σπ. Γιατράς,false,false,false,,false
11894,Βούλα Πάλλα,false,false,false,,false
11895,Γερ. Αλατζάς,false,false,false,,false
11896,Οδυσ. Εισαγγελέας,false,false,false,,false
11897,"Άννα Καραμπεσίνη, Έφη Σαρρή",false,false,false,,false
11898,Παν. Κοκκοντίνης,false,false,false,,false
11899,Σπ. Ευσταθίου,false,false,false,,false
11900,Γεωργία Τόγκα,false,false,false,,false
11901,Α. Κουλούρης,false,false,false,,false
11902,Τσιτσάνης,false,false,false,,false
11903,Βούλγαρης,false,false,false,,false
11904,Στ.(έλλα ;) Βοσκοπούλου,false,false,false,,false
11905,Γ. Νασάκης,false,false,false,,false
11906,Τόλης Εσδράς,false,false,false,,false
11907,Καλδάρας (Παπαγιαννοπούλου ;),false,false,false,,false
11908,"Ευαγγ. Σκουρτανιώτης, Γιώ. Τρίμμης",false,false,false,,false
11909,Perez,false,false,false,,false
11910,Γιώ. Μίτσιγκας-Κ. Χαριτοδιπλωμένος,false,false,false,,false
11911,Γιά. Πηλιούρης,false,false,false,,false
11912,"Πάνος Φαλάρας, Δ. Μπιθικώτσης",false,false,false,,false
11913,K. Panas,false,false,false,,false
11914,Αλ. Αραπάκης,false,false,false,,false
11915,J. Lennon,false,false,false,,false
11916,Γκάτσος - διασκευή στα Γαλλικά F. C.....,false,false,false,,false
11917,Τώνης Αρβανιτίδης,false,false,false,,false
11918,Τ.. Μωράκης,false,false,false,,false
11919,Jacques Brell-ελλην. Στίχοι: Σόφη Παππά,false,false,false,,false
11920,παραδοσιακό Μεξικού,false,false,false,,false
11921,Θεοδ. Αγρινιώτης,false,false,false,,false
11922,Μπ. Μαρκάκη,false,false,false,,false
11923,Κ. Τραγανός,false,false,false,,false
11924,Robert Van Leeuwen,false,false,false,,false
11925,Ηλίας Ιάκωβος,false,false,false,,false
11926,James Last,false,false,false,,false
11927,G. Gaber,false,false,false,,false
11928,Βασ. Αποστολίδης,false,false,false,,false
11929,Μιχ. Παπανικολάου,false,false,false,,false
11930,Λάκης Παλλίδης,false,false,false,,false
11931,Νανά Νικολάου,false,false,false,,false
11932,παραδοσιακό,false,false,false,,false
11933,Γ. Πετζόγλου,false,false,false,,false
11934,Σπ. Σηφογιωργάκης,false,false,false,,false
11935,Dave Barbour-απόδοση στα ελλην. Πωλ Μενεστρέλ,false,false,false,,false
11936,Ν. Τζάρας,false,false,false,,false
11937,Χάρης Ροδίτης,false,false,false,,false
11938,Λευτ. Τζουλάκης,false,false,false,,false
11939,Μπάμπης Σαλονικιός,false,false,false,,false
11940,Χρ. Καραμαλάκης,false,false,false,,false
11941,Εμμ. Αμπελιώτης,false,false,false,,false
11942,Στέλ. Ζαφειρίου,false,false,false,,false
11943,Γ. Κοσμίδης,false,false,false,,false
11944,Τάκης Βούης,false,false,false,,false
11945,Χρ. Κεσίδης,false,false,false,,false
11946,Στ. Χρυσίνης,false,false,false,,false
11947,Κ. Καρουσάκης,false,false,false,,false
11948,Θ. Λεονάρδος,false,false,false,,false
11949,"B. Bergam, F. Bernheim-ελλην. στίχοι: Πυθαγόρας",false,false,false,,false
11950,K. Young,false,false,false,,false
11951,W. Shanklin -απόδοση στα ελλην. Πωλ Μενεστρέλ,false,false,false,,false
11952,διασκευή Τ. Μωράκης,false,false,false,,false
11953,Μαργ. Μυτιληναίου,false,false,false,,false
11954,Υβόνη Πετιλόν,false,false,false,,false
11955,E. Morricone,false,false,false,,false
11956,Βασ. Τραχανάκης,false,false,false,,false
11957,Τσιτσάνης ή Ανέστος Αθανασίου,false,false,false,,false
11958,"Galifano, Bin J",false,false,false,,false
11959,Χ. Μαμούρης,false,false,false,,false
11960,Ν. Τεντίνης,false,false,false,,false
11961,Κ. Μακρής (ή Λ. Στρογγυλός),false,false,false,,false
11962,Ν. Κομπορόζος,false,false,false,,false
11963,Πυργάκη,false,false,false,,false
11964,Lola martin,false,false,false,,false
11965,Πετσάς (Λ. Παπαδόπουλος),false,false,false,,false
11966,Τσίχλας,false,false,false,,false
11967,Gagliardi - απόδοση στα ελλην. Ν. Ελληναίος,false,false,false,,false
11968,Κ. Χατζόπουλος,false,false,false,,false
11969,Ευάγγ. Μυζηθράκης,false,false,false,,false
11970,Σοφία Φίλντιση,false,false,false,,false
11971,Τσαρλς Μπουκόφσκι - απόδοση στα ελλην. Αλέξης Τραϊνός,false,false,false,,false
11972,"Giovanni Meccia, Francesco Migliacci",false,false,false,,false
11973,A. Braduardi,false,false,false,,false
11974,Ατταλίδης (Γ. Κονιτόπουλος),false,false,false,,false
11975,Ι. Φραγκίσκος,false,false,false,,false
11976,Σ. Φακύρης,false,false,false,,false
11977,Στέλ. Βαμβακάρης (Μάρκος),false,false,false,,false
11978,Θ. Στουραΐτης ;,false,false,false,,false
11979,Κλουβάτος,false,false,false,,false
11980,Βασ. Κανάκης,false,false,false,,false
11981,Τζίμης Σταμπουλής,false,false,false,,false
11982,Σταύρος Αγγελιδάκης,false,false,false,,false
11983,παραδοσιακό Αρμένικο - διασκευή Ara Dinkjian,false,false,false,,false
11984,H. Hallifax - απόδοση στα ελλην. Πωλ Μενεστρέλ,false,false,false,,false
11985,Τάσος Κωλέτης,false,false,false,,false
11986,Βασ. Φωτεινάκης,false,false,false,,false
11987,Μάκ. Βασιλόπουλος (ή Ι. Τάχτας) ;,false,false,false,,false
11988,Κ. Λαβίδς,false,false,false,,false
11989,Σ. Β. Παπαδόπουλος,false,false,false,,false
11990,Αγνώστου,false,false,false,,false
11991,"Beatly, Shelby",false,false,false,,false
11992,Κωστής Παπαδόπουλος,false,false,false,,false
11993,Γ. Καστριώτης,false,false,false,,false
11994,Κύπριος,false,false,false,,false
11995,Marco & G. Capuano,false,false,false,,false
11996,E. Polliti - απόδοση στα ελλην. Ν. Κύτταρης,false,false,false,,false
11997,Βλαδ. Χαραλαμπίδης,false,false,false,,false
11998,"Daniele Pace, Mario Panzeri",false,false,false,,false
11999,Καρβέλας ;,false,false,false,,false
12000,Π. Παναγιωτίδης,false,false,false,,false
12001,Π. Στεφανίδου,false,false,false,,false
12002,Βούλα Μεϊμαρίδου,false,false,false,,false
12003,Κ. Γανωσέλης,false,false,false,,false
12004,Κ. Χ. Μύρης (Γεωργουσόπουλος),false,false,false,,false
12005,Γιώ. Στάντζος,false,false,false,,false
12006, Καρβέλας,false,false,false,,false
12007,Λουκ. Καββαδίας,false,false,false,,false
12008,Βαγγ. Λυκιαδόπουλος,false,false,false,,false
12009,Γιά. Ιωαννίδης,false,false,false,,false
12010,Κραουνάκης,false,false,false,,false
12011,Αντ. Μπουγαδάκης,false,false,false,,false
12012,Δημ. Σιροκάκης,false,false,false,,false
12013,"Στέργιος & Γιώ. Παπαϊωάννου, Παύλος Παυλίδης",false,false,false,,false
12014,Βαρβάρα Τσιμπούλη ;,false,false,false,,false
12015,Τάσ. Αγγέλου,false,false,false,,false
12016,A. De Grondy - απόδοση στα ελλην. Αθ. Τσόγκας,false,false,false,,false
12017,Τάσος Πουλημένος,false,false,false,,false
12018,Χριστάκης Πιτίρης,false,false,false,,false
12019,Κ. Καρίπης (Ανδρομάχη Πετροπουλέα),false,false,false,,false
12020,Θόδ. Τσίφας,false,false,false,,false
12021,Τάκης Παπαδόπουλος,false,false,false,,false
12022,Ν. Λιόσης,false,false,false,,false
12023,παραδοσιακό - διασκευή Μιχ. Καλιοντζίδης,false,false,false,,false
12024,Θ. Γιουματζίδης,false,false,false,,false
12025,Ν. Τζιώτης,false,false,false,,false
12026,Ι. Καλαντζής,false,false,false,,false
12027,Ντόρα Μαυράκη,false,false,false,,false
12028,Αννίτα Κουτσουβέλη (Κασσιανή),false,false,false,,false
12029,Αμαλία Παπαστεφάνου,false,false,false,,false
12030,"Mogol, Locatelli",false,false,false,,false
12031,Θόδ. Γελαδάης,false,false,false,,false
12032,Όμ. Αθηναίος,false,false,false,,false
12033,Μ. Μαργαρίτης,false,false,false,,false
12034,Α. Καρβελάς,false,false,false,,false
12035,Robinson,false,false,false,,false
12036,AMSEL GURET - απόδοση στα ελλην. Ηλ. Κλωναρίδης,false,false,false,,false
12037,Ν. Μπρίλης,false,false,false,,false
12038,Γιά. Βουρλιωτάκης,false,false,false,,false
12039,Κωστίκας Κωνσταντινίδης,false,false,false,,false
12040,Κ. Κατσίγρας,false,false,false,,false
12041,Παπαϊωάννου (Αλ. Αγγελόπουλος),false,false,false,,false
12042,Ζ. lακωβίδης,false,false,false,,false
12043,Αθ. Ζέρβας,false,false,false,,false
12044,Πάν. Κοσμέτος,false,false,false,,false
12045,Παύλος Νιρβάνας,false,false,false,,false
12046,Νίκος Φρυγανάς,false,false,false,,false
12047,Δ. Κινέζος,false,false,false,,false
12048,Vigazzi - απόδοση στα ελλην. Σέβη Τηλιακού,false,false,false,,false
12049,Βιργ. Μαγγίδου,false,false,false,,false
12050,Rossi,false,false,false,,false
12051,Γιώ. Σιέρρας,false,false,false,,false
12052,Σπ. Αναστασίου,false,false,false,,false
12053,Ντίνος Ηλιόπουλος,false,false,false,,false
12054,Joe Heyne,false,false,false,,false
12055,Λευτ. Καρβούνης,false,false,false,,false
12056,Σ. Μιχαλόπουλος,false,false,false,,false
12057,Ι. Τσουπανάργιας,false,false,false,,false
12058,Steve Harley,false,false,false,,false
12059,M. Wilsh,false,false,false,,false
12060,Ρωμανός Μελωδός,false,false,false,,false
12061,Μιχ. Βερβεράκης,false,false,false,,false
12062,Μαν. Σαμιώτης,false,false,false,,false
12063,Στελλάκης Περπινιάδης (Μάθεσης),false,false,false,,false
12064,Τσιγγάνικο,false,false,false,,false
12065,Δημ. Κορδατζής,false,false,false,,false
12066,Αντ. Ζάννας (Μουσαφίρης),false,false,false,,false
12067,Σταύρ. Κάξος,false,false,false,,false
12068,Γ. Αντωνόπουλος,false,false,false,,false
12069,Μιλτ. Μάστορας,false,false,false,,false
12070,Τ. Αγγελής (Άγγελ. Τερζάκης),false,false,false,,false
12071,"Πουλικάκος, Αλ. Αράπης, Δήμης Παπαχρήστου, Πέτρος Σκούταρης)",false,false,false,,false
12072,Βαγγ. Ατραΐδης,false,false,false,,false
12073,Φίλ Νικολάου,false,false,false,,false
12074,Ευάγγ. Χατζής,false,false,false,,false
12075,Mark Lindsay - απόδοση στα ελλην. Ρέτη Ζαλοκώστα,false,false,false,,false
12076,Χιώτης (Κολοκοτρώνης ;),false,false,false,,false
12077,Γιώ. Σκαγιάς,false,false,false,,false
12078,Ν. Κωτούλας,false,false,false,,false
12079,Ε. Παναγόπουλος,false,false,false,,false
12080,Παν. Σαρίκας,false,false,false,,false
12081,Μπέσυ Αργυράκη,false,false,false,,false
12082,Μαρ. Δημητρίου,false,false,false,,false
12083,Σ. Οικονομόπουλος,false,false,false,,false
12084,Ariones,false,false,false,,false
12085,Τάσ. Ρήτος,false,false,false,,false
12086,Ανδρ. Λασκαράτου,false,false,false,,false
12087,Γιά. Μάνος,false,false,false,,false
12088,Φίλωνας Κτενίδης,false,false,false,,false
12089,παραδοσιακό Ιράκ - διασκευή Ross Daly,false,false,false,,false
12090,Ηλέκτρα Παπακώστα,false,false,false,,false
12091,Στέλα Μακρίδου,false,false,false,,false
12092,Αγγλικό - απόδοση στα ελλην. Λ. Παπαδόπουλος,false,false,false,,false
12093,Παν. Γεμελιάρης,false,false,false,,false
12094,Alice Maywood - απόδοση στα ελληνικά Φίλ. Νικολάου,false,false,false,,false
12095,Δημ. Λιάκος,false,false,false,,false
12096,"Τραϊφόρος, Δημ. Βασιλειάδης",false,false,false,,false
12097,Δ. Διαμαντής,false,false,false,,false
12098,Απ. Περιστέρης,false,false,false,,false
12099,Ν. Πλατσαίος,false,false,false,,false
12100,Κ. Ρώτας,false,false,false,,false
12101,Δ. Παλαιολόγου,false,false,false,,false
12102,Αθ. Μαρίνος,false,false,false,,false
12103,"Νικολαΐδης, Δημ. Γιαννουκάκης",false,false,false,,false
12104,Μπάμπης Διπλάρος,false,false,false,,false
12105,Σταμ. Αναστασάκης,false,false,false,,false
12106,Δημ. Ζέρβας,false,false,false,,false
12107,Μ. Τόκας,false,false,false,,false
12108,Ανάργ. Αντιβάκης,false,false,false,,false
12109,Κώστας Δ. Νικολαΐδης,false,false,false,,false
12110,Robert Palmer James,false,false,false,,false
12111,Λουκάς Χατζής,false,false,false,,false
12112,Θ. Στουραΐτης,false,false,false,,false
12113,Λάμπρος Πορφύρας,false,false,false,,false
12114,Π. Παφλιώτης,false,false,false,,false
12115,Craham Nash - απόδοση στα ελλην. Σέβη Τηλιακού,false,false,false,,false
12116,Λ. Γουναρόπουλος,false,false,false,,false
12117,Ανδρ. Πάντζης,false,false,false,,false
12118,Δημ. Ζερβουδάκης,false,false,false,,false
12119,Γιώ. Άλτης,false,false,false,,false
12120,Ν. Πετρίδης (Χαρ. Βασιλειάδης),false,false,false,,false
12121,Σαρ. Κοτομάτης,false,false,false,,false
12122,Δήμητρα Μπλίκα,false,false,false,,false
12123,O. Kosta,false,false,false,,false
12124,"Ε. Ζεμανίδου, Βαγγ. Ατραΐδης",false,false,false,,false
12125,Ανατολίτικο τραγούδι - διασκευή Ν. Πετρίδης,false,false,false,,false
12126,Ν. Γουδετσίδης,false,false,false,,false
12127,Νότης Θαλασσινός,false,false,false,,false
12128,Max François,false,false,false,,false
12129,H. Greenfield - απόδοση στα ελλην. Πασχάλης,false,false,false,,false
12130,R. Williams - απόδοση στα ελλην. Σέβη Τηλιακού,false,false,false,,false
12131,Γιώ. Ανεστόπουλος,false,false,false,,false
12132,Β. Μανίκας,false,false,false,,false
12133,Βασ. Καρόζας,false,false,false,,false
12134,Μαριάντζελα,false,false,false,,false
12135,Φώτης Σιμόπουλος,false,false,false,,false
12136,Σ. Κωλέττης,false,false,false,,false
12137,Κ. Ρούκουνας (παραδοσιακό ;),false,false,false,,false
12138,Μερσίνη Βαλαβάνη,false,false,false,,false
12139,Γ. Θεοδώρου ;,false,false,false,,false
12140,Α. Γιαλελές,false,false,false,,false
12141,Scharfenderger,false,false,false,,false
12142,Βασ. Καρτερολιώτης,false,false,false,,false
12143,Mauro Lusini - απόδοση στα ελλην. Ν. Μαστοράκης,false,false,false,,false
12144,διάφοροι ποιητές,false,false,false,,false
12145,Μαρκόπουλος (Ν. Περγιάλης ;),false,false,false,,false
12146,Αλ. Κουτσολέκας,false,false,false,,false
12147,Κ. Ρεσβάνης,false,false,false,,false
12148,Δ. Πολίτης,false,false,false,,false
12149,Μπ. Καραγιαννίδης,false,false,false,,false
12150,Ι. Φούσκας,false,false,false,,false
12151,Χ. Βαμβακάς,false,false,false,,false
12152,Έλενα Αντωνίου,false,false,false,,false
12153,"Θάν. Σοφός, Ν. Ελευθερίου",false,false,false,,false
12154,Φιλ. Νικολάου,false,false,false,,false
12155,Γ. Μαυρομουστακάκης,false,false,false,,false
12156,Δημ. Ρουβούλης ή Δήμ. Ρουβούλη ;,false,false,false,,false
12157,V. Pallavicini,false,false,false,,false
12158,"Μιχ. Χανιώτης, Γιώ. Μιχαήλ",false,false,false,,false
12159,Κατσαρός,false,false,false,,false
12160,Ζωιόπουλος,false,false,false,,false
12161,FRANCOIS BERNHEIM,false,false,false,,false
12162,"Ι. Κυπαρίσσης, Σουγιούλ",false,false,false,,false
12163,Ευ. Ράντης,false,false,false,,false
12164,Σπ. Αναγνώστου (Χ. Βασιλειάδης),false,false,false,,false
12165,Σάκςη Τσιλίκης,false,false,false,,false
12166,Γ. Καρδάμης,false,false,false,,false
12167,παραδοσιακό Ανατολής - διασκευή Μουσαφίρης,false,false,false,,false
12168,Γιά. Δενδρινός,false,false,false,,false
12169,Δημ. Ζαφειρίου,false,false,false,,false
12170,Ali Naushad - απόδοση στα ελλην. Βούλα Πάλλα,false,false,false,,false
12171,Ελευθερομανώλης,false,false,false,,false
12172,T. Hazard,false,false,false,,false
12173,Δημ. Αγγελόπουλος,false,false,false,,false
12174,"Κ. Κλάββας, Δανάη",false,false,false,,false
12175,Γιά. Κώντες,false,false,false,,false
12176,Χρ. Γιουρούκης,false,false,false,,false
12177,Πάν. Λειβαδάρος,false,false,false,,false
12178,Σ. Μεταξάς,false,false,false,,false
12179,Καίτη Μίσσου,false,false,false,,false
12180,Τσιτσάνης ή Α. Πλωμαρίτης,false,false,false,,false
12181,Δημ. Ντέμης,false,false,false,,false
12182,Τ. Σούκας,false,false,false,,false
12183,G. Raskin - απόδοση στα ελλην. Αθ. Τσόγκας,false,false,false,,false
12184,Γιώ. Τρίμμης,false,false,false,,false
12185,Π. Δεληγιαννίδης,false,false,false,,false
12186,Βασ. Πάτσιος,false,false,false,,false
12187,"Δαλέζιος, Κ. Παπαδόπουλος",false,false,false,,false
12188,Ι. Καρύδης,false,false,false,,false
12189,Ν. Καλογεράκης,false,false,false,,false
12190,Oliver Toussaint-μεταφορά στα ελλην. Πυθαγόρας,false,false,false,,false
12191,Λευτ. Γουναρόπουλος,false,false,false,,false
12192,Δ. Φαλιέρος,false,false,false,,false
12193,"Χαρά Πομώνη, Φρ. Φατούρος",false,false,false,,false
12194,"Μαργ. Τομπορή, Γιά. Ιωαννίδης  (ή Γιώ. Βασιλόπουλος ;)",false,false,false,,false
12195,Πωλίνα Κωνσταντινίδου,false,false,false,,false
12196,Μάριος Κουφιανάκης,false,false,false,,false
12197,Π. Ανέμελης & Φώτ. Παναγιωτίδης,false,false,false,,false
12198,Π. Σταματέλου,false,false,false,,false
12199,Ζακ Ιακωβίδης,false,false,false,,false
12200,N. Rota,false,false,false,,false
12201,Μπακάλης (Κ. Νίτσος ;),false,false,false,,false
12202,Ed. Lucchina - απόδοση στα ελλην. Αθ. Τσόγκας,false,false,false,,false
12203,Alfredo Jil,false,false,false,,false
12204,Κ. Σαλέας,false,false,false,,false
12205,Χ. Βασιλειάδης,false,false,false,,false
12206,Δημ. Δαλαβάγκας,false,false,false,,false
12207,Τάσ. Γιούργας,false,false,false,,false
12208,O' Sullivan - απόδοση στα ελλην. Ν. Ελληναίος,false,false,false,,false
12209,παραδοσιακό Ισπανικό,false,false,false,,false
12210,Χρήστος Περτσινίδης,false,false,false,,false
12211,Ευσταθία Παπαδοπούλου,false,false,false,,false
12212,Μηνάς Πορτοκάλλης,false,false,false,,false
12213,"Θάν. Σοφός, Σπ. Χαρώνης",false,false,false,,false
12214,Κ. Ραψωδός (Κοφινιώτης),false,false,false,,false
12215,"Αλ. Σακελλάριος, Χρ. Γιαννακόπουλος, Γ. Γιαννακόπουλος",false,false,false,,false
12216,Dizeo,false,false,false,,false
12217,Colombini,false,false,false,,false
12218,Κ. Μουρσελάς,false,false,false,,false
12219,Κ. Στρογγυλός,false,false,false,,false
12220,Τσιτσάνης (Μάνεσης),false,false,false,,false
12221,Φ. Φεληβοριάς,false,false,false,,false
12222,Μ. Ν. Σ. Αναστασιάδης,false,false,false,,false
12223,Μιχ. Κακαβρός,false,false,false,,false
12224,Μαρία Γαλανοπούλου,false,false,false,,false
12225,Ι. Ταρτσίνης,false,false,false,,false
12226,Ιωάν. Παπανικολόπουλος,false,false,false,,false
12227,Λ. Λέανδρος,false,false,false,,false
12228,"Zil Chazal, Mario Magluilo",false,false,false,,false
12229,Θαν. Στράντζαλης,false,false,false,,false
12230,Ν. Οικονομίδης,false,false,false,,false
12231,Γιά. Γλέζος ή Πλέσσας,false,false,false,,false
12232,Αντ. Σκαμνάκης,false,false,false,,false
12233,"T. Hiller, L. Sheriden",false,false,false,,false
12234,Bickerton,false,false,false,,false
12235,Ερρ. Θαλασσινός ;,false,false,false,,false
12236,Δημ. Ιατρόπουλου,false,false,false,,false
12237,Ναζίμ Χικμέτ,false,false,false,,false
12238,Γρ. Δημητριάδης,false,false,false,,false
12239,"Ασημ. Γιαλαμάς, Γ. Θίσβιος, Κ. Πρετεντέρης",false,false,false,,false
12240,Γιά. Λελάκης,false,false,false,,false
12241,Gomez,false,false,false,,false
12242,Warren Harry,false,false,false,,false
12243,Γ.  Ματαράγκας,false,false,false,,false
12244,Γιώ. Ξενόπουλος,false,false,false,,false
12245,Κ. Παπαγεωργίου,false,false,false,,false
12246,Λάκης Μουρατίδης ;,false,false,false,,false
12247,Αρσένης Στεργίου,false,false,false,,false
12248,Γρ. Ασίκης,false,false,false,,false
12249,Λ. Μπουρνέλης,false,false,false,,false
12250,"Γιά. Συμεωνίδης, Μίμης Κανέλλος",false,false,false,,false
12251,Γιώ. Κριμιζάκης,false,false,false,,false
12252,Η. Καραγιάννης,false,false,false,,false
12253,Θάν. Βλαχόπουλος,false,false,false,,false
12254,Χαρά Αργυροπούλου,false,false,false,,false
12255,Χ. Λεμονόπουλος,false,false,false,,false
12256,Μπιθικώτσης (Βίρβος),false,false,false,,false
12257,Ν. Κιντάκας,false,false,false,,false
12258,Bullerias,false,false,false,,false
12259,Γ. Σαντοριναίος,false,false,false,,false
12260,ENERGEE,false,false,false,,false
12261,Κυρ. Χαλκιάς,false,false,false,,false
12262,David Grounstain,false,false,false,,false
12263,R. Dorsel,false,false,false,,false
12264,"Polito, Savio - απόδοση στα ελλην. Αθ. Τσόγκας",false,false,false,,false
12265,Robuschi,false,false,false,,false
12266,Σ. Αθανασιάδης,false,false,false,,false
12267,Διασκευή Στ. Φουσταλιέρης,false,false,false,,false
12268,Γιά. Κότσιρας,false,false,false,,false
12269,Αγγελική Δαμίγου,false,false,false,,false
12270,κλέφτικο,false,false,false,,false
12271,Π. Μενεστρέλ,false,false,false,,false
12272,"Γιώ. Οικονομίδης, Πρετεντέρης",false,false,false,,false
12273,Στέφ. Μπούρας ;,false,false,false,,false
12274,Γ. Στρατέλος,false,false,false,,false
12275,"Γιώ. Ασημακόπουλος, Παν. Παπαδούκας, Βασ. Σπυρόπουλος",false,false,false,,false
12276,Κ. Ανδροκλής,false,false,false,,false
12277,Τ΄. Σούκας,false,false,false,,false
12278,Για. Φουντής,false,false,false,,false
12279,M. Wendroff - απόδοση στα ελλην. Σέβη Τηλιακού,false,false,false,,false
12280,Δέσπ. Αρμπατζόγλου,false,false,false,,false
12281,Μάριος Τόκας,false,false,false,,false
12282,Τ. Πετρίτης,false,false,false,,false
12283,Θ. Βλαχόπουλος,false,false,false,,false
12284,Ε. Καλφόπουλος,false,false,false,,false
12285,Βασ. Τενίδης,false,false,false,,false
12286,Πασχ. Κυρμετζής,false,false,false,,false
12287,Κ. Τρίμμης,false,false,false,,false
12288,Γιά. Μέτσικας,false,false,false,,false
12289,Χρ. Κολοκοτρώνης (Δαλιάνης ;),false,false,false,,false
12290,Αντ. Τσίχλα,false,false,false,,false
12291,Βαρβάρα Τσιμπούλη,false,false,false,,false
12292,S. Sarikaya,false,false,false,,false
12293,Cecilia - απόδοση στα ελλην. Γιώ. Ρουβέλας,false,false,false,,false
12294,Μενέλαος Θεοφιλόπουλος,false,false,false,,false
12295,"Λένα Κουτσούκου, Παν. Κουτσούκος",false,false,false,,false
12296,Κορίνα Καπτάνη,false,false,false,,false
12297,K. Munro  - απόδοση στα ελλην. Σέβη Τηλιακού,false,false,false,,false
12298,"P. Servan, Pallavicini Leoni",false,false,false,,false
12299,Κ. Μανιατάκης,false,false,false,,false
12300,Νικ. Μπουρνέλης (Λ. Μπουρνέλης ;),false,false,false,,false
12301,Δ. Χατζηθεολόγου,false,false,false,,false
12302,Περιστέρης (παραδοσιακό),false,false,false,,false
12303,Παύλος Φωτιάδης,false,false,false,,false
12304,Θ. Μικρούτσικος ή Λ. Αδαμόπουλος,false,false,false,,false
12305,Πάν. Γκόγκας,false,false,false,,false
12306,Σταμ. Χατζηδάκης,false,false,false,,false
12307,παραδοσιακό Κερασούντας,false,false,false,,false
12308,Λουδοβίκος των Ανωγείων,false,false,false,,false
12309,"Γ. Μηλιώνης, Ν. Καρακατσάνης",false,false,false,,false
12310,Παπασιδέρης,false,false,false,,false
12311,Ηρώ Τριγώνη,false,false,false,,false
12312,Δημ. Γκούμας,false,false,false,,false
12313,S. Yardatapan - απόδοση στα ελλην. Τάκης Καρνάτσος,false,false,false,,false
12314,Παν. Οικονομίδης,false,false,false,,false
12315,"Χρυσίνης, Σταύρος Παντελίδης (Κολοκοτρώνης)",false,false,false,,false
12316,Luis Aguile,false,false,false,,false
12317,Ν. Τράγκας,false,false,false,,false
12318,Αθαν. Αναστόπουλος,false,false,false,,false
12319,"Γιατράς, Ειρ. Χρυσοβέργη",false,false,false,,false
12320,Blackwood,false,false,false,,false
12321,Στέλ. Βαμβακάρης,false,false,false,,false
12322,Παν. Νικολαΐδης,false,false,false,,false
12323,Δερβενιώτης (ή Καρανικόλας ;),false,false,false,,false
12324,Ν. Μάτσας,false,false,false,,false
12325,Ζοζέφ Τερζιβασιάν,false,false,false,,false
12326,Τάσος Κουτσώλης,false,false,false,,false
12327,Λ. Κατσαρόπουλος,false,false,false,,false
12328,J. Mou... - απόδοση στα ελλην. Λ. Ρένης,false,false,false,,false
12329,"Ηλ. Ασβεστόπουλος, Α. Πιτσολάντης",false,false,false,,false
12330,Γιά. Αντωνόπουλος,false,false,false,,false
12331,Chris de Burgh,false,false,false,,false
12332,E. Holland,false,false,false,,false
12333,Γιά. Κυριαζής (Παπαγιαννοπούλου),false,false,false,,false
12334,Α. Αγγελάκης,false,false,false,,false
12335,A. Lo Vecchio,false,false,false,,false
12336,Γιώ. Βεντούρας,false,false,false,,false
12337,Ν. Ταλαγιάννης,false,false,false,,false
12338,Π. Αλεξάνδρου,false,false,false,,false
12339,Ζαχ. Δελμούζος,false,false,false,,false
12340,Γ. Γκάμαρης,false,false,false,,false
12341,Ρ. Ψαρρά,false,false,false,,false
12342,Ρ. Ανδρουλάκης,false,false,false,,false
12343,Δημ. Φραντζεσκάκης ;,false,false,false,,false
12344,Π. Κουτρουμάνος,false,false,false,,false
12345,Γιά. Μέρτικας,false,false,false,,false
12346,Χάρις Αλεξίου,false,false,false,,false
12347,Στρατής Σταρόγιαννης,false,false,false,,false
12348,Βάϊος Μαλλιάρας,false,false,false,,false
12349,Λίτσα Χέλη,false,false,false,,false
12350,Κυρ. Διαλεχτός,false,false,false,,false
12351,Στέλιος Θεοδοσίου,false,false,false,,false
12352,Μηλιώκας,false,false,false,,false
12353,"Boris Rudosch..., Tony Perdone",false,false,false,,false
12354,Donida - απόδοση στα ελλην. Αθ. Τσόγκας,false,false,false,,false
12355,Πάνος Καλλέλης,false,false,false,,false
12356,Μ. Μαχαιρίτσα,false,false,false,,false
12357,Μάνος Ξυδούς,false,false,false,,false
12358,Στέλλα Μαρκίδου,false,false,false,,false
12359,Michael Fennelly,false,false,false,,false
12360,Μπάτης ή Μάθεσης,false,false,false,,false
12361,Γ. Τσαϊλκόπουλος,false,false,false,,false
12362,Χρ. Σαββόπουλος,false,false,false,,false
12363,Βασ. (;) Σούκας,false,false,false,,false
12364,Αχ. Παπαδημητρίου,false,false,false,,false
12365,Louzi Moustaki,false,false,false,,false
12366,Αντ. Σκόκος,false,false,false,,false
12367,Σοφία Βέμπο,false,false,false,,false
12368,Ricardo Credi,false,false,false,,false
12369,Brasola,false,false,false,,false
12370,Δ. Παπαεμμανουήλ (παραδοσιακό),false,false,false,,false
12371,Ν. Μεϊμάρης,false,false,false,,false
12372,Γρ. Πετρίδης,false,false,false,,false
12373,Στ. Φλωρόπουλος,false,false,false,,false
12374,Β. Μιχαηλίδης,false,false,false,,false
12375,L. Beretta,false,false,false,,false
12376,R. Arcusa - απόδοση στα ελλην. Ν. Ελληναίος,false,false,false,,false
12377,Γ. Κόκκαλης,false,false,false,,false
12378,Ι. Ηλιάδης,false,false,false,,false
12379,Χιώτης (Μουρκάκος ;),false,false,false,,false
12380,Αργυρώ Καλλιγά,false,false,false,,false
12381,"Ζωή Καραϊσκάκη (Ζωή Νάχη), Μιχ. Χωραφάς",false,false,false,,false
12382,Energge,false,false,false,,false
12383,Α. Κωστής,false,false,false,,false
12384,Niessn,false,false,false,,false
12385,"Γ. Αγγελόπουλος, Ι. Θωμόπουλος",false,false,false,,false
12386,Αντ. Βενιέρης,false,false,false,,false
12387,Μ. Esperon,false,false,false,,false
12388,Μ. Πετροπουλάκης,false,false,false,,false
12389,παραδοσιακό Σμύρνης ή Σέμσης ;,false,false,false,,false
12390,Γυφτογιώργης,false,false,false,,false
12391,Λορέτα Μακ Κένικ,false,false,false,,false
12392,Γιώ. Λεκάκης,false,false,false,,false
12393,P. Pintucchi - απόδοση στα ελλην. Αθαν. Τσόγκας,false,false,false,,false
12394,Γ. Μαργιολάς,false,false,false,,false
12395,Λέανδρος Κοκκόρης,false,false,false,,false
12396,Σπ. Παχής,false,false,false,,false
12397,Γιά. Καλούσης,false,false,false,,false
12398,Τάκης Λαβίδας (και Δημ. Ατραΐδης ;),false,false,false,,false
12399,Π. Πρωτοψάλτης,false,false,false,,false
12400,Ρεβέμπερι - απόδοση στα ελλην. Ν. Μαστοράκης,false,false,false,,false
12401,ΔΥ,false,false,false,,false
12402,Boomerang,false,false,false,,false
12403,Γιά. Παπαϊωάννου,false,false,false,,false
12404,Robert Van Leeuwen - απόδοση στα ελλην. Σέβη Τηλιακού,false,false,false,,false
12405,"A, Magdalena - απόδοση στα ελλην. Γιώ. Κανελλόπουλος",false,false,false,,false
12406,Καλδάρας (Βίρβος),false,false,false,,false
12407,Δ. Λαδόπουλος (Μανησαλής),false,false,false,,false
12408,Γιώ. Μαριολάς,false,false,false,,false
12409,Φ. Πολίτης,false,false,false,,false
12410,Περ. Βέρτζος,false,false,false,,false
12411,Reddy Hoff,false,false,false,,false
12412,Βαρβ. Τσιμπούλη,false,false,false,,false
12413,παραδοσιακό-διασκευή Δ. Σαμίου,false,false,false,,false
12414,Τάσ. Οικονόμου,false,false,false,,false
12415,Απ. Δημητρακόπουλος,false,false,false,,false
12416,B. Mason - απόδοση στα ελλην. Αθ. Τσόγκας,false,false,false,,false
12417,Μ. Αντόνοβα,false,false,false,,false
12418,Γιώ. Κλεφτογιώργος,false,false,false,,false
12419,Cooperelby),false,false,false,,false
12420,Diana Oberst,false,false,false,,false
12421,Τ. Ζυγάμης,false,false,false,,false
12422,Γιώ. Μανάρας,false,false,false,,false
12423,Αργ. Αμίτσης,false,false,false,,false
12424,"Γ. Δροσόπουλος (Χρ. Γεωργιάδης, Γρ. Δροσόπουλος)",false,false,false,,false
12425,Αντ. Πολίτης ;,false,false,false,,false
12426,Fransis Lai - απόδοση στα ελλην. Ν. Ελληναίος,false,false,false,,false
12427,Γιώ. Δερέμπεης,false,false,false,,false
12428,Κ. Βελλάς,false,false,false,,false
12429,Θ. Μικρούτσικος ή Ξέμπαρκοι,false,false,false,,false
12430,μετάφραση Χρ. Σαμουηλίδης,false,false,false,,false
12431,Γιώ. Καλαμαριώτης,false,false,false,,false
12432,Βαγγ. Γερμανός,false,false,false,,false
12433,"Καλδάρας, Δημ. Ρήτας",false,false,false,,false
12434,Δημ. Βλαχαγγέλης,false,false,false,,false
12435,Γιά. Δραγάτσης (Ογδοντάκης) (ή Μ. Μάτσας ;),false,false,false,,false
12436,Χρ. Στρουμπούλης,false,false,false,,false
12437,Γ. Κεφαλάς,false,false,false,,false
12438,Λουδ. Σπινέλης,false,false,false,,false
12439,Ανδρ. Οικονόμου,false,false,false,,false
12440,Παντ. Αμπαζής,false,false,false,,false
12441,"Γιώ. Παπαστεφάνου, Κ. Κωστούλας",false,false,false,,false
12442,Vinicius de Moraes,false,false,false,,false
12443,Ηλ. Γιαβρής,false,false,false,,false
12444,Γιώ. Σκλαβαινίτης,false,false,false,,false
12445,Γιά. Ελευθεριάδης,false,false,false,,false
12446,διασκευή Κόρος,false,false,false,,false
12447,Βέτα Μπετίνι,false,false,false,,false
12448,L. Ravel,false,false,false,,false
12449,Δημ. Νήρας,false,false,false,,false
12450,Ιάκ. Ηλίας,false,false,false,,false
12451,Ασπασούλα Θεοχαράτου,false,false,false,,false
12452,Ιωάν. Μαηκαντής,false,false,false,,false
12453,U. Beloamo - απόδοση στα ελλην. Μ. Αντωνόπουλος,false,false,false,,false
12454,Δημ. Ρόδιος,false,false,false,,false
12455,Ιωάννα Μυγιάκη,false,false,false,,false
12456,Μίμης Τραϊφόρος,false,false,false,,false
12457,Ζ. Μουτέ,false,false,false,,false
12458,Τσιτσάνης ή Γεωργακοπούλου ή Χ. Βασιλειάδης,false,false,false,,false
12459,Μαν. Πασπαράκης,false,false,false,,false
12460,Στ. Σπεράντσας,false,false,false,,false
12461,Γ. Νεγρεπόντης,false,false,false,,false
12462,"Ντ. Βούλγαρης, Γιώ. Λαζαρίδης",false,false,false,,false
12463,"Ramirez, P. Galimbo",false,false,false,,false
12464,Λάκ. Μιχαηλίδης,false,false,false,,false
12465,Ισιδώρα Καμαρινέα,false,false,false,,false
12466,Γ. Ζέρβας,false,false,false,,false
12467,Κ. Μπογδάνος,false,false,false,,false
12468,Κυρ. Χαραλαμπίδης,false,false,false,,false
12469,Τάκης Μαρίνος,false,false,false,,false
12470,Γιώ. Χατζηγεωργίου,false,false,false,,false
12471,Κ. Μπαλαχούτης,false,false,false,,false
12472,Πάνος Κουτέλης,false,false,false,,false
12473,Μιχ. Γαβριηλίδης,false,false,false,,false
12474,E. Garrosa,false,false,false,,false
12475,Βίνυ Σανιάνου,false,false,false,,false
12476,Λευτ. Ασυθιανάκης,false,false,false,,false
12477,Γιά. Τζουανόπουλος,false,false,false,,false
12478,Manuel De La Calva - απόδοση στα ελλην. Αθ. Τσόγκας,false,false,false,,false
12479,T. Pinelli,false,false,false,,false
12480,Γιώ. Οργατζίδης,false,false,false,,false
12481,Βασ. Κλουβάτος,false,false,false,,false
12482,Γιώ. Μακρής,false,false,false,,false
12483,Enrico Pianori,false,false,false,,false
12484,Γιώ. Νεστορόπουλος,false,false,false,,false
12485,Ιωάν. Χατζής,false,false,false,,false
12486,"Fakir, Perry - απόδοση στα ελλην. Μ. Ρεβάντης",false,false,false,,false
12487,Ελ. Τσαγκάρη,false,false,false,,false
12488,Μάκης,false,false,false,,false
12489,Νίντα Κανάκη,false,false,false,,false
12490,Ι. Γεωργίου,false,false,false,,false
12491,Αριστ. Μόσχος,false,false,false,,false
12492,Vincent Scotto,false,false,false,,false
12493,Πολυµέρης,false,false,false,,false
12494,Γιά. Κοτσίδης,false,false,false,,false
12495,Μιχ. Τζουγανάκης,false,false,false,,false
12496,Λάκης Λαζόπουλος,false,false,false,,false
12497,Δ. Γιαλαμάς,false,false,false,,false
12498,Dyhr,false,false,false,,false
12499,παραδοσιακό Αρτάκης,false,false,false,,false
12500,"Κ. Μάνεσης, Κρέων Ρηγόπουλος",false,false,false,,false
12501,Γιώ. Τσεκούρας,false,false,false,,false
12502,Θοδωράκης Καμπουρίδης,false,false,false,,false
12503,Στ. Κερομύτης,false,false,false,,false
12504,Ρέτη Ταµπακοπούλου,false,false,false,,false
12505,Τζίμης Πανούσης,false,false,false,,false
12506,Νικόλαος Ι. Λάσκαρης,false,false,false,,false
12507,Βαγγ. Σαλαβάρης (Βαγγ. Δεληγιάννης),false,false,false,,false
12508,Σόφη Παππά,false,false,false,,false
12509,Γιώ. Αραπάκης,false,false,false,,false
12510,Δημ. Ευσταθίου ;,false,false,false,,false
12511,Κατ. Πανάγου,false,false,false,,false
12512,"Κ. Κοντογιώργος, Βασ. Τρομάρας",false,false,false,,false
12513,Ν. Τσαβαρής,false,false,false,,false
12514,E. Fleuers,false,false,false,,false
12515,"Γιώ. Αρβανιτάκης, Χρ. Σερδινιάρης, Ι. Πολέμης",false,false,false,,false
12516,Αιγύπτιος,false,false,false,,false
12517,B. Gibb - απόδοση στα ελλην. Μάικ Ροζάκης,false,false,false,,false
12518,Χρ. Μαγκαφάς,false,false,false,,false
12519,Παύλος Ναλμπάντης,false,false,false,,false
12520,Κολοκοτρώνης (Μπακάλης),false,false,false,,false
12521,Στέλλα Χασκίλ (Χαρ. Βασιλειάδης),false,false,false,,false
12522,Τασούλα Θωμαΐδου,false,false,false,,false
12523, Γκάτσος,false,false,false,,false
12524,Φώτης Θεοδωρίδης,false,false,false,,false
12525,Λαύκας (Χ. Βασιλειάδης ;),false,false,false,,false
12526,Π. Παναγιωτόπουλος,false,false,false,,false
12527,J. Moutet,false,false,false,,false
12528,Tony Eyers,false,false,false,,false
12529,Χ. Ασβεστόπουλος,false,false,false,,false
12530,Κηλαηδόνης,false,false,false,,false
12531,"Benny Anderson, Sting Anderson",false,false,false,,false
12532,Νάσ. Νάκας,false,false,false,,false
12533,Σπ. Καλφόπουλος (ή Σ. Καλφοπούλου ;),false,false,false,,false
12534,Λάζ. Θωμάκος,false,false,false,,false
12535,Μπ. Λασκαράκης,false,false,false,,false
12536,Θαν. Τσόγκας,false,false,false,,false
12537,Graham Nash,false,false,false,,false
12538,Σπ. Ψυλλάκης,false,false,false,,false
12539,Θαν. Δεληγιάννης,false,false,false,,false
12540,Στ. Φουσταλιεράκης,false,false,false,,false
12541,Γ. Κουλαξίζης,false,false,false,,false
12542,Rotman,false,false,false,,false
12543,Αγ. Τομπούλης (παραδοσιακό ;),false,false,false,,false
12544,Κ. Θωμαδάκης,false,false,false,,false
12545,Ι. Κοντοκάνης,false,false,false,,false
12546,Α. Ροδινός,false,false,false,,false
12547,Στ. Μπέλλος,false,false,false,,false
12548,Munro,false,false,false,,false
12549,Κ. Θωμαΐδης,false,false,false,,false
12550,Χρ. Σκαλτσουνάκης,false,false,false,,false
12551,R. Banatzky,false,false,false,,false
12552,Σ. Δέδες,false,false,false,,false
12553,Αναστ. Βάσιος,false,false,false,,false
12554,Γιώ. Παπαδάκης,false,false,false,,false
12555,Sezen Aksu,false,false,false,,false
12556,"Χρ. Γιαννακόπoυλoς, Αλ. Σακελλάριος",false,false,false,,false
12557,Έλλη Παπαδημητρίου,false,false,false,,false
12558,Φ. Χαλουλάκος,false,false,false,,false
12559,"Δημ. Ορφανίδης, Μ. Γιώργαρης",false,false,false,,false
12560,Στ. Γεράνης,false,false,false,,false
12561,Γ. Κανελλόπουλος,false,false,false,,false
12562,Σ. Κεφάλας,false,false,false,,false
12563,Επ. Κύτταρης,false,false,false,,false
12564,Παν. Παπαχατζής,false,false,false,,false
12565,Γιά. Παλαιολόγου,false,false,false,,false
12566,Ιγνατιάδης,false,false,false,,false
12567,Ν.Πανδής,false,false,false,,false
12568,Μάνος Αχαλινωτόπουλος,false,false,false,,false
12569,"Sondheim, Devilli",false,false,false,,false
12570,Ανδρ. Τουμαζής,false,false,false,,false
12571,Dasho Kurti,false,false,false,,false
12572,Ε. Μωραΐτης (Περιστέρης),false,false,false,,false
12573,B. Lauzi,false,false,false,,false
12574,Ι. Αρκάς,false,false,false,,false
12575,Χρυσίνης,false,false,false,,false
12576,Κ. Λαμπράκης,false,false,false,,false
12577,Π. Κικριλής,false,false,false,,false
12578,Αρ. Τριανταφυλλίδης,false,false,false,,false
12579,Μ. Γιαννούλης,false,false,false,,false
12580,Αλ. Φιλίππου,false,false,false,,false
12581,Χ. Οικονομίδης,false,false,false,,false
12582,Καζαντζίδης-Νικολόπουλος,false,false,false,,false
12583,Ν. Ιωάννου,false,false,false,,false
12584,Π. Ανδρόνικος,false,false,false,,false
12585,Βαρτάνη,false,false,false,,false
12586,Γκρέυ,false,false,false,,false
12587,Λιάνα Τυπάλδου,false,false,false,,false
12588,Γ. Βοντογιώργης,false,false,false,,false
12589,Πότης Κατράκης,false,false,false,,false
12590,Πετσάς (Παπαγιαννοπούλου ;),false,false,false,,false
12591,ελλην. στίχοι: Ν. Μωραΐτης,false,false,false,,false
12592,Αγγ. Τολμίδου,false,false,false,,false
12593,Jenny Mastorakis,false,false,false,,false
12594,"Παν. Μιχαλόπουλος, Χαρά Μιχαλοπούλου",false,false,false,,false
12595,Α. Οικονόμου,false,false,false,,false
12596,Θόδ. Ρουμπάνης,false,false,false,,false
12597,Tedis (Τέτος Δημητριάδης),false,false,false,,false
12598,Σάκης Πολλάτος,false,false,false,,false
12599,"Ferdinando de Luca, Miki del Prete - απόδοση στα ελλην. Γιώ. Παπαστεφάνου",false,false,false,,false
12600,Ζωή Καραϊσκάκη (Ζωή Νάχη),false,false,false,,false
12601,Στ. Καλαϊτζής,false,false,false,,false
12602,Κ. Πιστέλας,false,false,false,,false
12603,Ζ. Κορίνθιος (Ν. Φατσέας),false,false,false,,false
12604,Βασ. Σαλαμούρας,false,false,false,,false
12605,Δήμ. Ξαρχογιαννάκου,false,false,false,,false
12606,Ε. Μαρκογιαννάκης (Μαρκοβαγγέλης),false,false,false,,false
12607,Ειρήνη Χάλκου,false,false,false,,false
12608,Οδ. Εισαγγελέας,false,false,false,,false
12609,M. Shuman,false,false,false,,false
12610,Θ. Ρούσσος,false,false,false,,false
12611,Δ. Βλάχος,false,false,false,,false
12612,Ι. Λογοθέτης (ο Λογο ;),false,false,false,,false
12613,Γ. Γκατζιούλης,false,false,false,,false
12614,Χρ. Κυριαζής,false,false,false,,false
12615,Gold,false,false,false,,false
12616,G. Cudsi,false,false,false,,false
12617,Μαργαρίτης,false,false,false,,false
12618,Β. Τεκνετζόγλου,false,false,false,,false
12619,Αλ. Κατινάς,false,false,false,,false
12620,L. Pilat - απόδοση στα ελλην. Ν. Ελληναίος,false,false,false,,false
12621,"Βασ. Καρράς, Γιά. Ντούνας",false,false,false,,false
12622,Αφοί Τζαβάρα,false,false,false,,false
12623,Χ. Ατσιδαύτης,false,false,false,,false
12624,Wright,false,false,false,,false
12625,Ιωάν. Τάχτας,false,false,false,,false
12626,Δ. Κασσάς,false,false,false,,false
12627,Ν. Λάσκαρης,false,false,false,,false
12628,Γεύση Σαχπενδέρη,false,false,false,,false
12629,Χαρ. Βασιλειάδης,false,false,false,,false
12630,E. Riccardi,false,false,false,,false
12631,"Χρυσίνης, Παν. Χρυσίνης",false,false,false,,false
12632,Μ. Θειόπουλος,false,false,false,,false
12633,Γραμματική Θεοδωροπούλου,false,false,false,,false
12634,Φώτης Δάρας,false,false,false,,false
12635,Φ. Ιακωβίδης,false,false,false,,false
12636,Τ. Αγιοβλασίτης,false,false,false,,false
12637,Μαρ. Μακρής,false,false,false,,false
12638,Θεόδωρος Ζάκας,false,false,false,,false
12639,Lint Ballard junior,false,false,false,,false
12640,Χρ. Προμύρας,false,false,false,,false
12641,Στέφ. Φωτιάδης,false,false,false,,false
12642,Κυρ.Κεραυνός,false,false,false,,false
12643,"Αλ. Παπαδημητρίου, Ν. Ιγνατιάδης",false,false,false,,false
12644,Ι. Σκαλίδης,false,false,false,,false
12645,Αντ. Λύκος,false,false,false,,false
12646,Ευάγγ. Γρυπάρης,false,false,false,,false
12647,Μ. Παπανδρέου,false,false,false,,false
12648,Γιώ. Μπίλλης ;,false,false,false,,false
12649,F. Lai,false,false,false,,false
12650,Κ. Κοινούσης,false,false,false,,false
12651,Robin Mannix - απόδοση στα ελλην. Δημ. Ιατρόπουλος,false,false,false,,false
12652,Απ. Πούλιος,false,false,false,,false
12653,Ν. Άσιμος ή Τσακνής,false,false,false,,false
12654,Καμπανέλης,false,false,false,,false
12655,Ι. Μαρκογιαννάκης,false,false,false,,false
12656," Ασημ. Γιαλαμάς, Γ. Θίσβιος, Κ. Πρετεντέρης",false,false,false,,false
12657,Ιωάν. Συμεωνίδης,false,false,false,,false
12658,Waine,false,false,false,,false
12659,"Μαρία Θωίδου, Θύμιος Ατζακάς",false,false,false,,false
12660,Γιώ. Γκαμάρης,false,false,false,,false
12661,Κ. Διγενάκης,false,false,false,,false
12662,Λ. Ρουσσιάνου,false,false,false,,false
12663,Βαγγ. Βελώνιας,false,false,false,,false
12664,"Γ. Πολίτης, Γ. Θωμόπουλος",false,false,false,,false
12665,Γιώ. Ν. Κιούσης,false,false,false,,false
12666,Ελ. Γιαννοπούλου,false,false,false,,false
12667,Γιά. Τζινιέρης,false,false,false,,false
12668,μετάφραση Σαββόπουλος,false,false,false,,false
12669,Δ. Κούφης,false,false,false,,false
12670,Mark Aryannt,false,false,false,,false
12671,Γκάτσος - διασκευή στα Γαλλικά M. L....,false,false,false,,false
12672,Δημ. Σιμιτσόπουλος,false,false,false,,false
12673,Alice Tori,false,false,false,,false
12674,Άννα Χατζηδάκη,false,false,false,,false
12675,Αντρ. Μικρούτσικος,false,false,false,,false
12676,Έφη Θεοδοσίου,false,false,false,,false
12677,Ντόρα,false,false,false,,false
12678,Π. Λεμπέσης,false,false,false,,false
12679,Βούλα Γκίκα,false,false,false,,false
12680,Στέργιος Θουλιώτης,false,false,false,,false
12681,Δημ. Τσακίρης,false,false,false,,false
12682,"Λ. Αμπατζόγλου, Βασ. Καρράς",false,false,false,,false
12683,Ανδρέας Καράμπελας,false,false,false,,false
12684,"Δημ, Βαρσαμίδης",false,false,false,,false
12685,Ν. Ιγνατιάδης,false,false,false,,false
12686,Π. Λυβικός,false,false,false,,false
12687,Ηρ. Ζαχαριάδης,false,false,false,,false
12688,Βαγγ. Μαρκαντώνης,false,false,false,,false
12689,E. Sorolof,false,false,false,,false
12690,Παπαδόπουλος,false,false,false,,false
12691,Αναστασία Μουτσάτσου,false,false,false,,false
12692,Δημ. Σταλήμερος,false,false,false,,false
12693,Πέτρος Ποίμης,false,false,false,,false
12694,Αντ. Πλωμαρίτης,false,false,false,,false
12695,Κατ. Σταμούλη,false,false,false,,false
12696,Ν. Ντιβανίδης,false,false,false,,false
12697,S. Woods,false,false,false,,false
12698,Τ. Μουζάκης,false,false,false,,false
12699,Αγγέλου,false,false,false,,false
12700,Περιστέρης ή Στελλάκης Περπινιάδης και Σταύρος Παντελίδης,false,false,false,,false
12701,Μ. Τόμπαρης,false,false,false,,false
12702,Ζαχ. Κασιμάτης (και Περιστέρης ;),false,false,false,,false
12703,Ηλ. Κουρτογιάννης,false,false,false,,false
12704,Νίνου,false,false,false,,false
12705,Λίτσα Σταματοπούλου,false,false,false,,false
12706,Κυριακή Μπεϊόγλου,false,false,false,,false
12707,Mabel Wayne - απόδοση στα ελλην. Φ. Μπακάλης,false,false,false,,false
12708,"Βίσση, Στέλ. Βλαβιανός",false,false,false,,false
12709,Ανδρ. Καράμπελας,false,false,false,,false
12710,Βαρτάνης,false,false,false,,false
12711,R. Arcusa,false,false,false,,false
12712,Σπ. Ολανδέζος,false,false,false,,false
12713,Γιά. Γιαβάρας,false,false,false,,false
12714,Τώνης Μαρούδας,false,false,false,,false
12715,Γιά. Παπαντωνίου,false,false,false,,false
12716,Μ. Χρηστίδης,false,false,false,,false
12717,Β. Κουτσοθανάσης,false,false,false,,false
12718,Γιώ. Καλτσίδης,false,false,false,,false
12719,Έλλη Δραμινού (ή Γραμμινού),false,false,false,,false
12720,Γ. Καλαμαργιώτης,false,false,false,,false
12721,Τ. Μουσαφίρης,false,false,false,,false
12722,Δ. Ζάχος,false,false,false,,false
12723,Ε. Μακρής,false,false,false,,false
12724,Redding,false,false,false,,false
12725,Κωστής Φραγκούλης,false,false,false,,false
12726,Δ. Πετράκος,false,false,false,,false
12727,DIDIER BARBELIVIEN - απόδοση στα ελλην. Χάρις Αλεξίου,false,false,false,,false
12728,Στ. Λιθαδιώτης,false,false,false,,false
12729,Πασχάλης,false,false,false,,false
12730,Λ. Χατζής,false,false,false,,false
12731,"Zouli, Cucchiaro",false,false,false,,false
12732,Γιώ. Ράντης,false,false,false,,false
12733,Πάνος Σταθάκης,false,false,false,,false
12734,διασκευή Δημ. Παπαποστόλου,false,false,false,,false
12735,Θεόφιλος Βερύκιος,false,false,false,,false
12736,Μιχ. Μπουρμπούλης,false,false,false,,false
12737,Γιώ. Σουρής,false,false,false,,false
12738,Οαν. Πολυκανδριώτης,false,false,false,,false
12739,Σωτήρης Κόρδας,false,false,false,,false
12740,Γιά. Κοτσάφτης,false,false,false,,false
12741,Πετσάς (Χ. Βασιλειάδης),false,false,false,,false
12742,Δ. Καράμαλης,false,false,false,,false
12743,Αντ. Φαλτάιτς,false,false,false,,false
12744,Κουάρτο Ποζέλλι,false,false,false,,false
12745,Π. Χρυσίνης,false,false,false,,false
12746,H. Simeone,false,false,false,,false
12747,Μεν. Λουντέμης,false,false,false,,false
12748,R. Beck,false,false,false,,false
12749,Λαϊκό Ιρλανδέζικο - απόδοση στα ελλην. Λ. Παπαδόπουλος,false,false,false,,false
12750,Ι. Μαγειρόπουλος,false,false,false,,false
12751,M. Lidsay - απόδοση στα ελλην. Θαν. Τσόγκας,false,false,false,,false
12752,D. A. Dear,false,false,false,,false
12753,παραδοσιακό Καρπάθου - διασκευή Λουδοβίκος,false,false,false,,false
12754,Μπ. Λιβιεράτος,false,false,false,,false
12755,Pedro Ayres Magalhaes,false,false,false,,false
12756,Κ. Τσερώνης,false,false,false,,false
12757,Θ. Κουτσουράκης,false,false,false,,false
12758,Δημ. Παπαδόπουλος,false,false,false,,false
12759,Βαγγ. Μπαλλής (Παπαγιαννοπούλου),false,false,false,,false
12760,Αλ Λασκαρίδης,false,false,false,,false
12761,Ciroulli,false,false,false,,false
12762,Από τη Misa Criola,false,false,false,,false
12763,Γιώ. Βλάσσης,false,false,false,,false
12764,Βάσω Αλαγιάννη,false,false,false,,false
12765,Λ. Κυριακάκος,false,false,false,,false
12766,Μ. Νικοφόρος,false,false,false,,false
12767,Ν. Τσιφόρος,false,false,false,,false
12768,Αλ. Πρίφας,false,false,false,,false
12769,"Άγγ. Σκορδίλης, Β. Κανταρτζής",false,false,false,,false
12770,Τέτος Δηµητριάδης,false,false,false,,false
12771,Μητσάκης - διασκευή Νικολαΐδης,false,false,false,,false
12772,"Θ. Λώλος, Ι. Συμεωνίδης",false,false,false,,false
12773,"Μάνος Ξυδούς, Φίλ. Πλιάτσικας, Μπ. Στόκας",false,false,false,,false
12774,Ματθ. Φελώνης,false,false,false,,false
12775,Γ. Βενεκάς,false,false,false,,false
12776,Ευάγγ. Πορτούλας,false,false,false,,false
12777,Ανδρ. Ζαχαρόπουλος,false,false,false,,false
12778,V. Puggy ;,false,false,false,,false
12779,Ken Hensley,false,false,false,,false
12780,Gunder Loosa - απόδοση στα ελλην. Αθ. Τσόγκας,false,false,false,,false
12781,Ν. Στεφανίδης,false,false,false,,false
12782,Ζαχαρίας Ρόχας ή Μάνος Τσιλιμίδης ή Τασούλα Θωμαΐδου,false,false,false,,false
12783,T. Roe,false,false,false,,false
12784,"Γιώ. Οικονομίδης, Γιώ. Πρετεντέρης",false,false,false,,false
12785,Ρ. Κωνσταντίνος,false,false,false,,false
12786,Γ. Σκάγιας,false,false,false,,false
12787,Αντ. Ξανθάκης,false,false,false,,false
12788,Α. Τσίχλας,false,false,false,,false
12789,"Γιά. Σπάθας, Αντ. Τουρκογιώργης, Γιώ. Τρανταλίδης",false,false,false,,false
12790,Ν. Φιλίππου (Τουρκάκης),false,false,false,,false
12791,Παν. Βούλτσος,false,false,false,,false
12792,Μεν. Ορφανίδης,false,false,false,,false
12793,Παν. Μιχαλόπουλος (παραδοσιακό),false,false,false,,false
12794,"Κ. Σούκας, Αλ. Κιτσάκης",false,false,false,,false
12795,Δ. Φρατζεσκάκης,false,false,false,,false
12796,Levy-Νότης Κύταρης,false,false,false,,false
12797,διασκευή Κυρ. Στεργίου,false,false,false,,false
12798,R. Dalles,false,false,false,,false
12799,Στρατής Παλαιολόγος,false,false,false,,false
12800,Λούση Καραγεωργίου,false,false,false,,false
12801,Γιώ. & Στ. Κουτσουρέλης,false,false,false,,false
12802,Σ. Τσώτου,false,false,false,,false
12803,Μαντζούνης,false,false,false,,false
12804,Αργ. Καμπέρης,false,false,false,,false
12805,Φ. Κανελοπούλου,false,false,false,,false
12806,Κόρος;,false,false,false,,false
12807,Βαγγ. Σούκας (Σαρ. Τσιλιβερδής),false,false,false,,false
12808,Τ. Ιερεμίας,false,false,false,,false
12809,OMMO TUHS - διασκευή Γ. Ανδρέου,false,false,false,,false
12810,Α. Μαρίνος,false,false,false,,false
12811,Αλκιβιάδης Βίσφος (Άκης Σμυρναίος),false,false,false,,false
12812,Κ. Στεφανίδης,false,false,false,,false
12813,Γ. Δημτρίου,false,false,false,,false
12814,V. Scotto,false,false,false,,false
12815,Τάσος Μουλατσιώτης,false,false,false,,false
12816,Α. Βουρνέττας,false,false,false,,false
12817,Μιχ. Μαχλής,false,false,false,,false
12818,Ε. Ενεζλής,false,false,false,,false
12819,Γιά. Τζιμπλάκης,false,false,false,,false
12820,Γιώ. Κάβουρας,false,false,false,,false
12821,Άλκης Κακαλιάγκος,false,false,false,,false
12822,Χρ. Αξιώτης,false,false,false,,false
12823,Σωτ. Σιαπκάρας,false,false,false,,false
12824,Στεφανία Χαρσούλα,false,false,false,,false
12825,Socrates,false,false,false,,false
12826,Δαλέζιος (& Χιώτης ;),false,false,false,,false
12827,D. Giotti,false,false,false,,false
12828,Ralph Siegel,false,false,false,,false
12829,Ν. Καπράνος,false,false,false,,false
12830,Ι. Ευστρατιάδης,false,false,false,,false
12831,Πάν. ή Γιά. Κομνηνός,false,false,false,,false
12832,Χρ. Θεοδώρου,false,false,false,,false
12833,Χρυσάφη,false,false,false,,false
12834,Τ. Μαρούδας,false,false,false,,false
12835,Χρυσίνης;,false,false,false,,false
12836,"Κάρολος Μιλάνος, Κώστας Στεργίου",false,false,false,,false
12837,G. Montagne,false,false,false,,false
12838,Ιωάν. Κανελλόπουλος,false,false,false,,false
12839,Eldo di Lazzaro,false,false,false,,false
12840,Kurt Weill,false,false,false,,false
12841,Ηλ. Κυριακόπουλος,false,false,false,,false
12842,Κ. Μπουφής,false,false,false,,false
12843,Μ. Αργυράκης,false,false,false,,false
12844,"l. Aquile, Pieratti",false,false,false,,false
12845,Πέτρος Μίσκος,false,false,false,,false
12846,Ρόνη Σοφού,false,false,false,,false
12847,Μαρκόπουλος,false,false,false,,false
12848,Γ. Παπαμιχάλης,false,false,false,,false
12849,Στ. Περπινιάδης,false,false,false,,false
12850,Αξαμπανόπουλος,false,false,false,,false
12851,Απ. Καραγγελής,false,false,false,,false
12852,Ισίδωρος Παπαδάμου,false,false,false,,false
12853,Μ. Τσιμπανού,false,false,false,,false
12854,Carole King,false,false,false,,false
12855,"Μάνος Ξυδούς, Μπ. Στόκας",false,false,false,,false
12856,Γ. Στάθης,false,false,false,,false
12857,Ανέστης Καμπουρίδης,false,false,false,,false
12858,Στέφ. Νεαμωνιτάκης,false,false,false,,false
12859,Χρ. Μαυριδόπουλος,false,false,false,,false
12860,Λούλης Μαρτζούκος,false,false,false,,false
12861,Κατ. Οικονόμου,false,false,false,,false
12862,Μιχ. Σογιούλ,false,false,false,,false
12863,Λευτ. Βαζαίος,false,false,false,,false
12864,Σταμ. Κουτσοδήμος,false,false,false,,false
12865,Ν. Βλαστός,false,false,false,,false
12866,Στάμος Σέμσης,false,false,false,,false
12867,Paoli,false,false,false,,false
12868,Daniele Pace. Pilar - απόδοση στα ελλην. Αθ. Τσόγκας,false,false,false,,false
12869,"Summer, Moroder",false,false,false,,false
12870,Στρ. Γεωργίου,false,false,false,,false
12871,παρωδία: Γιώ. Θίσβιος,false,false,false,,false
12872,Ευάγγ. Πρέκας,false,false,false,,false
12873,Ν. Χατζηδάκης,false,false,false,,false
12874,M. Gibb,false,false,false,,false
12875,The Juniors,false,false,false,,false
12876,Θαν. Σταυρακάκης,false,false,false,,false
12877,Δ. Βαρσαμίδης,false,false,false,,false
12878,Δ. Μόρφης,false,false,false,,false
12879,"B. Anderson, S. Anderson, B. Ulvaens",false,false,false,,false
12880,Γιώ. Μπαχαράκης,false,false,false,,false
12881,Τ. Κωστόπουλος,false,false,false,,false
12882,Νίνου (Τσιτσάνης ;),false,false,false,,false
12883,Γρ. Στάθης,false,false,false,,false
12884,Ευθ. Ένεζλης,false,false,false,,false
12885,Richards Evans,false,false,false,,false
12886,Γερ. Τζωρτζάτος,false,false,false,,false
12887,Ναπ. Λαπαθιώτης,false,false,false,,false
12888,"Κ. Παπαδόπουλος, Καρνέζης",false,false,false,,false
12889,Ευστ. Παπαδόπουλος,false,false,false,,false
12890,"Περιστέρης, Χρυσίνης",false,false,false,,false
12891,Αρώνης,false,false,false,,false
12892,Σώτα Τσώτου,false,false,false,,false
12893,Αλέξης Μάνος,false,false,false,,false
12894,Γ. Γιαννόπουλος,false,false,false,,false
12895,Μιχ. Πρωτόππαπας,false,false,false,,false
12896,S. CUTUGNO - διασκευή Κ. Σαλής,false,false,false,,false
12897,Γ. Ευαγγέλου (Ευάγγ. Γρυπάρης ;),false,false,false,,false
12898,Δημ. Τζάρας (Α. Νεράτζης ;),false,false,false,,false
12899,Kennedy,false,false,false,,false
12900,Θέμης Αδαμαντίδης,false,false,false,,false
12901,Πέτρος Δελένδας,false,false,false,,false
12902,Οδ. Χατζόπουλος,false,false,false,,false
12903,Γιά. Κιουρτσκόγλου,false,false,false,,false
12904,Richard,false,false,false,,false
12905,Μιχ. Σουγιούλ,false,false,false,,false
12906,Γιώ. Νάκος (παραδοσιακό),false,false,false,,false
12907,"Περιστέρης, Ζακ Ιακωβίδης",false,false,false,,false
12908,Γιά. Αξιώτης,false,false,false,,false
12909,Ευγενία Δρούζα,false,false,false,,false
12910,Φραγκ. Ζουριδάκης,false,false,false,,false
12911,Π. Σταματελάτος,false,false,false,,false
12912,Αντ. Ξυλούρης,false,false,false,,false
